df_idx,category,img_path
3385,textile_handloom,/kaggle/working/images/textile_handloom/7682053603403.jpg
4980,textile_handloom,/kaggle/working/images/textile_handloom/6768028778571.jpg
6154,textile_handloom,/kaggle/working/images/textile_handloom/4627888144459.jpg
5725,textile_handloom,/kaggle/working/images/textile_handloom/6835950190667.jpg
8947,textile_handloom,/kaggle/working/images/textile_handloom/6951049101387.jpg
3126,textile_handloom,/kaggle/working/images/textile_handloom/6823586332747.jpg
8485,textile_handloom,/kaggle/working/images/textile_handloom/6762712367179.jpg
6079,textile_handloom,/kaggle/working/images/textile_handloom/4598271049803.jpg
2177,textile_handloom,/kaggle/working/images/textile_handloom/7247460597835.jpg
2118,textile_handloom,/kaggle/working/images/textile_handloom/7099334656075.jpg
8247,textile_handloom,/kaggle/working/images/textile_handloom/7297052180555.jpg
3495,textile_handloom,/kaggle/working/images/textile_handloom/4676582572107.jpg
2167,textile_handloom,/kaggle/working/images/textile_handloom/4722045911115.jpg
2886,textile_handloom,/kaggle/working/images/textile_handloom/7843194142795.jpg
5687,textile_handloom,/kaggle/working/images/textile_handloom/6819311222859.jpg
2497,textile_handloom,/kaggle/working/images/textile_handloom/4740086464587.jpg
15113,textile_handloom,/kaggle/working/images/textile_handloom/10442338402620.jpg
9139,textile_handloom,/kaggle/working/images/textile_handloom/6857172975691.jpg
3407,textile_handloom,/kaggle/working/images/textile_handloom/6735028322379.jpg
5071,textile_handloom,/kaggle/working/images/textile_handloom/7385712590923.jpg
5873,textile_handloom,/kaggle/working/images/textile_handloom/6770938773579.jpg
6380,textile_handloom,/kaggle/working/images/textile_handloom/6631877214283.jpg
3647,textile_handloom,/kaggle/working/images/textile_handloom/7287211753547.jpg
3221,textile_handloom,/kaggle/working/images/textile_handloom/7099328495691.jpg
9135,textile_handloom,/kaggle/working/images/textile_handloom/6714357383243.jpg
7895,textile_handloom,/kaggle/working/images/textile_handloom/7307400872011.jpg
4209,textile_handloom,/kaggle/working/images/textile_handloom/6768994254923.jpg
7288,textile_handloom,/kaggle/working/images/textile_handloom/6718418026571.jpg
9406,textile_handloom,/kaggle/working/images/textile_handloom/6824142143563.jpg
12022,textile_handloom,/kaggle/working/images/textile_handloom/8228661461187.jpg
11213,textile_handloom,/kaggle/working/images/textile_handloom/8227209380035.jpg
3424,textile_handloom,/kaggle/working/images/textile_handloom/4566228369483.jpg
8903,textile_handloom,/kaggle/working/images/textile_handloom/7225957580875.jpg
9410,textile_handloom,/kaggle/working/images/textile_handloom/7204084416587.jpg
9718,textile_handloom,/kaggle/working/images/textile_handloom/6618747797579.jpg
5076,textile_handloom,/kaggle/working/images/textile_handloom/7494656294987.jpg
6607,textile_handloom,/kaggle/working/images/textile_handloom/4478355832907.jpg
7231,textile_handloom,/kaggle/working/images/textile_handloom/7449099403339.jpg
8189,textile_handloom,/kaggle/working/images/textile_handloom/7457625342027.jpg
3859,textile_handloom,/kaggle/working/images/textile_handloom/6920418361419.jpg
4830,textile_handloom,/kaggle/working/images/textile_handloom/6608115826763.jpg
2489,textile_handloom,/kaggle/working/images/textile_handloom/6814113431627.jpg
2866,textile_handloom,/kaggle/working/images/textile_handloom/6740092551243.jpg
5208,textile_handloom,/kaggle/working/images/textile_handloom/6960941531211.jpg
5777,textile_handloom,/kaggle/working/images/textile_handloom/6585813860427.jpg
3231,textile_handloom,/kaggle/working/images/textile_handloom/6769644372043.jpg
1911,textile_handloom,/kaggle/working/images/textile_handloom/6563174252619.jpg
2887,textile_handloom,/kaggle/working/images/textile_handloom/7843190964299.jpg
2063,textile_handloom,/kaggle/working/images/textile_handloom/6920413806667.jpg
5391,textile_handloom,/kaggle/working/images/textile_handloom/7307392417867.jpg
2153,textile_handloom,/kaggle/working/images/textile_handloom/7289035653195.jpg
11946,textile_handloom,/kaggle/working/images/textile_handloom/8207721529539.jpg
7764,textile_handloom,/kaggle/working/images/textile_handloom/7279177662539.jpg
9378,textile_handloom,/kaggle/working/images/textile_handloom/7458914631755.jpg
9703,textile_handloom,/kaggle/working/images/textile_handloom/7176754659403.jpg
2535,textile_handloom,/kaggle/working/images/textile_handloom/7177428172875.jpg
5624,textile_handloom,/kaggle/working/images/textile_handloom/6695836483659.jpg
2160,textile_handloom,/kaggle/working/images/textile_handloom/4737946255435.jpg
3652,textile_handloom,/kaggle/working/images/textile_handloom/7222450159691.jpg
5034,textile_handloom,/kaggle/working/images/textile_handloom/7385712885835.jpg
1973,textile_handloom,/kaggle/working/images/textile_handloom/7125877981259.jpg
3268,textile_handloom,/kaggle/working/images/textile_handloom/7269502517323.jpg
2204,textile_handloom,/kaggle/working/images/textile_handloom/6623047123019.jpg
5061,textile_handloom,/kaggle/working/images/textile_handloom/6878453432395.jpg
6729,textile_handloom,/kaggle/working/images/textile_handloom/4557701021771.jpg
4070,textile_handloom,/kaggle/working/images/textile_handloom/4703339216971.jpg
5545,textile_handloom,/kaggle/working/images/textile_handloom/6768029401163.jpg
6398,textile_handloom,/kaggle/working/images/textile_handloom/4630871965771.jpg
10896,textile_handloom,/kaggle/working/images/textile_handloom/8255097569475.jpg
3997,textile_handloom,/kaggle/working/images/textile_handloom/6917302288459.jpg
4899,textile_handloom,/kaggle/working/images/textile_handloom/7133364158539.jpg
9688,textile_handloom,/kaggle/working/images/textile_handloom/7457627177035.jpg
1901,textile_handloom,/kaggle/working/images/textile_handloom/4722046337099.jpg
5469,textile_handloom,/kaggle/working/images/textile_handloom/6695107625035.jpg
10295,textile_handloom,/kaggle/working/images/textile_handloom/14947028828355.jpg
5595,textile_handloom,/kaggle/working/images/textile_handloom/6679423975499.jpg
2456,textile_handloom,/kaggle/working/images/textile_handloom/7257856081995.jpg
3422,textile_handloom,/kaggle/working/images/textile_handloom/3980486541387.jpg
7684,textile_handloom,/kaggle/working/images/textile_handloom/7469950861387.jpg
2353,textile_handloom,/kaggle/working/images/textile_handloom/7265344061515.jpg
3288,textile_handloom,/kaggle/working/images/textile_handloom/7287363928139.jpg
8051,textile_handloom,/kaggle/working/images/textile_handloom/6960940187723.jpg
3171,textile_handloom,/kaggle/working/images/textile_handloom/7273581641803.jpg
6172,textile_handloom,/kaggle/working/images/textile_handloom/6737697079371.jpg
8858,textile_handloom,/kaggle/working/images/textile_handloom/7307398611019.jpg
3093,textile_handloom,/kaggle/working/images/textile_handloom/3974665830475.jpg
3754,textile_handloom,/kaggle/working/images/textile_handloom/6705088299083.jpg
3267,textile_handloom,/kaggle/working/images/textile_handloom/7273679454283.jpg
10462,textile_handloom,/kaggle/working/images/textile_handloom/14946003779779.jpg
8825,textile_handloom,/kaggle/working/images/textile_handloom/3980522586187.jpg
4688,textile_handloom,/kaggle/working/images/textile_handloom/4712084439115.jpg
6992,textile_handloom,/kaggle/working/images/textile_handloom/7012160962635.jpg
7767,textile_handloom,/kaggle/working/images/textile_handloom/7439874064459.jpg
1999,textile_handloom,/kaggle/working/images/textile_handloom/6621526917195.jpg
8829,textile_handloom,/kaggle/working/images/textile_handloom/6802946129995.jpg
18658,textile_handloom,/kaggle/working/images/textile_handloom/10278436340028.jpg
8435,textile_handloom,/kaggle/working/images/textile_handloom/7191367712843.jpg
11421,textile_handloom,/kaggle/working/images/textile_handloom/7510682763459.jpg
14182,textile_handloom,/kaggle/working/images/textile_handloom/8604493611193.jpg
3632,textile_handloom,/kaggle/working/images/textile_handloom/6852710662219.jpg
5304,textile_handloom,/kaggle/working/images/textile_handloom/6788018536523.jpg
4619,textile_handloom,/kaggle/working/images/textile_handloom/6579076169803.jpg
2036,textile_handloom,/kaggle/working/images/textile_handloom/6745434226763.jpg
3661,textile_handloom,/kaggle/working/images/textile_handloom/7222450815051.jpg
2300,textile_handloom,/kaggle/working/images/textile_handloom/7045729747019.jpg
4232,textile_handloom,/kaggle/working/images/textile_handloom/6623931367499.jpg
3642,textile_handloom,/kaggle/working/images/textile_handloom/7286837739595.jpg
4846,textile_handloom,/kaggle/working/images/textile_handloom/7385711837259.jpg
4219,textile_handloom,/kaggle/working/images/textile_handloom/7352342446155.jpg
9273,textile_handloom,/kaggle/working/images/textile_handloom/7158724853835.jpg
10992,textile_handloom,/kaggle/working/images/textile_handloom/8242360418499.jpg
9637,textile_handloom,/kaggle/working/images/textile_handloom/6951047692363.jpg
5307,textile_handloom,/kaggle/working/images/textile_handloom/6910473896011.jpg
4236,textile_handloom,/kaggle/working/images/textile_handloom/4539758673995.jpg
9481,textile_handloom,/kaggle/working/images/textile_handloom/4543082856523.jpg
6109,textile_handloom,/kaggle/working/images/textile_handloom/4598270885963.jpg
7098,textile_handloom,/kaggle/working/images/textile_handloom/4427269865547.jpg
5206,textile_handloom,/kaggle/working/images/textile_handloom/6920418164811.jpg
8404,textile_handloom,/kaggle/working/images/textile_handloom/6573030015051.jpg
9423,textile_handloom,/kaggle/working/images/textile_handloom/6662380224587.jpg
3480,textile_handloom,/kaggle/working/images/textile_handloom/3980432965707.jpg
9755,textile_handloom,/kaggle/working/images/textile_handloom/6705908285515.jpg
4224,textile_handloom,/kaggle/working/images/textile_handloom/6942823350347.jpg
3982,textile_handloom,/kaggle/working/images/textile_handloom/6559967379531.jpg
5480,textile_handloom,/kaggle/working/images/textile_handloom/7244133040203.jpg
5013,textile_handloom,/kaggle/working/images/textile_handloom/6724566450251.jpg
4988,textile_handloom,/kaggle/working/images/textile_handloom/6800686481483.jpg
2877,textile_handloom,/kaggle/working/images/textile_handloom/7518489968715.jpg
11446,textile_handloom,/kaggle/working/images/textile_handloom/7569534451907.jpg
2129,textile_handloom,/kaggle/working/images/textile_handloom/6762710859851.jpg
2688,textile_handloom,/kaggle/working/images/textile_handloom/7370554081355.jpg
15348,textile_handloom,/kaggle/working/images/textile_handloom/10378918986044.jpg
5322,textile_handloom,/kaggle/working/images/textile_handloom/7443252084811.jpg
6916,textile_handloom,/kaggle/working/images/textile_handloom/7220210565195.jpg
3579,textile_handloom,/kaggle/working/images/textile_handloom/4566226501707.jpg
3752,textile_handloom,/kaggle/working/images/textile_handloom/6705082269771.jpg
9608,textile_handloom,/kaggle/working/images/textile_handloom/7455740624971.jpg
5593,textile_handloom,/kaggle/working/images/textile_handloom/7236721541195.jpg
5429,textile_handloom,/kaggle/working/images/textile_handloom/7033683148875.jpg
5707,textile_handloom,/kaggle/working/images/textile_handloom/6772640874571.jpg
8524,textile_handloom,/kaggle/working/images/textile_handloom/4651055218763.jpg
6111,textile_handloom,/kaggle/working/images/textile_handloom/6735027994699.jpg
8728,textile_handloom,/kaggle/working/images/textile_handloom/6771835043915.jpg
2306,textile_handloom,/kaggle/working/images/textile_handloom/7273679355979.jpg
3063,textile_handloom,/kaggle/working/images/textile_handloom/7286071656523.jpg
5577,textile_handloom,/kaggle/working/images/textile_handloom/6757528207435.jpg
3488,textile_handloom,/kaggle/working/images/textile_handloom/4676582867019.jpg
5647,textile_handloom,/kaggle/working/images/textile_handloom/6852720263243.jpg
5692,textile_handloom,/kaggle/working/images/textile_handloom/6901690695755.jpg
5992,textile_handloom,/kaggle/working/images/textile_handloom/7439872131147.jpg
17815,textile_handloom,/kaggle/working/images/textile_handloom/9893784322364.jpg
2448,textile_handloom,/kaggle/working/images/textile_handloom/7449084756043.jpg
2955,textile_handloom,/kaggle/working/images/textile_handloom/7287364452427.jpg
10314,textile_handloom,/kaggle/working/images/textile_handloom/14905166201027.jpg
6809,textile_handloom,/kaggle/working/images/textile_handloom/6857244835915.jpg
7915,textile_handloom,/kaggle/working/images/textile_handloom/7273582886987.jpg
12291,textile_handloom,/kaggle/working/images/textile_handloom/14909911630019.jpg
9120,textile_handloom,/kaggle/working/images/textile_handloom/7296099287115.jpg
3597,textile_handloom,/kaggle/working/images/textile_handloom/6813928751179.jpg
4044,textile_handloom,/kaggle/working/images/textile_handloom/6558302273611.jpg
5386,textile_handloom,/kaggle/working/images/textile_handloom/7099331608651.jpg
8422,textile_handloom,/kaggle/working/images/textile_handloom/6587847213131.jpg
6732,textile_handloom,/kaggle/working/images/textile_handloom/4718701248587.jpg
10287,textile_handloom,/kaggle/working/images/textile_handloom/14947028926659.jpg
8632,textile_handloom,/kaggle/working/images/textile_handloom/7247460368459.jpg
18059,textile_handloom,/kaggle/working/images/textile_handloom/9895083245884.jpg
5964,textile_handloom,/kaggle/working/images/textile_handloom/6726813089867.jpg
4302,textile_handloom,/kaggle/working/images/textile_handloom/6607367831627.jpg
7560,textile_handloom,/kaggle/working/images/textile_handloom/7449092948043.jpg
4222,textile_handloom,/kaggle/working/images/textile_handloom/6891986780235.jpg
6367,textile_handloom,/kaggle/working/images/textile_handloom/6558270521419.jpg
11872,textile_handloom,/kaggle/working/images/textile_handloom/14914533032131.jpg
8637,textile_handloom,/kaggle/working/images/textile_handloom/4728106647627.jpg
8652,textile_handloom,/kaggle/working/images/textile_handloom/4703339446347.jpg
3624,textile_handloom,/kaggle/working/images/textile_handloom/6920415084619.jpg
3562,textile_handloom,/kaggle/working/images/textile_handloom/4566225715275.jpg
12617,textile_handloom,/kaggle/working/images/textile_handloom/7646490689731.jpg
4753,textile_handloom,/kaggle/working/images/textile_handloom/7222483058763.jpg
9592,textile_handloom,/kaggle/working/images/textile_handloom/6810299105355.jpg
9609,textile_handloom,/kaggle/working/images/textile_handloom/7012187832395.jpg
2570,textile_handloom,/kaggle/working/images/textile_handloom/7279195357259.jpg
7404,textile_handloom,/kaggle/working/images/textile_handloom/4590707245131.jpg
14317,textile_handloom,/kaggle/working/images/textile_handloom/8494515650745.jpg
6711,textile_handloom,/kaggle/working/images/textile_handloom/6559966462027.jpg
4898,textile_handloom,/kaggle/working/images/textile_handloom/6901646557259.jpg
7491,textile_handloom,/kaggle/working/images/textile_handloom/7394756886603.jpg
14179,textile_handloom,/kaggle/working/images/textile_handloom/8604780560569.jpg
9081,textile_handloom,/kaggle/working/images/textile_handloom/6767344648267.jpg
4287,textile_handloom,/kaggle/working/images/textile_handloom/4716488982603.jpg
5059,textile_handloom,/kaggle/working/images/textile_handloom/7381690875979.jpg
2536,textile_handloom,/kaggle/working/images/textile_handloom/7585524416587.jpg
8788,textile_handloom,/kaggle/working/images/textile_handloom/6920414888011.jpg
3236,textile_handloom,/kaggle/working/images/textile_handloom/7527552647243.jpg
8768,textile_handloom,/kaggle/working/images/textile_handloom/7217874370635.jpg
8456,textile_handloom,/kaggle/working/images/textile_handloom/7368155070539.jpg
3471,textile_handloom,/kaggle/working/images/textile_handloom/3974666616907.jpg
17130,textile_handloom,/kaggle/working/images/textile_handloom/10440040513852.jpg
2772,textile_handloom,/kaggle/working/images/textile_handloom/7279087485003.jpg
8129,textile_handloom,/kaggle/working/images/textile_handloom/7494670843979.jpg
8717,textile_handloom,/kaggle/working/images/textile_handloom/6745477906507.jpg
3810,textile_handloom,/kaggle/working/images/textile_handloom/6705082630219.jpg
8412,textile_handloom,/kaggle/working/images/textile_handloom/6740093534283.jpg
7931,textile_handloom,/kaggle/working/images/textile_handloom/7257848873035.jpg
7260,textile_handloom,/kaggle/working/images/textile_handloom/6820128096331.jpg
8638,textile_handloom,/kaggle/working/images/textile_handloom/7212024201291.jpg
9535,textile_handloom,/kaggle/working/images/textile_handloom/7079629815883.jpg
6086,textile_handloom,/kaggle/working/images/textile_handloom/7500174786635.jpg
10471,textile_handloom,/kaggle/working/images/textile_handloom/14946004402371.jpg
2138,textile_handloom,/kaggle/working/images/textile_handloom/4737946550347.jpg
7020,textile_handloom,/kaggle/working/images/textile_handloom/7394767470667.jpg
4750,textile_handloom,/kaggle/working/images/textile_handloom/6706627608651.jpg
8097,textile_handloom,/kaggle/working/images/textile_handloom/6920418099275.jpg
4205,textile_handloom,/kaggle/working/images/textile_handloom/6836321648715.jpg
2242,textile_handloom,/kaggle/working/images/textile_handloom/6913945763915.jpg
8246,textile_handloom,/kaggle/working/images/textile_handloom/7225958072395.jpg
5724,textile_handloom,/kaggle/working/images/textile_handloom/7340202524747.jpg
4405,textile_handloom,/kaggle/working/images/textile_handloom/6662376587339.jpg
4819,textile_handloom,/kaggle/working/images/textile_handloom/6715649753163.jpg
3853,textile_handloom,/kaggle/working/images/textile_handloom/7385712984139.jpg
1986,textile_handloom,/kaggle/working/images/textile_handloom/7099331149899.jpg
9547,textile_handloom,/kaggle/working/images/textile_handloom/6824526413899.jpg
9515,textile_handloom,/kaggle/working/images/textile_handloom/6734351663179.jpg
5398,textile_handloom,/kaggle/working/images/textile_handloom/7225955024971.jpg
18623,textile_handloom,/kaggle/working/images/textile_handloom/10309814124860.jpg
2338,textile_handloom,/kaggle/working/images/textile_handloom/7221977153611.jpg
2452,textile_handloom,/kaggle/working/images/textile_handloom/6745435144267.jpg
2272,textile_handloom,/kaggle/working/images/textile_handloom/6535670399051.jpg
7281,textile_handloom,/kaggle/working/images/textile_handloom/6878453366859.jpg
9117,textile_handloom,/kaggle/working/images/textile_handloom/7296099811403.jpg
8629,textile_handloom,/kaggle/working/images/textile_handloom/7212024922187.jpg
3452,textile_handloom,/kaggle/working/images/textile_handloom/4455157956683.jpg
17146,textile_handloom,/kaggle/working/images/textile_handloom/10025216508220.jpg
2948,textile_handloom,/kaggle/working/images/textile_handloom/7644468969547.jpg
4132,textile_handloom,/kaggle/working/images/textile_handloom/7004239495243.jpg
7464,textile_handloom,/kaggle/working/images/textile_handloom/4661336440907.jpg
9375,textile_handloom,/kaggle/working/images/textile_handloom/6960941400139.jpg
9046,textile_handloom,/kaggle/working/images/textile_handloom/6843315978315.jpg
18018,textile_handloom,/kaggle/working/images/textile_handloom/10256511500604.jpg
5223,textile_handloom,/kaggle/working/images/textile_handloom/6770940543051.jpg
7276,textile_handloom,/kaggle/working/images/textile_handloom/6560928661579.jpg
6201,textile_handloom,/kaggle/working/images/textile_handloom/7447006543947.jpg
16033,textile_handloom,/kaggle/working/images/textile_handloom/10117073568060.jpg
2545,textile_handloom,/kaggle/working/images/textile_handloom/6853908856907.jpg
2483,textile_handloom,/kaggle/working/images/textile_handloom/6771836289099.jpg
1918,textile_handloom,/kaggle/working/images/textile_handloom/6820083040331.jpg
9478,textile_handloom,/kaggle/working/images/textile_handloom/6851502506059.jpg
7595,textile_handloom,/kaggle/working/images/textile_handloom/7323643150411.jpg
6358,textile_handloom,/kaggle/working/images/textile_handloom/4616555790411.jpg
5239,textile_handloom,/kaggle/working/images/textile_handloom/4718750597195.jpg
4049,textile_handloom,/kaggle/working/images/textile_handloom/6623930384459.jpg
10707,textile_handloom,/kaggle/working/images/textile_handloom/8259296035011.jpg
5998,textile_handloom,/kaggle/working/images/textile_handloom/7317127037003.jpg
2656,textile_handloom,/kaggle/working/images/textile_handloom/7158711189579.jpg
7319,textile_handloom,/kaggle/working/images/textile_handloom/6648664883275.jpg
15366,textile_handloom,/kaggle/working/images/textile_handloom/10160430940476.jpg
2873,textile_handloom,/kaggle/working/images/textile_handloom/6957309395019.jpg
2477,textile_handloom,/kaggle/working/images/textile_handloom/6735027732555.jpg
3819,textile_handloom,/kaggle/working/images/textile_handloom/7164757770315.jpg
2507,textile_handloom,/kaggle/working/images/textile_handloom/6900244152395.jpg
5364,textile_handloom,/kaggle/working/images/textile_handloom/7205208719435.jpg
5328,textile_handloom,/kaggle/working/images/textile_handloom/6828173852747.jpg
6831,textile_handloom,/kaggle/working/images/textile_handloom/6777384894539.jpg
4910,textile_handloom,/kaggle/working/images/textile_handloom/7249812226123.jpg
6814,textile_handloom,/kaggle/working/images/textile_handloom/6857764208715.jpg
7538,textile_handloom,/kaggle/working/images/textile_handloom/6757533352011.jpg
6242,textile_handloom,/kaggle/working/images/textile_handloom/4740084695115.jpg
2819,textile_handloom,/kaggle/working/images/textile_handloom/7204081074251.jpg
6088,textile_handloom,/kaggle/working/images/textile_handloom/7265001046091.jpg
2544,textile_handloom,/kaggle/working/images/textile_handloom/7707823374411.jpg
8555,textile_handloom,/kaggle/working/images/textile_handloom/4712330526795.jpg
4363,textile_handloom,/kaggle/working/images/textile_handloom/6724566515787.jpg
4012,textile_handloom,/kaggle/working/images/textile_handloom/3980514361419.jpg
3816,textile_handloom,/kaggle/working/images/textile_handloom/7286838132811.jpg
3446,textile_handloom,/kaggle/working/images/textile_handloom/3980432703563.jpg
4788,textile_handloom,/kaggle/working/images/textile_handloom/6603850350667.jpg
8900,textile_handloom,/kaggle/working/images/textile_handloom/7222013263947.jpg
2685,textile_handloom,/kaggle/working/images/textile_handloom/6734782070859.jpg
6366,textile_handloom,/kaggle/working/images/textile_handloom/6745434882123.jpg
2064,textile_handloom,/kaggle/working/images/textile_handloom/6878452744267.jpg
3281,textile_handloom,/kaggle/working/images/textile_handloom/7265345536075.jpg
9682,textile_handloom,/kaggle/working/images/textile_handloom/7177427517515.jpg
9405,textile_handloom,/kaggle/working/images/textile_handloom/6621521543243.jpg
3693,textile_handloom,/kaggle/working/images/textile_handloom/6705088430155.jpg
5678,textile_handloom,/kaggle/working/images/textile_handloom/6810300907595.jpg
3866,textile_handloom,/kaggle/working/images/textile_handloom/6866424692811.jpg
8537,textile_handloom,/kaggle/working/images/textile_handloom/7286070575179.jpg
8280,textile_handloom,/kaggle/working/images/textile_handloom/6579834355787.jpg
12890,textile_handloom,/kaggle/working/images/textile_handloom/8923564638462.jpg
9458,textile_handloom,/kaggle/working/images/textile_handloom/7368169488459.jpg
7659,textile_handloom,/kaggle/working/images/textile_handloom/6726807814219.jpg
4989,textile_handloom,/kaggle/working/images/textile_handloom/6802983780427.jpg
10987,textile_handloom,/kaggle/working/images/textile_handloom/7879337967811.jpg
3548,textile_handloom,/kaggle/working/images/textile_handloom/4398329659467.jpg
2602,textile_handloom,/kaggle/working/images/textile_handloom/7354955038795.jpg
6428,textile_handloom,/kaggle/working/images/textile_handloom/6948949786699.jpg
5412,textile_handloom,/kaggle/working/images/textile_handloom/7190303932491.jpg
2451,textile_handloom,/kaggle/working/images/textile_handloom/6819865264203.jpg
1972,textile_handloom,/kaggle/working/images/textile_handloom/4703338659915.jpg
2076,textile_handloom,/kaggle/working/images/textile_handloom/6784391807051.jpg
16604,textile_handloom,/kaggle/working/images/textile_handloom/9894675841340.jpg
12187,textile_embroidery,/kaggle/working/images/textile_embroidery/14945480573123.jpg
19733,textile_embroidery,/kaggle/working/images/textile_embroidery/9251254173859.jpg
12804,textile_embroidery,/kaggle/working/images/textile_embroidery/14945485226179.jpg
12069,textile_embroidery,/kaggle/working/images/textile_embroidery/7298336194755.jpg
13622,textile_embroidery,/kaggle/working/images/textile_embroidery/9281800569063.jpg
12968,textile_embroidery,/kaggle/working/images/textile_embroidery/9097154920679.jpg
19724,textile_embroidery,/kaggle/working/images/textile_embroidery/9264894541987.jpg
13464,textile_embroidery,/kaggle/working/images/textile_embroidery/9390327529703.jpg
19818,textile_embroidery,/kaggle/working/images/textile_embroidery/9163780489379.jpg
11151,textile_embroidery,/kaggle/working/images/textile_embroidery/8241777148099.jpg
11667,textile_embroidery,/kaggle/working/images/textile_embroidery/8236986138819.jpg
19725,textile_embroidery,/kaggle/working/images/textile_embroidery/9264899031203.jpg
13005,textile_embroidery,/kaggle/working/images/textile_embroidery/9452324454631.jpg
19795,textile_embroidery,/kaggle/working/images/textile_embroidery/9229896548515.jpg
12202,textile_embroidery,/kaggle/working/images/textile_embroidery/8244599226563.jpg
11665,textile_embroidery,/kaggle/working/images/textile_embroidery/8237957808323.jpg
11701,textile_embroidery,/kaggle/working/images/textile_embroidery/14910038245571.jpg
11803,textile_embroidery,/kaggle/working/images/textile_embroidery/14909885513923.jpg
13051,textile_embroidery,/kaggle/working/images/textile_embroidery/9176808194279.jpg
12035,textile_embroidery,/kaggle/working/images/textile_embroidery/8243744211139.jpg
11837,textile_embroidery,/kaggle/working/images/textile_embroidery/14945528840387.jpg
12189,textile_embroidery,/kaggle/working/images/textile_embroidery/14945481031875.jpg
13084,textile_embroidery,/kaggle/working/images/textile_embroidery/9329744052455.jpg
13719,textile_embroidery,/kaggle/working/images/textile_embroidery/9517986709735.jpg
12105,textile_embroidery,/kaggle/working/images/textile_embroidery/7762298568899.jpg
13608,textile_embroidery,/kaggle/working/images/textile_embroidery/9501226565863.jpg
11703,textile_embroidery,/kaggle/working/images/textile_embroidery/14910038540483.jpg
11605,textile_embroidery,/kaggle/working/images/textile_embroidery/7628056133827.jpg
12521,textile_embroidery,/kaggle/working/images/textile_embroidery/8258725675203.jpg
7370,textile_embroidery,/kaggle/working/images/textile_embroidery/6776441798731.jpg
12399,textile_embroidery,/kaggle/working/images/textile_embroidery/8258674720963.jpg
11016,textile_embroidery,/kaggle/working/images/textile_embroidery/14910780801219.jpg
13000,textile_embroidery,/kaggle/working/images/textile_embroidery/9392018620647.jpg
11519,textile_embroidery,/kaggle/working/images/textile_embroidery/8219469742275.jpg
13284,textile_embroidery,/kaggle/working/images/textile_embroidery/9150959223015.jpg
13205,textile_embroidery,/kaggle/working/images/textile_embroidery/9058467250407.jpg
12343,textile_embroidery,/kaggle/working/images/textile_embroidery/8242048368835.jpg
11155,textile_embroidery,/kaggle/working/images/textile_embroidery/8241777344707.jpg
5026,textile_embroidery,/kaggle/working/images/textile_embroidery/6548970897483.jpg
13396,textile_embroidery,/kaggle/working/images/textile_embroidery/9514527686887.jpg
11191,textile_embroidery,/kaggle/working/images/textile_embroidery/8246940074179.jpg
12563,textile_embroidery,/kaggle/working/images/textile_embroidery/8245779497155.jpg
11975,textile_embroidery,/kaggle/working/images/textile_embroidery/14906548486339.jpg
5038,textile_embroidery,/kaggle/working/images/textile_embroidery/6823588560971.jpg
11497,textile_embroidery,/kaggle/working/images/textile_embroidery/8233565651139.jpg
13743,textile_embroidery,/kaggle/working/images/textile_embroidery/9418339975399.jpg
11810,textile_embroidery,/kaggle/working/images/textile_embroidery/8232647917763.jpg
11711,textile_embroidery,/kaggle/working/images/textile_embroidery/14910042734787.jpg
11131,textile_embroidery,/kaggle/working/images/textile_embroidery/8241776394435.jpg
11500,textile_embroidery,/kaggle/working/images/textile_embroidery/8115551994051.jpg
11218,textile_embroidery,/kaggle/working/images/textile_embroidery/8256914194627.jpg
13213,textile_embroidery,/kaggle/working/images/textile_embroidery/8866937929959.jpg
11845,textile_embroidery,/kaggle/working/images/textile_embroidery/14910853185731.jpg
12571,textile_embroidery,/kaggle/working/images/textile_embroidery/8245779923139.jpg
13161,textile_embroidery,/kaggle/working/images/textile_embroidery/9282108915943.jpg
11696,textile_embroidery,/kaggle/working/images/textile_embroidery/14910033985731.jpg
11509,textile_embroidery,/kaggle/working/images/textile_embroidery/8173231702211.jpg
11623,textile_embroidery,/kaggle/working/images/textile_embroidery/8253893804227.jpg
6827,textile_embroidery,/kaggle/working/images/textile_embroidery/6819866181707.jpg
12046,textile_embroidery,/kaggle/working/images/textile_embroidery/8244660043971.jpg
13197,textile_embroidery,/kaggle/working/images/textile_embroidery/9496787452135.jpg
10873,textile_embroidery,/kaggle/working/images/textile_embroidery/8215098949827.jpg
12561,textile_embroidery,/kaggle/working/images/textile_embroidery/8245779366083.jpg
4495,textile_embroidery,/kaggle/working/images/textile_embroidery/6592782630987.jpg
11124,textile_embroidery,/kaggle/working/images/textile_embroidery/8241514643651.jpg
5042,textile_embroidery,/kaggle/working/images/textile_embroidery/6819865624651.jpg
13044,textile_embroidery,/kaggle/working/images/textile_embroidery/9496790565095.jpg
10848,textile_embroidery,/kaggle/working/images/textile_embroidery/8236814368963.jpg
11622,textile_embroidery,/kaggle/working/images/textile_embroidery/8253893705923.jpg
13629,textile_embroidery,/kaggle/working/images/textile_embroidery/9440538362087.jpg
12986,textile_embroidery,/kaggle/working/images/textile_embroidery/9424210690279.jpg
13267,textile_embroidery,/kaggle/working/images/textile_embroidery/9108790542567.jpg
13596,textile_embroidery,/kaggle/working/images/textile_embroidery/9685615018215.jpg
13224,textile_embroidery,/kaggle/working/images/textile_embroidery/9517989789927.jpg
11224,textile_embroidery,/kaggle/working/images/textile_embroidery/8086572400835.jpg
12541,textile_embroidery,/kaggle/working/images/textile_embroidery/8258727379139.jpg
14777,textile_embroidery,/kaggle/working/images/textile_embroidery/9993743630652.jpg
13298,textile_embroidery,/kaggle/working/images/textile_embroidery/8896681509095.jpg
6481,textile_embroidery,/kaggle/working/images/textile_embroidery/6692806754379.jpg
19408,textile_embroidery,/kaggle/working/images/textile_embroidery/9812767080747.jpg
7011,textile_embroidery,/kaggle/working/images/textile_embroidery/6776441700427.jpg
13540,textile_embroidery,/kaggle/working/images/textile_embroidery/9685608890599.jpg
13207,textile_embroidery,/kaggle/working/images/textile_embroidery/8572569616615.jpg
14434,textile_embroidery,/kaggle/working/images/textile_embroidery/10168692212028.jpg
11216,textile_embroidery,/kaggle/working/images/textile_embroidery/8256913342659.jpg
13482,textile_embroidery,/kaggle/working/images/textile_embroidery/8867019522279.jpg
13229,textile_embroidery,/kaggle/working/images/textile_embroidery/9555795509479.jpg
12501,textile_embroidery,/kaggle/working/images/textile_embroidery/8258700738755.jpg
13296,textile_embroidery,/kaggle/working/images/textile_embroidery/9187112681703.jpg
10649,textile_embroidery,/kaggle/working/images/textile_embroidery/14910539759811.jpg
13111,textile_embroidery,/kaggle/working/images/textile_embroidery/9579629215975.jpg
12808,textile_embroidery,/kaggle/working/images/textile_embroidery/14945485422787.jpg
13136,textile_embroidery,/kaggle/working/images/textile_embroidery/9440536559847.jpg
11127,textile_embroidery,/kaggle/working/images/textile_embroidery/8241776263363.jpg
9996,textile_embroidery,/kaggle/working/images/textile_embroidery/7924086669507.jpg
11511,textile_embroidery,/kaggle/working/images/textile_embroidery/7748799037635.jpg
11811,textile_embroidery,/kaggle/working/images/textile_embroidery/8232650014915.jpg
13498,textile_embroidery,/kaggle/working/images/textile_embroidery/9418348298471.jpg
12432,textile_embroidery,/kaggle/working/images/textile_embroidery/8258659025091.jpg
12396,textile_embroidery,/kaggle/working/images/textile_embroidery/8258674524355.jpg
12182,textile_embroidery,/kaggle/working/images/textile_embroidery/14945236418755.jpg
19399,textile_embroidery,/kaggle/working/images/textile_embroidery/9812764623147.jpg
12533,textile_embroidery,/kaggle/working/images/textile_embroidery/8258726756547.jpg
13249,textile_embroidery,/kaggle/working/images/textile_embroidery/9467087028455.jpg
13493,textile_embroidery,/kaggle/working/images/textile_embroidery/9653076590823.jpg
19808,textile_embroidery,/kaggle/working/images/textile_embroidery/9226783195299.jpg
13013,textile_embroidery,/kaggle/working/images/textile_embroidery/9457054286055.jpg
12341,textile_embroidery,/kaggle/working/images/textile_embroidery/8221693116611.jpg
12033,textile_embroidery,/kaggle/working/images/textile_embroidery/8243279134915.jpg
13182,textile_embroidery,/kaggle/working/images/textile_embroidery/9519701917927.jpg
11578,textile_embroidery,/kaggle/working/images/textile_embroidery/7554922512579.jpg
12407,textile_embroidery,/kaggle/working/images/textile_embroidery/8258675146947.jpg
11264,textile_embroidery,/kaggle/working/images/textile_embroidery/8227767845059.jpg
12555,textile_embroidery,/kaggle/working/images/textile_embroidery/8245778874563.jpg
19721,textile_embroidery,/kaggle/working/images/textile_embroidery/9222818693283.jpg
13324,textile_embroidery,/kaggle/working/images/textile_embroidery/9460700676327.jpg
13660,textile_embroidery,/kaggle/working/images/textile_embroidery/9060961288423.jpg
13447,textile_embroidery,/kaggle/working/images/textile_embroidery/8908585959655.jpg
13399,textile_embroidery,/kaggle/working/images/textile_embroidery/9514526605543.jpg
12002,textile_embroidery,/kaggle/working/images/textile_embroidery/8229744181443.jpg
13407,textile_embroidery,/kaggle/working/images/textile_embroidery/9500342943975.jpg
11117,textile_embroidery,/kaggle/working/images/textile_embroidery/8259553525955.jpg
5457,textile_embroidery,/kaggle/working/images/textile_embroidery/6692806852683.jpg
13417,textile_embroidery,/kaggle/working/images/textile_embroidery/9150963515623.jpg
13318,textile_embroidery,/kaggle/working/images/textile_embroidery/8866837430503.jpg
12405,textile_embroidery,/kaggle/working/images/textile_embroidery/8258675081411.jpg
11603,textile_embroidery,/kaggle/working/images/textile_embroidery/7628058263747.jpg
12347,textile_embroidery,/kaggle/working/images/textile_embroidery/8236462604483.jpg
19817,textile_embroidery,/kaggle/working/images/textile_embroidery/9163777573027.jpg
11558,textile_embroidery,/kaggle/working/images/textile_embroidery/8199586709699.jpg
13045,textile_embroidery,/kaggle/working/images/textile_embroidery/9452320162023.jpg
12481,textile_embroidery,/kaggle/working/images/textile_embroidery/8258680455363.jpg
12472,textile_embroidery,/kaggle/working/images/textile_embroidery/8258676064451.jpg
11619,textile_embroidery,/kaggle/working/images/textile_embroidery/8253893542083.jpg
10674,textile_embroidery,/kaggle/working/images/textile_embroidery/8254877630659.jpg
12146,textile_embroidery,/kaggle/working/images/textile_embroidery/8242264178883.jpg
12253,textile_embroidery,/kaggle/working/images/textile_embroidery/14906341195971.jpg
11700,textile_embroidery,/kaggle/working/images/textile_embroidery/14910037164227.jpg
12272,textile_embroidery,/kaggle/working/images/textile_embroidery/8192555778243.jpg
19809,textile_embroidery,/kaggle/working/images/textile_embroidery/9226785357987.jpg
12442,textile_embroidery,/kaggle/working/images/textile_embroidery/8258670854339.jpg
7801,textile_embroidery,/kaggle/working/images/textile_embroidery/6655955894347.jpg
10524,textile_embroidery,/kaggle/working/images/textile_embroidery/8235076944067.jpg
11643,textile_embroidery,/kaggle/working/images/textile_embroidery/8258210791619.jpg
12758,textile_embroidery,/kaggle/working/images/textile_embroidery/8246210494659.jpg
12024,textile_embroidery,/kaggle/working/images/textile_embroidery/8241526046915.jpg
12656,textile_embroidery,/kaggle/working/images/textile_embroidery/8231900676291.jpg
12767,textile_embroidery,/kaggle/working/images/textile_embroidery/14936036311235.jpg
11120,textile_embroidery,/kaggle/working/images/textile_embroidery/8259553689795.jpg
14711,textile_embroidery,/kaggle/working/images/textile_embroidery/10269213196604.jpg
5920,textile_embroidery,/kaggle/working/images/textile_embroidery/6830355611723.jpg
8035,textile_embroidery,/kaggle/working/images/textile_embroidery/6918783139915.jpg
13638,textile_embroidery,/kaggle/working/images/textile_embroidery/9424866083047.jpg
11241,textile_embroidery,/kaggle/working/images/textile_embroidery/8256747307203.jpg
10757,textile_embroidery,/kaggle/working/images/textile_embroidery/8168459960515.jpg
11433,textile_embroidery,/kaggle/working/images/textile_embroidery/7517809148099.jpg
13362,textile_embroidery,/kaggle/working/images/textile_embroidery/9426637586663.jpg
13414,textile_embroidery,/kaggle/working/images/textile_embroidery/9460695859431.jpg
10648,textile_embroidery,/kaggle/working/images/textile_embroidery/14910539071683.jpg
12946,textile_embroidery,/kaggle/working/images/textile_embroidery/9073398907111.jpg
10776,textile_embroidery,/kaggle/working/images/textile_embroidery/7683746201795.jpg
12190,textile_embroidery,/kaggle/working/images/textile_embroidery/14945481097411.jpg
13237,textile_embroidery,/kaggle/working/images/textile_embroidery/9186720645351.jpg
12062,textile_embroidery,/kaggle/working/images/textile_embroidery/8246176055491.jpg
19514,textile_embroidery,/kaggle/working/images/textile_embroidery/9132102746275.jpg
11141,textile_embroidery,/kaggle/working/images/textile_embroidery/8241776722115.jpg
13647,textile_embroidery,/kaggle/working/images/textile_embroidery/9526904783079.jpg
11857,textile_embroidery,/kaggle/working/images/textile_embroidery/14907436204227.jpg
13664,textile_embroidery,/kaggle/working/images/textile_embroidery/8619136876775.jpg
12417,textile_embroidery,/kaggle/working/images/textile_embroidery/8258657419459.jpg
6855,textile_embroidery,/kaggle/working/images/textile_embroidery/6692806131787.jpg
11617,textile_embroidery,/kaggle/working/images/textile_embroidery/8253893345475.jpg
12487,textile_embroidery,/kaggle/working/images/textile_embroidery/8258682912963.jpg
10680,textile_embroidery,/kaggle/working/images/textile_embroidery/8254878253251.jpg
11490,textile_embroidery,/kaggle/working/images/textile_embroidery/8233365668035.jpg
13529,textile_embroidery,/kaggle/working/images/textile_embroidery/9273717424359.jpg
12947,textile_embroidery,/kaggle/working/images/textile_embroidery/9419801460967.jpg
13254,textile_embroidery,/kaggle/working/images/textile_embroidery/8575889572071.jpg
12036,textile_embroidery,/kaggle/working/images/textile_embroidery/8243741130947.jpg
13481,textile_embroidery,/kaggle/working/images/textile_embroidery/9146454606055.jpg
12160,textile_embroidery,/kaggle/working/images/textile_embroidery/14906348863683.jpg
13144,textile_embroidery,/kaggle/working/images/textile_embroidery/9577030516967.jpg
12180,textile_embroidery,/kaggle/working/images/textile_embroidery/14945235402947.jpg
12447,textile_embroidery,/kaggle/working/images/textile_embroidery/8258671411395.jpg
13234,textile_embroidery,/kaggle/working/images/textile_embroidery/9333978398951.jpg
19511,textile_embroidery,/kaggle/working/images/textile_embroidery/9132061556899.jpg
10872,textile_embroidery,/kaggle/working/images/textile_embroidery/14911005688003.jpg
13099,textile_embroidery,/kaggle/working/images/textile_embroidery/9176807080167.jpg
11645,textile_embroidery,/kaggle/working/images/textile_embroidery/8258211905731.jpg
11612,textile_embroidery,/kaggle/working/images/textile_embroidery/14908367798467.jpg
12446,textile_embroidery,/kaggle/working/images/textile_embroidery/8258671313091.jpg
13683,textile_embroidery,/kaggle/working/images/textile_embroidery/8908561547495.jpg
12924,textile_embroidery,/kaggle/working/images/textile_embroidery/8880903913703.jpg
13192,textile_embroidery,/kaggle/working/images/textile_embroidery/9424157933799.jpg
11704,textile_embroidery,/kaggle/working/images/textile_embroidery/14910038704323.jpg
13547,textile_embroidery,/kaggle/working/images/textile_embroidery/9522693996775.jpg
12474,textile_embroidery,/kaggle/working/images/textile_embroidery/8258676195523.jpg
11589,textile_embroidery,/kaggle/working/images/textile_embroidery/7982591639747.jpg
11508,textile_embroidery,/kaggle/working/images/textile_embroidery/8173236355267.jpg
12497,textile_embroidery,/kaggle/working/images/textile_embroidery/8258700476611.jpg
13025,textile_embroidery,/kaggle/working/images/textile_embroidery/9058468921575.jpg
11699,textile_embroidery,/kaggle/working/images/textile_embroidery/14910037000387.jpg
12395,textile_embroidery,/kaggle/working/images/textile_embroidery/8258674327747.jpg
11150,textile_embroidery,/kaggle/working/images/textile_embroidery/8241777115331.jpg
19368,textile_embroidery,/kaggle/working/images/textile_embroidery/10247108362539.jpg
13546,textile_embroidery,/kaggle/working/images/textile_embroidery/9156382228711.jpg
11610,textile_embroidery,/kaggle/working/images/textile_embroidery/8230590906563.jpg
13485,textile_embroidery,/kaggle/working/images/textile_embroidery/9281803288807.jpg
12558,textile_embroidery,/kaggle/working/images/textile_embroidery/8245779103939.jpg
13351,textile_embroidery,/kaggle/working/images/textile_embroidery/9060988485863.jpg
12421,textile_embroidery,/kaggle/working/images/textile_embroidery/8258657845443.jpg
11543,textile_embroidery,/kaggle/working/images/textile_embroidery/8196313514179.jpg
13538,textile_embroidery,/kaggle/working/images/textile_embroidery/9395132465383.jpg
12961,textile_embroidery,/kaggle/working/images/textile_embroidery/9500284354791.jpg
12121,textile_embroidery,/kaggle/working/images/textile_embroidery/8154431652035.jpg
11119,textile_embroidery,/kaggle/working/images/textile_embroidery/8259553657027.jpg
12483,textile_embroidery,/kaggle/working/images/textile_embroidery/8258681340099.jpg
13521,textile_embroidery,/kaggle/working/images/textile_embroidery/9531747860711.jpg
10831,textile_embroidery,/kaggle/working/images/textile_embroidery/8248993153219.jpg
13105,textile_embroidery,/kaggle/working/images/textile_embroidery/9491467239655.jpg
13468,textile_embroidery,/kaggle/working/images/textile_embroidery/8919817978087.jpg
12161,textile_embroidery,/kaggle/working/images/textile_embroidery/8236728156355.jpg
5116,textile_embroidery,/kaggle/working/images/textile_embroidery/6823588659275.jpg
11593,textile_embroidery,/kaggle/working/images/textile_embroidery/7963211464899.jpg
12527,textile_embroidery,/kaggle/working/images/textile_embroidery/8258726297795.jpg
13507,textile_embroidery,/kaggle/working/images/textile_embroidery/9402244661479.jpg
12034,textile_embroidery,/kaggle/working/images/textile_embroidery/8243743359171.jpg
12277,textile_embroidery,/kaggle/working/images/textile_embroidery/8164542841027.jpg
11526,textile_embroidery,/kaggle/working/images/textile_embroidery/8154103349443.jpg
12529,textile_embroidery,/kaggle/working/images/textile_embroidery/8258726428867.jpg
13341,textile_embroidery,/kaggle/working/images/textile_embroidery/9384979890407.jpg
11858,textile_embroidery,/kaggle/working/images/textile_embroidery/14909682680003.jpg
11215,textile_embroidery,/kaggle/working/images/textile_embroidery/8256486375619.jpg
13437,textile_embroidery,/kaggle/working/images/textile_embroidery/9526903996647.jpg
10601,textile_embroidery,/kaggle/working/images/textile_embroidery/14906547273923.jpg
11554,textile_embroidery,/kaggle/working/images/textile_embroidery/8235640815811.jpg
11615,textile_embroidery,/kaggle/working/images/textile_embroidery/8253893083331.jpg
13663,textile_embroidery,/kaggle/working/images/textile_embroidery/9426637357287.jpg
11100,textile_embroidery,/kaggle/working/images/textile_embroidery/8259551690947.jpg
11813,textile_embroidery,/kaggle/working/images/textile_embroidery/8248082792643.jpg
11616,textile_embroidery,/kaggle/working/images/textile_embroidery/8253893279939.jpg
12556,textile_embroidery,/kaggle/working/images/textile_embroidery/8245778907331.jpg
10858,textile_embroidery,/kaggle/working/images/textile_embroidery/14944797491395.jpg
13169,textile_embroidery,/kaggle/working/images/textile_embroidery/9452335399143.jpg
19334,textile_embroidery,/kaggle/working/images/textile_embroidery/9812739490091.jpg
13606,textile_embroidery,/kaggle/working/images/textile_embroidery/9419639554279.jpg
11502,textile_embroidery,/kaggle/working/images/textile_embroidery/8017257791683.jpg
8744,textile_embroidery,/kaggle/working/images/textile_embroidery/4440453677131.jpg
11534,textile_embroidery,/kaggle/working/images/textile_embroidery/8196306043075.jpg
19729,textile_embroidery,/kaggle/working/images/textile_embroidery/9251248930979.jpg
11832,textile_embroidery,/kaggle/working/images/textile_embroidery/8256285409475.jpg
12397,textile_embroidery,/kaggle/working/images/textile_embroidery/8258674622659.jpg
11030,textile_embroidery,/kaggle/working/images/textile_embroidery/8258519466179.jpg
11139,textile_embroidery,/kaggle/working/images/textile_embroidery/8241776656579.jpg
12255,textile_embroidery,/kaggle/working/images/textile_embroidery/8253147873475.jpg
12122,textile_embroidery,/kaggle/working/images/textile_embroidery/7983064613059.jpg
10982,textile_embroidery,/kaggle/working/images/textile_embroidery/8231891304643.jpg
4046,textile_embroidery,/kaggle/working/images/textile_embroidery/6548969848907.jpg
12012,textile_embroidery,/kaggle/working/images/textile_embroidery/8201720791235.jpg
13736,textile_embroidery,/kaggle/working/images/textile_embroidery/9460744093927.jpg
11542,textile_embroidery,/kaggle/working/images/textile_embroidery/8196312531139.jpg
12123,textile_embroidery,/kaggle/working/images/textile_embroidery/8218671972547.jpg
12138,textile_embroidery,/kaggle/working/images/textile_embroidery/8231609598147.jpg
11708,textile_embroidery,/kaggle/working/images/textile_embroidery/14910039392451.jpg
10983,textile_embroidery,/kaggle/working/images/textile_embroidery/8231891435715.jpg
12170,textile_embroidery,/kaggle/working/images/textile_embroidery/14945217347779.jpg
13527,textile_embroidery,/kaggle/working/images/textile_embroidery/9472348520679.jpg
13067,textile_embroidery,/kaggle/working/images/textile_embroidery/9171545850087.jpg
12153,textile_embroidery,/kaggle/working/images/textile_embroidery/14906348044483.jpg
11630,textile_embroidery,/kaggle/working/images/textile_embroidery/14908492742851.jpg
13559,textile_embroidery,/kaggle/working/images/textile_embroidery/9469178642663.jpg
12972,textile_embroidery,/kaggle/working/images/textile_embroidery/9469178183911.jpg
13104,textile_embroidery,/kaggle/working/images/textile_embroidery/9555792724199.jpg
6477,textile_embroidery,/kaggle/working/images/textile_embroidery/6592782598219.jpg
11642,textile_embroidery,/kaggle/working/images/textile_embroidery/8258210758851.jpg
5102,textile_embroidery,/kaggle/working/images/textile_embroidery/6819866050635.jpg
10145,textile_embroidery,/kaggle/working/images/textile_embroidery/7605665005763.jpg
11154,textile_embroidery,/kaggle/working/images/textile_embroidery/8241777311939.jpg
13176,textile_embroidery,/kaggle/working/images/textile_embroidery/9412384293095.jpg
10316,textile_embroidery,/kaggle/working/images/textile_embroidery/7610702987459.jpg
13152,textile_embroidery,/kaggle/working/images/textile_embroidery/9707874255079.jpg
10485,textile_embroidery,/kaggle/working/images/textile_embroidery/8259292168387.jpg
13323,textile_embroidery,/kaggle/working/images/textile_embroidery/9470100701415.jpg
19502,textile_embroidery,/kaggle/working/images/textile_embroidery/9023728910499.jpg
12117,textile_embroidery,/kaggle/working/images/textile_embroidery/7983058944195.jpg
11807,textile_embroidery,/kaggle/working/images/textile_embroidery/8219891466435.jpg
11510,textile_embroidery,/kaggle/working/images/textile_embroidery/8173231046851.jpg
12118,textile_embroidery,/kaggle/working/images/textile_embroidery/8154405077187.jpg
19732,textile_embroidery,/kaggle/working/images/textile_embroidery/9251253158051.jpg
12687,textile_embroidery,/kaggle/working/images/textile_embroidery/8253423550659.jpg
10664,textile_embroidery,/kaggle/working/images/textile_embroidery/8244032929987.jpg
12276,textile_embroidery,/kaggle/working/images/textile_embroidery/8228665393347.jpg
11721,textile_embroidery,/kaggle/working/images/textile_embroidery/8252647211203.jpg
12451,textile_embroidery,/kaggle/working/images/textile_embroidery/8258671968451.jpg
12543,textile_embroidery,/kaggle/working/images/textile_embroidery/8258727510211.jpg
12969,textile_embroidery,/kaggle/working/images/textile_embroidery/9097145549031.jpg
12394,textile_embroidery,/kaggle/working/images/textile_embroidery/8258674196675.jpg
19822,textile_embroidery,/kaggle/working/images/textile_embroidery/9227521196195.jpg
11786,textile_embroidery,/kaggle/working/images/textile_embroidery/8248426070211.jpg
19403,textile_embroidery,/kaggle/working/images/textile_embroidery/9955616850219.jpg
25554,pottery_terracotta,/kaggle/working/images/pottery_terracotta/5272017272877.jpg
3950,pottery_terracotta,/kaggle/working/images/pottery_terracotta/4659381403723.jpg
26783,pottery_terracotta,/kaggle/working/images/pottery_terracotta/9331347325150.jpg
25000,pottery_terracotta,/kaggle/working/images/pottery_terracotta/10087700660503.jpg
7139,pottery_terracotta,/kaggle/working/images/pottery_terracotta/6549758017611.jpg
25507,pottery_terracotta,/kaggle/working/images/pottery_terracotta/5288917401645.jpg
26000,pottery_terracotta,/kaggle/working/images/pottery_terracotta/5309328785453.jpg
6877,pottery_terracotta,/kaggle/working/images/pottery_terracotta/7407482863691.jpg
4483,pottery_terracotta,/kaggle/working/images/pottery_terracotta/7257868861515.jpg
26396,pottery_terracotta,/kaggle/working/images/pottery_terracotta/8942498775262.jpg
13896,pottery_terracotta,/kaggle/working/images/pottery_terracotta/8303074705558.jpg
3099,pottery_terracotta,/kaggle/working/images/pottery_terracotta/7273693642827.jpg
26212,pottery_terracotta,/kaggle/working/images/pottery_terracotta/8949477245150.jpg
25490,pottery_terracotta,/kaggle/working/images/pottery_terracotta/5218098151469.jpg
13891,pottery_terracotta,/kaggle/working/images/pottery_terracotta/7257842057366.jpg
12364,pottery_terracotta,/kaggle/working/images/pottery_terracotta/8231778517187.jpg
10087,pottery_terracotta,/kaggle/working/images/pottery_terracotta/14910521049283.jpg
430,pottery_terracotta,/kaggle/working/images/pottery_terracotta/7388592767051.jpg
7035,pottery_terracotta,/kaggle/working/images/pottery_terracotta/6736390422603.jpg
25192,pottery_terracotta,/kaggle/working/images/pottery_terracotta/5272686886957.jpg
4095,pottery_terracotta,/kaggle/working/images/pottery_terracotta/7279076507723.jpg
4188,pottery_terracotta,/kaggle/working/images/pottery_terracotta/7273698787403.jpg
25286,pottery_terracotta,/kaggle/working/images/pottery_terracotta/7066992738349.jpg
2217,pottery_terracotta,/kaggle/working/images/pottery_terracotta/7273693708363.jpg
6485,pottery_terracotta,/kaggle/working/images/pottery_terracotta/7402899013707.jpg
10349,pottery_terracotta,/kaggle/working/images/pottery_terracotta/8212924170435.jpg
26574,pottery_terracotta,/kaggle/working/images/pottery_terracotta/9099131650270.jpg
25271,pottery_terracotta,/kaggle/working/images/pottery_terracotta/5273911033901.jpg
8989,pottery_terracotta,/kaggle/working/images/pottery_terracotta/7893157412939.jpg
11096,pottery_terracotta,/kaggle/working/images/pottery_terracotta/7605769928899.jpg
26504,pottery_terracotta,/kaggle/working/images/pottery_terracotta/8949475999966.jpg
13846,pottery_terracotta,/kaggle/working/images/pottery_terracotta/7259920433302.jpg
25059,pottery_terracotta,/kaggle/working/images/pottery_terracotta/9753501171991.jpg
13831,pottery_terracotta,/kaggle/working/images/pottery_terracotta/7257814597782.jpg
10095,pottery_terracotta,/kaggle/working/images/pottery_terracotta/14910521868483.jpg
3070,pottery_terracotta,/kaggle/working/images/pottery_terracotta/6690907586635.jpg
6549,pottery_terracotta,/kaggle/working/images/pottery_terracotta/6634974543947.jpg
25331,pottery_terracotta,/kaggle/working/images/pottery_terracotta/5272701698093.jpg
24998,pottery_terracotta,/kaggle/working/images/pottery_terracotta/10087700103447.jpg
8705,pottery_terracotta,/kaggle/working/images/pottery_terracotta/6839611359307.jpg
7529,pottery_terracotta,/kaggle/working/images/pottery_terracotta/6739203194955.jpg
7569,pottery_terracotta,/kaggle/working/images/pottery_terracotta/6827749146699.jpg
26743,pottery_terracotta,/kaggle/working/images/pottery_terracotta/8605527376094.jpg
25901,pottery_terracotta,/kaggle/working/images/pottery_terracotta/5272007245869.jpg
24943,pottery_terracotta,/kaggle/working/images/pottery_terracotta/9523746013463.jpg
25069,pottery_terracotta,/kaggle/working/images/pottery_terracotta/9753508118807.jpg
13780,pottery_terracotta,/kaggle/working/images/pottery_terracotta/7912348713110.jpg
26643,pottery_terracotta,/kaggle/working/images/pottery_terracotta/8942497300702.jpg
3390,pottery_terracotta,/kaggle/working/images/pottery_terracotta/7273694560331.jpg
10085,pottery_terracotta,/kaggle/working/images/pottery_terracotta/14910520950979.jpg
6480,pottery_terracotta,/kaggle/working/images/pottery_terracotta/6692806918219.jpg
10651,pottery_terracotta,/kaggle/working/images/pottery_terracotta/7389965680835.jpg
9324,pottery_terracotta,/kaggle/working/images/pottery_terracotta/6942828986443.jpg
26502,pottery_terracotta,/kaggle/working/images/pottery_terracotta/8101035344094.jpg
2049,pottery_terracotta,/kaggle/working/images/pottery_terracotta/6535383416907.jpg
24938,pottery_terracotta,/kaggle/working/images/pottery_terracotta/9523737166103.jpg
25968,pottery_terracotta,/kaggle/working/images/pottery_terracotta/5290667671597.jpg
2632,pottery_terracotta,/kaggle/working/images/pottery_terracotta/7257868369995.jpg
13859,pottery_terracotta,/kaggle/working/images/pottery_terracotta/7259926298774.jpg
7099,pottery_terracotta,/kaggle/working/images/pottery_terracotta/7399819903051.jpg
8381,pottery_terracotta,/kaggle/working/images/pottery_terracotta/7192544378955.jpg
26204,pottery_terracotta,/kaggle/working/images/pottery_terracotta/8605525868766.jpg
26287,pottery_terracotta,/kaggle/working/images/pottery_terracotta/8165367513310.jpg
26051,pottery_terracotta,/kaggle/working/images/pottery_terracotta/5272895651885.jpg
12365,pottery_terracotta,/kaggle/working/images/pottery_terracotta/8230568558787.jpg
9387,pottery_terracotta,/kaggle/working/images/pottery_terracotta/7273585213515.jpg
9096,pottery_terracotta,/kaggle/working/images/pottery_terracotta/7273584132171.jpg
26307,pottery_terracotta,/kaggle/working/images/pottery_terracotta/8931885056222.jpg
6334,pottery_terracotta,/kaggle/working/images/pottery_terracotta/4676640342091.jpg
8991,pottery_terracotta,/kaggle/working/images/pottery_terracotta/7893156298827.jpg
25150,pottery_terracotta,/kaggle/working/images/pottery_terracotta/9743814623511.jpg
13778,pottery_terracotta,/kaggle/working/images/pottery_terracotta/7257811255446.jpg
12371,pottery_terracotta,/kaggle/working/images/pottery_terracotta/8230576292035.jpg
25079,pottery_terracotta,/kaggle/working/images/pottery_terracotta/9753512214807.jpg
416,pottery_terracotta,/kaggle/working/images/pottery_terracotta/7388593717323.jpg
13813,pottery_terracotta,/kaggle/working/images/pottery_terracotta/7580997615766.jpg
13834,pottery_terracotta,/kaggle/working/images/pottery_terracotta/8443530346646.jpg
25061,pottery_terracotta,/kaggle/working/images/pottery_terracotta/9753503203607.jpg
26142,pottery_terracotta,/kaggle/working/images/pottery_terracotta/8790710747358.jpg
11772,pottery_terracotta,/kaggle/working/images/pottery_terracotta/8253549674691.jpg
8154,pottery_terracotta,/kaggle/working/images/pottery_terracotta/6820166238283.jpg
26241,pottery_terracotta,/kaggle/working/images/pottery_terracotta/8942499594462.jpg
26271,pottery_terracotta,/kaggle/working/images/pottery_terracotta/9273604014302.jpg
25171,pottery_terracotta,/kaggle/working/images/pottery_terracotta/5272019697709.jpg
25078,pottery_terracotta,/kaggle/working/images/pottery_terracotta/9753511821591.jpg
25545,pottery_terracotta,/kaggle/working/images/pottery_terracotta/5273838616621.jpg
10094,pottery_terracotta,/kaggle/working/images/pottery_terracotta/14910521835715.jpg
6330,pottery_terracotta,/kaggle/working/images/pottery_terracotta/6549757886539.jpg
10067,pottery_terracotta,/kaggle/working/images/pottery_terracotta/14931003965635.jpg
7788,pottery_terracotta,/kaggle/working/images/pottery_terracotta/6609007050827.jpg
25967,pottery_terracotta,/kaggle/working/images/pottery_terracotta/5290667081773.jpg
26160,pottery_terracotta,/kaggle/working/images/pottery_terracotta/9099124670686.jpg
13783,pottery_terracotta,/kaggle/working/images/pottery_terracotta/7259900641430.jpg
119,pottery_terracotta,/kaggle/working/images/pottery_terracotta/6957336330315.jpg
24880,pottery_terracotta,/kaggle/working/images/pottery_terracotta/10063464694039.jpg
24946,pottery_terracotta,/kaggle/working/images/pottery_terracotta/9523748864279.jpg
7167,pottery_terracotta,/kaggle/working/images/pottery_terracotta/7402898260043.jpg
6081,pottery_terracotta,/kaggle/working/images/pottery_terracotta/6563189096523.jpg
26081,pottery_terracotta,/kaggle/working/images/pottery_terracotta/5291159191597.jpg
9508,pottery_terracotta,/kaggle/working/images/pottery_terracotta/6824534245451.jpg
6289,pottery_terracotta,/kaggle/working/images/pottery_terracotta/7402899079243.jpg
4580,pottery_terracotta,/kaggle/working/images/pottery_terracotta/6739209060427.jpg
9591,pottery_terracotta,/kaggle/working/images/pottery_terracotta/6780155166795.jpg
25281,pottery_terracotta,/kaggle/working/images/pottery_terracotta/5273909821485.jpg
25119,pottery_terracotta,/kaggle/working/images/pottery_terracotta/10089763078423.jpg
10063,pottery_terracotta,/kaggle/working/images/pottery_terracotta/14930998853827.jpg
25567,pottery_terracotta,/kaggle/working/images/pottery_terracotta/5271971659821.jpg
24951,pottery_terracotta,/kaggle/working/images/pottery_terracotta/9523752796439.jpg
6598,pottery_terracotta,/kaggle/working/images/pottery_terracotta/6838783541323.jpg
1906,pottery_terracotta,/kaggle/working/images/pottery_terracotta/6535384039499.jpg
4055,pottery_terracotta,/kaggle/working/images/pottery_terracotta/6810302840907.jpg
2288,pottery_terracotta,/kaggle/working/images/pottery_terracotta/6690907455563.jpg
9184,pottery_terracotta,/kaggle/working/images/pottery_terracotta/7273584230475.jpg
25452,pottery_terracotta,/kaggle/working/images/pottery_terracotta/5273783730221.jpg
25072,pottery_terracotta,/kaggle/working/images/pottery_terracotta/9753508774167.jpg
11770,pottery_terracotta,/kaggle/working/images/pottery_terracotta/8253682221251.jpg
4911,pottery_terracotta,/kaggle/working/images/pottery_terracotta/7333960417355.jpg
10058,pottery_terracotta,/kaggle/working/images/pottery_terracotta/14930990923971.jpg
4565,pottery_terracotta,/kaggle/working/images/pottery_terracotta/6780154478667.jpg
395,pottery_terracotta,/kaggle/working/images/pottery_terracotta/7388593127499.jpg
25508,pottery_terracotta,/kaggle/working/images/pottery_terracotta/5273857916973.jpg
26141,pottery_terracotta,/kaggle/working/images/pottery_terracotta/8790711009502.jpg
24960,pottery_terracotta,/kaggle/working/images/pottery_terracotta/8559553970455.jpg
26766,pottery_terracotta,/kaggle/working/images/pottery_terracotta/9331348668638.jpg
26523,pottery_terracotta,/kaggle/working/images/pottery_terracotta/8605527179486.jpg
7117,pottery_terracotta,/kaggle/working/images/pottery_terracotta/6892857819211.jpg
23019,pottery_terracotta,/kaggle/working/images/pottery_terracotta/10098418450727.jpg
8383,pottery_terracotta,/kaggle/working/images/pottery_terracotta/7279075131467.jpg
2988,pottery_terracotta,/kaggle/working/images/pottery_terracotta/7257868435531.jpg
8975,pottery_terracotta,/kaggle/working/images/pottery_terracotta/6739204374603.jpg
12372,pottery_terracotta,/kaggle/working/images/pottery_terracotta/8231778549955.jpg
26143,pottery_terracotta,/kaggle/working/images/pottery_terracotta/8234128965854.jpg
25135,pottery_terracotta,/kaggle/working/images/pottery_terracotta/9743718056215.jpg
25944,pottery_terracotta,/kaggle/working/images/pottery_terracotta/5291578589229.jpg
2669,pottery_terracotta,/kaggle/working/images/pottery_terracotta/6838211870795.jpg
25336,pottery_terracotta,/kaggle/working/images/pottery_terracotta/5272696160301.jpg
26096,pottery_terracotta,/kaggle/working/images/pottery_terracotta/6559916130349.jpg
26784,pottery_terracotta,/kaggle/working/images/pottery_terracotta/9331347357918.jpg
7798,pottery_terracotta,/kaggle/working/images/pottery_terracotta/6695665074251.jpg
10060,pottery_terracotta,/kaggle/working/images/pottery_terracotta/14930995347651.jpg
9075,pottery_terracotta,/kaggle/working/images/pottery_terracotta/7273585180747.jpg
7063,pottery_terracotta,/kaggle/working/images/pottery_terracotta/4676639981643.jpg
10652,pottery_terracotta,/kaggle/working/images/pottery_terracotta/7389958570179.jpg
4574,pottery_terracotta,/kaggle/working/images/pottery_terracotta/6634965368907.jpg
25067,pottery_terracotta,/kaggle/working/images/pottery_terracotta/9753506152727.jpg
13782,pottery_terracotta,/kaggle/working/images/pottery_terracotta/7260001632406.jpg
10082,pottery_terracotta,/kaggle/working/images/pottery_terracotta/14910520852675.jpg
6331,pottery_terracotta,/kaggle/working/images/pottery_terracotta/7402898718795.jpg
4960,pottery_terracotta,/kaggle/working/images/pottery_terracotta/7933952819275.jpg
20590,pottery_terracotta,/kaggle/working/images/pottery_terracotta/10022493815079.jpg
26391,pottery_terracotta,/kaggle/working/images/pottery_terracotta/8943965667550.jpg
6599,pottery_terracotta,/kaggle/working/images/pottery_terracotta/6634964877387.jpg
25678,pottery_terracotta,/kaggle/working/images/pottery_terracotta/5288140210221.jpg
25080,pottery_terracotta,/kaggle/working/images/pottery_terracotta/9753512476951.jpg
25042,pottery_terracotta,/kaggle/working/images/pottery_terracotta/8558097301783.jpg
24995,pottery_terracotta,/kaggle/working/images/pottery_terracotta/8559542436119.jpg
5856,pottery_terracotta,/kaggle/working/images/pottery_terracotta/6942829281355.jpg
6256,pottery_terracotta,/kaggle/working/images/pottery_terracotta/6780153888843.jpg
7842,pottery_terracotta,/kaggle/working/images/pottery_terracotta/6609007018059.jpg
25188,pottery_terracotta,/kaggle/working/images/pottery_terracotta/5291579670573.jpg
2676,pottery_terracotta,/kaggle/working/images/pottery_terracotta/6838783475787.jpg
5887,pottery_terracotta,/kaggle/working/images/pottery_terracotta/6609007837259.jpg
8164,pottery_terracotta,/kaggle/working/images/pottery_terracotta/6910944247883.jpg
26018,pottery_terracotta,/kaggle/working/images/pottery_terracotta/5272958926893.jpg
11038,pottery_terracotta,/kaggle/working/images/pottery_terracotta/7439730573507.jpg
8984,pottery_terracotta,/kaggle/working/images/pottery_terracotta/6739203948619.jpg
24956,pottery_terracotta,/kaggle/working/images/pottery_terracotta/9523756728599.jpg
424,pottery_terracotta,/kaggle/working/images/pottery_terracotta/7388593356875.jpg
415,pottery_terracotta,/kaggle/working/images/pottery_terracotta/7388593258571.jpg
26348,pottery_terracotta,/kaggle/working/images/pottery_terracotta/9124031168734.jpg
4526,pottery_terracotta,/kaggle/working/images/pottery_terracotta/7273586720843.jpg
2187,pottery_terracotta,/kaggle/working/images/pottery_terracotta/6820166041675.jpg
25278,pottery_terracotta,/kaggle/working/images/pottery_terracotta/5273908641837.jpg
7153,pottery_terracotta,/kaggle/working/images/pottery_terracotta/6845284253771.jpg
8988,pottery_terracotta,/kaggle/working/images/pottery_terracotta/7893157478475.jpg
13797,pottery_terracotta,/kaggle/working/images/pottery_terracotta/8305150853270.jpg
25574,pottery_terracotta,/kaggle/working/images/pottery_terracotta/5273104580653.jpg
24861,pottery_terracotta,/kaggle/working/images/pottery_terracotta/10063447720215.jpg
62,pottery_terracotta,/kaggle/working/images/pottery_terracotta/7166296195147.jpg
13895,pottery_terracotta,/kaggle/working/images/pottery_terracotta/7257843433622.jpg
25637,pottery_terracotta,/kaggle/working/images/pottery_terracotta/5272685051949.jpg
26657,pottery_terracotta,/kaggle/working/images/pottery_terracotta/9179476394206.jpg
24939,pottery_terracotta,/kaggle/working/images/pottery_terracotta/9523737952535.jpg
26144,pottery_terracotta,/kaggle/working/images/pottery_terracotta/8754128388318.jpg
26492,pottery_terracotta,/kaggle/working/images/pottery_terracotta/9115740471518.jpg
26372,pottery_terracotta,/kaggle/working/images/pottery_terracotta/8605539369182.jpg
7806,pottery_terracotta,/kaggle/working/images/pottery_terracotta/6692807049291.jpg
2278,pottery_terracotta,/kaggle/working/images/pottery_terracotta/6690907553867.jpg
7148,pottery_terracotta,/kaggle/working/images/pottery_terracotta/7402898391115.jpg
6574,pottery_terracotta,/kaggle/working/images/pottery_terracotta/6634972643403.jpg
2518,pottery_terracotta,/kaggle/working/images/pottery_terracotta/7257868828747.jpg
7874,pottery_terracotta,/kaggle/working/images/pottery_terracotta/6838783574091.jpg
25261,pottery_terracotta,/kaggle/working/images/pottery_terracotta/5273822494765.jpg
9164,pottery_terracotta,/kaggle/working/images/pottery_terracotta/6942829150283.jpg
3945,pottery_terracotta,/kaggle/working/images/pottery_terracotta/4679359103051.jpg
5278,pottery_terracotta,/kaggle/working/images/pottery_terracotta/6634964189259.jpg
12812,pottery_terracotta,/kaggle/working/images/pottery_terracotta/7885578404023.jpg
7943,pottery_terracotta,/kaggle/working/images/pottery_terracotta/7232321159243.jpg
26734,pottery_terracotta,/kaggle/working/images/pottery_terracotta/8165367021790.jpg
11769,pottery_terracotta,/kaggle/working/images/pottery_terracotta/8209616044227.jpg
13894,pottery_terracotta,/kaggle/working/images/pottery_terracotta/7260093153430.jpg
24868,pottery_terracotta,/kaggle/working/images/pottery_terracotta/10063456010519.jpg
7450,pottery_terracotta,/kaggle/working/images/pottery_terracotta/4659380715595.jpg
26118,pottery_terracotta,/kaggle/working/images/pottery_terracotta/10152225964344.jpg
7056,pottery_terracotta,/kaggle/working/images/pottery_terracotta/6549758345291.jpg
26154,pottery_terracotta,/kaggle/working/images/pottery_terracotta/8829985947870.jpg
26169,pottery_terracotta,/kaggle/working/images/pottery_terracotta/8605539467486.jpg
2627,pottery_terracotta,/kaggle/working/images/pottery_terracotta/6942830592075.jpg
25138,pottery_terracotta,/kaggle/working/images/pottery_terracotta/9743724937495.jpg
2629,pottery_terracotta,/kaggle/working/images/pottery_terracotta/7257868533835.jpg
25964,pottery_terracotta,/kaggle/working/images/pottery_terracotta/5272020254765.jpg
159,pottery_terracotta,/kaggle/working/images/pottery_terracotta/6851929210955.jpg
7937,pottery_terracotta,/kaggle/working/images/pottery_terracotta/7232313720907.jpg
13758,pottery_terracotta,/kaggle/working/images/pottery_terracotta/7260081651862.jpg
24949,pottery_terracotta,/kaggle/working/images/pottery_terracotta/9523750600983.jpg
7803,pottery_terracotta,/kaggle/working/images/pottery_terracotta/6695665008715.jpg
26270,pottery_terracotta,/kaggle/working/images/pottery_terracotta/9040263217374.jpg
25355,pottery_terracotta,/kaggle/working/images/pottery_terracotta/5288105672749.jpg
5948,pottery_terracotta,/kaggle/working/images/pottery_terracotta/7273588916299.jpg
25540,pottery_terracotta,/kaggle/working/images/pottery_terracotta/5288933490733.jpg
10088,pottery_terracotta,/kaggle/working/images/pottery_terracotta/14910521082051.jpg
24996,pottery_terracotta,/kaggle/working/images/pottery_terracotta/10087698792727.jpg
13819,pottery_terracotta,/kaggle/working/images/pottery_terracotta/7259986133142.jpg
8338,pottery_terracotta,/kaggle/working/images/pottery_terracotta/6692817338443.jpg
7771,pottery_terracotta,/kaggle/working/images/pottery_terracotta/6910944051275.jpg
26222,pottery_terracotta,/kaggle/working/images/pottery_terracotta/8790712418526.jpg
26040,pottery_terracotta,/kaggle/working/images/pottery_terracotta/6876908159021.jpg
13818,pottery_terracotta,/kaggle/working/images/pottery_terracotta/8598655172758.jpg
25122,pottery_terracotta,/kaggle/working/images/pottery_terracotta/10089735717143.jpg
25037,pottery_terracotta,/kaggle/working/images/pottery_terracotta/9613383336215.jpg
25360,pottery_terracotta,/kaggle/working/images/pottery_terracotta/5272013897773.jpg
7160,pottery_terracotta,/kaggle/working/images/pottery_terracotta/6609008558155.jpg
7164,pottery_terracotta,/kaggle/working/images/pottery_terracotta/6780153790539.jpg
52,pottery_terracotta,/kaggle/working/images/pottery_terracotta/6957336559691.jpg
90,pottery_terracotta,/kaggle/working/images/pottery_terracotta/7232314146891.jpg
26398,pottery_terracotta,/kaggle/working/images/pottery_terracotta/8936482963678.jpg
7847,pottery_terracotta,/kaggle/working/images/pottery_terracotta/6609006952523.jpg
26234,pottery_terracotta,/kaggle/working/images/pottery_terracotta/8165368332510.jpg
6635,pottery_terracotta,/kaggle/working/images/pottery_terracotta/6635616862283.jpg
7870,pottery_terracotta,/kaggle/working/images/pottery_terracotta/6604420841547.jpg
25074,pottery_terracotta,/kaggle/working/images/pottery_terracotta/9753510379799.jpg
25664,pottery_terracotta,/kaggle/working/images/pottery_terracotta/5274113900589.jpg
6442,pottery_terracotta,/kaggle/working/images/pottery_terracotta/7273696100427.jpg
9215,pottery_terracotta,/kaggle/working/images/pottery_terracotta/6942829445195.jpg
12368,pottery_terracotta,/kaggle/working/images/pottery_terracotta/8231683424451.jpg
10066,pottery_terracotta,/kaggle/working/images/pottery_terracotta/14930949931203.jpg
6960,pottery_terracotta,/kaggle/working/images/pottery_terracotta/6634965893195.jpg
9367,pottery_terracotta,/kaggle/working/images/pottery_terracotta/7273583902795.jpg
6896,pottery_terracotta,/kaggle/working/images/pottery_terracotta/6634973888587.jpg
26678,pottery_terracotta,/kaggle/working/images/pottery_terracotta/8943976087774.jpg
25931,pottery_terracotta,/kaggle/working/images/pottery_terracotta/5273869189165.jpg
8311,pottery_terracotta,/kaggle/working/images/pottery_terracotta/6824534310987.jpg
7802,pottery_terracotta,/kaggle/working/images/pottery_terracotta/6692807213131.jpg
13915,pottery_terracotta,/kaggle/working/images/pottery_terracotta/8303318401174.jpg
13986,pottery_terracotta,/kaggle/working/images/pottery_terracotta/7257849036950.jpg
25128,pottery_terracotta,/kaggle/working/images/pottery_terracotta/10158187217175.jpg
25759,pottery_terracotta,/kaggle/working/images/pottery_terracotta/5290395631661.jpg
13904,pottery_terracotta,/kaggle/working/images/pottery_terracotta/7260097740950.jpg
6820,pottery_terracotta,/kaggle/working/images/pottery_terracotta/6780154839115.jpg
406,pottery_terracotta,/kaggle/working/images/pottery_terracotta/7388593586251.jpg
7549,pottery_terracotta,/kaggle/working/images/pottery_terracotta/7273694036043.jpg
434,pottery_terracotta,/kaggle/working/images/pottery_terracotta/7388592930891.jpg
4052,pottery_terracotta,/kaggle/working/images/pottery_terracotta/6635616272459.jpg
2194,pottery_terracotta,/kaggle/working/images/pottery_terracotta/4666173096011.jpg
26648,pottery_terracotta,/kaggle/working/images/pottery_terracotta/8942497464542.jpg
6434,pottery_terracotta,/kaggle/working/images/pottery_terracotta/6634964549707.jpg
4338,pottery_terracotta,/kaggle/working/images/pottery_terracotta/7279075950667.jpg
9403,pottery_terracotta,/kaggle/working/images/pottery_terracotta/7273584099403.jpg
25367,pottery_terracotta,/kaggle/working/images/pottery_terracotta/5272700813357.jpg
2634,pottery_terracotta,/kaggle/working/images/pottery_terracotta/7257868042315.jpg
13970,pottery_terracotta,/kaggle/working/images/pottery_terracotta/7912349368470.jpg
7921,pottery_terracotta,/kaggle/working/images/pottery_terracotta/7402899374155.jpg
7380,pottery_terracotta,/kaggle/working/images/pottery_terracotta/7166296260683.jpg
8866,pottery_terracotta,/kaggle/working/images/pottery_terracotta/6739204309067.jpg
9218,pottery_terracotta,/kaggle/working/images/pottery_terracotta/6942829346891.jpg
13857,pottery_terracotta,/kaggle/working/images/pottery_terracotta/7259924856982.jpg
7811,pottery_terracotta,/kaggle/working/images/pottery_terracotta/6535383482443.jpg
25974,pottery_terracotta,/kaggle/working/images/pottery_terracotta/5309336715309.jpg
25125,pottery_terracotta,/kaggle/working/images/pottery_terracotta/10089756459287.jpg
11097,pottery_terracotta,/kaggle/working/images/pottery_terracotta/7605503754435.jpg
24947,pottery_terracotta,/kaggle/working/images/pottery_terracotta/9523749421335.jpg
8408,pottery_terracotta,/kaggle/working/images/pottery_terracotta/7273585115211.jpg
13828,pottery_terracotta,/kaggle/working/images/pottery_terracotta/8303119761558.jpg
25361,pottery_terracotta,/kaggle/working/images/pottery_terracotta/5272700977197.jpg
9129,pottery_terracotta,/kaggle/working/images/pottery_terracotta/6942830821451.jpg
2352,pottery_terracotta,/kaggle/working/images/pottery_terracotta/7273694396491.jpg
13757,pottery_terracotta,/kaggle/working/images/pottery_terracotta/7260080472214.jpg
3220,pottery_terracotta,/kaggle/working/images/pottery_terracotta/6820165386315.jpg
26312,pottery_terracotta,/kaggle/working/images/pottery_terracotta/8605525410014.jpg
7125,pottery_terracotta,/kaggle/working/images/pottery_terracotta/7407482634315.jpg
26227,pottery_terracotta,/kaggle/working/images/pottery_terracotta/8931887612126.jpg
7070,pottery_terracotta,/kaggle/working/images/pottery_terracotta/6739204669515.jpg
7455,pottery_terracotta,/kaggle/working/images/pottery_terracotta/4659380748363.jpg
25985,pottery_terracotta,/kaggle/working/images/pottery_terracotta/5309336158253.jpg
8655,pottery_terracotta,/kaggle/working/images/pottery_terracotta/7457624096843.jpg
5921,pottery_terracotta,/kaggle/working/images/pottery_terracotta/6838211084363.jpg
13755,pottery_terracotta,/kaggle/working/images/pottery_terracotta/7260077129878.jpg
7530,pottery_terracotta,/kaggle/working/images/pottery_terracotta/6739202768971.jpg
4098,pottery_terracotta,/kaggle/working/images/pottery_terracotta/6739203227723.jpg
8948,pottery_terracotta,/kaggle/working/images/pottery_terracotta/6695665238091.jpg
12933,woodcraft,/kaggle/working/images/woodcraft/9063741030631.jpg
26778,woodcraft,/kaggle/working/images/woodcraft/9331348111582.jpg
25947,woodcraft,/kaggle/working/images/woodcraft/7066984546349.jpg
12116,woodcraft,/kaggle/working/images/woodcraft/8124627386563.jpg
19991,woodcraft,/kaggle/working/images/woodcraft/8292526850343.jpg
10624,woodcraft,/kaggle/working/images/woodcraft/7906885763267.jpg
26610,woodcraft,/kaggle/working/images/woodcraft/8942497956062.jpg
12112,woodcraft,/kaggle/working/images/woodcraft/8124711731395.jpg
20123,woodcraft,/kaggle/working/images/woodcraft/8292545823015.jpg
26540,woodcraft,/kaggle/working/images/woodcraft/9001876619486.jpg
10165,woodcraft,/kaggle/working/images/woodcraft/7498534355139.jpg
12782,woodcraft,/kaggle/working/images/woodcraft/8063427576003.jpg
9977,woodcraft,/kaggle/working/images/woodcraft/7311202255043.jpg
12787,woodcraft,/kaggle/working/images/woodcraft/8063429083331.jpg
10480,woodcraft,/kaggle/working/images/woodcraft/14906675429571.jpg
10625,woodcraft,/kaggle/working/images/woodcraft/7970167062723.jpg
25598,woodcraft,/kaggle/working/images/woodcraft/8247708614968.jpg
20154,woodcraft,/kaggle/working/images/woodcraft/8292527472935.jpg
20095,woodcraft,/kaggle/working/images/woodcraft/8782088831271.jpg
10048,woodcraft,/kaggle/working/images/woodcraft/6599029850307.jpg
26770,woodcraft,/kaggle/working/images/woodcraft/9331348439262.jpg
10050,woodcraft,/kaggle/working/images/woodcraft/7955496468675.jpg
9965,woodcraft,/kaggle/working/images/woodcraft/7077073256643.jpg
9937,woodcraft,/kaggle/working/images/woodcraft/8235316674755.jpg
10635,woodcraft,/kaggle/working/images/woodcraft/7606259810499.jpg
25216,woodcraft,/kaggle/working/images/woodcraft/5181784522797.jpg
20018,woodcraft,/kaggle/working/images/woodcraft/9740599165223.jpg
12209,woodcraft,/kaggle/working/images/woodcraft/7626151035075.jpg
26570,woodcraft,/kaggle/working/images/woodcraft/9124018847966.jpg
26771,woodcraft,/kaggle/working/images/woodcraft/9331348013278.jpg
26423,woodcraft,/kaggle/working/images/woodcraft/8995811426526.jpg
12868,woodcraft,/kaggle/working/images/woodcraft/7899135869111.jpg
12867,woodcraft,/kaggle/working/images/woodcraft/7904463978679.jpg
26528,woodcraft,/kaggle/working/images/woodcraft/8942499004638.jpg
7161,woodcraft,/kaggle/working/images/woodcraft/6635616632907.jpg
13271,woodcraft,/kaggle/working/images/woodcraft/9101535150311.jpg
11582,woodcraft,/kaggle/working/images/woodcraft/7868295020739.jpg
11210,woodcraft,/kaggle/working/images/woodcraft/7241558261955.jpg
12814,woodcraft,/kaggle/working/images/woodcraft/7904849985719.jpg
23472,woodcraft,/kaggle/working/images/woodcraft/8292526227751.jpg
10483,woodcraft,/kaggle/working/images/woodcraft/6841977667779.jpg
26527,woodcraft,/kaggle/working/images/woodcraft/8942498971870.jpg
26571,woodcraft,/kaggle/working/images/woodcraft/8605539991774.jpg
14400,woodcraft,/kaggle/working/images/woodcraft/8384466256188.jpg
12788,woodcraft,/kaggle/working/images/woodcraft/8063429279939.jpg
11014,woodcraft,/kaggle/working/images/woodcraft/7244929269955.jpg
12974,woodcraft,/kaggle/working/images/woodcraft/9063737721063.jpg
10326,woodcraft,/kaggle/working/images/woodcraft/7004726231235.jpg
13080,woodcraft,/kaggle/working/images/woodcraft/9063741456615.jpg
12971,woodcraft,/kaggle/working/images/woodcraft/9063742505191.jpg
20420,woodcraft,/kaggle/working/images/woodcraft/8292523606311.jpg
9964,woodcraft,/kaggle/working/images/woodcraft/7077072994499.jpg
20357,woodcraft,/kaggle/working/images/woodcraft/8292519215399.jpg
12815,woodcraft,/kaggle/working/images/woodcraft/7904830423223.jpg
25812,woodcraft,/kaggle/working/images/woodcraft/8258179825976.jpg
10540,woodcraft,/kaggle/working/images/woodcraft/7526787776707.jpg
26658,woodcraft,/kaggle/working/images/woodcraft/8995811524830.jpg
25154,woodcraft,/kaggle/working/images/woodcraft/8586707140887.jpg
11081,woodcraft,/kaggle/working/images/woodcraft/14919757332675.jpg
9186,woodcraft,/kaggle/working/images/woodcraft/6736909697099.jpg
26378,woodcraft,/kaggle/working/images/woodcraft/8995811590366.jpg
10636,woodcraft,/kaggle/working/images/woodcraft/7605808562371.jpg
26539,woodcraft,/kaggle/working/images/woodcraft/9001875243230.jpg
20246,woodcraft,/kaggle/working/images/woodcraft/9743588327719.jpg
12789,woodcraft,/kaggle/working/images/woodcraft/8063429673155.jpg
9942,woodcraft,/kaggle/working/images/woodcraft/8014050689219.jpg
19990,woodcraft,/kaggle/working/images/woodcraft/8292546150695.jpg
26239,woodcraft,/kaggle/working/images/woodcraft/8881733271774.jpg
5255,woodcraft,/kaggle/working/images/woodcraft/7273698984011.jpg
23172,woodcraft,/kaggle/working/images/woodcraft/8292520296743.jpg
12786,woodcraft,/kaggle/working/images/woodcraft/8063428853955.jpg
11581,woodcraft,/kaggle/working/images/woodcraft/7906850734275.jpg
13079,woodcraft,/kaggle/working/images/woodcraft/9063743127783.jpg
10607,woodcraft,/kaggle/working/images/woodcraft/7989679587523.jpg
11080,woodcraft,/kaggle/working/images/woodcraft/14919756939459.jpg
20419,woodcraft,/kaggle/working/images/woodcraft/8292469834023.jpg
10481,woodcraft,/kaggle/working/images/woodcraft/14906675462339.jpg
10479,woodcraft,/kaggle/working/images/woodcraft/6599028015299.jpg
23083,woodcraft,/kaggle/working/images/woodcraft/9743589933351.jpg
12942,woodcraft,/kaggle/working/images/woodcraft/9063118668007.jpg
11079,woodcraft,/kaggle/working/images/woodcraft/14919744585923.jpg
26543,woodcraft,/kaggle/working/images/woodcraft/8942497857758.jpg
20241,woodcraft,/kaggle/working/images/woodcraft/8292519313703.jpg
26777,woodcraft,/kaggle/working/images/woodcraft/9331347914974.jpg
26349,woodcraft,/kaggle/working/images/woodcraft/8881732714718.jpg
11973,woodcraft,/kaggle/working/images/woodcraft/8130782396611.jpg
23603,woodcraft,/kaggle/working/images/woodcraft/8292526162215.jpg
12783,woodcraft,/kaggle/working/images/woodcraft/8063427772611.jpg
12848,woodcraft,/kaggle/working/images/woodcraft/7899136983223.jpg
10637,woodcraft,/kaggle/working/images/woodcraft/7552422805699.jpg
20356,woodcraft,/kaggle/working/images/woodcraft/9667202973991.jpg
26611,woodcraft,/kaggle/working/images/woodcraft/8942497890526.jpg
23826,woodcraft,/kaggle/working/images/woodcraft/8292527046951.jpg
12784,woodcraft,/kaggle/working/images/woodcraft/8063428296899.jpg
26780,woodcraft,/kaggle/working/images/woodcraft/9331348046046.jpg
20096,woodcraft,/kaggle/working/images/woodcraft/8292525670695.jpg
20149,woodcraft,/kaggle/working/images/woodcraft/8292500373799.jpg
12114,woodcraft,/kaggle/working/images/woodcraft/8075157635267.jpg
9469,woodcraft,/kaggle/working/images/woodcraft/6736909566027.jpg
21294,woodcraft,/kaggle/working/images/woodcraft/8292467048743.jpg
23722,woodcraft,/kaggle/working/images/woodcraft/8292472717607.jpg
12028,woodcraft,/kaggle/working/images/woodcraft/8103955529923.jpg
11013,woodcraft,/kaggle/working/images/woodcraft/6995793772739.jpg
12970,woodcraft,/kaggle/working/images/woodcraft/9063734280423.jpg
12929,woodcraft,/kaggle/working/images/woodcraft/9063721763047.jpg
10638,woodcraft,/kaggle/working/images/woodcraft/7552422019267.jpg
11583,woodcraft,/kaggle/working/images/woodcraft/7722374856899.jpg
9935,woodcraft,/kaggle/working/images/woodcraft/8235316576451.jpg
11435,woodcraft,/kaggle/working/images/woodcraft/14944806666435.jpg
12828,woodcraft,/kaggle/working/images/woodcraft/7904850116791.jpg
23719,woodcraft,/kaggle/working/images/woodcraft/8292526129447.jpg
20382,woodcraft,/kaggle/working/images/woodcraft/8292520067367.jpg
19964,woodcraft,/kaggle/working/images/woodcraft/8495805661479.jpg
13003,woodcraft,/kaggle/working/images/woodcraft/9063740047591.jpg
26544,woodcraft,/kaggle/working/images/woodcraft/8942497824990.jpg
26554,woodcraft,/kaggle/working/images/woodcraft/8605540057310.jpg
13532,woodcraft,/kaggle/working/images/woodcraft/9063741260007.jpg
9936,woodcraft,/kaggle/working/images/woodcraft/8235316609219.jpg
21209,woodcraft,/kaggle/working/images/woodcraft/8292525408551.jpg
9966,woodcraft,/kaggle/working/images/woodcraft/7070920966339.jpg
12740,woodcraft,/kaggle/working/images/woodcraft/6936411308227.jpg
26431,woodcraft,/kaggle/working/images/woodcraft/8605540188382.jpg
8036,woodcraft,/kaggle/working/images/woodcraft/6762825351243.jpg
10049,woodcraft,/kaggle/working/images/woodcraft/6599030374595.jpg
11052,woodcraft,/kaggle/working/images/woodcraft/7519339053251.jpg
12840,woodcraft,/kaggle/working/images/woodcraft/7904845299895.jpg
26529,woodcraft,/kaggle/working/images/woodcraft/8942499758302.jpg
9934,woodcraft,/kaggle/working/images/woodcraft/8235292491971.jpg
26347,woodcraft,/kaggle/working/images/woodcraft/8881732747486.jpg
12785,woodcraft,/kaggle/working/images/woodcraft/8063428657347.jpg
12115,woodcraft,/kaggle/working/images/woodcraft/8075157897411.jpg
20250,woodcraft,/kaggle/working/images/woodcraft/8292520132903.jpg
12029,woodcraft,/kaggle/working/images/woodcraft/8103953334467.jpg
26779,woodcraft,/kaggle/working/images/woodcraft/9331348144350.jpg
12322,woodcraft,/kaggle/working/images/woodcraft/7626150740163.jpg
11974,woodcraft,/kaggle/working/images/woodcraft/8130782593219.jpg
13531,woodcraft,/kaggle/working/images/woodcraft/9063733723367.jpg
10318,woodcraft,/kaggle/working/images/woodcraft/8071144374467.jpg
12228,woodcraft,/kaggle/working/images/woodcraft/7626150805699.jpg
26772,woodcraft,/kaggle/working/images/woodcraft/9331348570334.jpg
25988,woodcraft,/kaggle/working/images/woodcraft/7066979008557.jpg
11015,woodcraft,/kaggle/working/images/woodcraft/7242261692611.jpg
26633,woodcraft,/kaggle/working/images/woodcraft/8881732780254.jpg
5769,woodcraft,/kaggle/working/images/woodcraft/6762825318475.jpg
12113,woodcraft,/kaggle/working/images/woodcraft/8075157176515.jpg
26211,woodcraft,/kaggle/working/images/woodcraft/9123984179422.jpg
20195,woodcraft,/kaggle/working/images/woodcraft/8292499030311.jpg
20125,woodcraft,/kaggle/working/images/woodcraft/8292524556583.jpg
23085,woodcraft,/kaggle/working/images/woodcraft/8292469735719.jpg
13478,woodcraft,/kaggle/working/images/woodcraft/9063737229543.jpg
12859,woodcraft,/kaggle/working/images/woodcraft/7904858046647.jpg
23720,woodcraft,/kaggle/working/images/woodcraft/8495801336103.jpg
26781,woodcraft,/kaggle/working/images/woodcraft/9331347521758.jpg
10317,woodcraft,/kaggle/working/images/woodcraft/8071144308931.jpg
12834,woodcraft,/kaggle/working/images/woodcraft/7904855818423.jpg
20248,woodcraft,/kaggle/working/images/woodcraft/8292523802919.jpg
9967,woodcraft,/kaggle/working/images/woodcraft/7077072830659.jpg
19966,woodcraft,/kaggle/working/images/woodcraft/8292523540775.jpg
20161,woodcraft,/kaggle/working/images/woodcraft/8782086897959.jpg
26687,metalcraft,/kaggle/working/images/metalcraft/8942498218206.jpg
26382,metalcraft,/kaggle/working/images/metalcraft/8867428794590.jpg
26390,metalcraft,/kaggle/working/images/metalcraft/8692363591902.jpg
26686,metalcraft,/kaggle/working/images/metalcraft/8942498283742.jpg
26505,metalcraft,/kaggle/working/images/metalcraft/7598073807070.jpg
26735,metalcraft,/kaggle/working/images/metalcraft/8881732813022.jpg
10459,metalcraft,/kaggle/working/images/metalcraft/7241270591683.jpg
26192,metalcraft,/kaggle/working/images/metalcraft/8692365263070.jpg
26149,metalcraft,/kaggle/working/images/metalcraft/8828125348062.jpg
10458,metalcraft,/kaggle/working/images/metalcraft/7241268199619.jpg
12819,metalcraft,/kaggle/working/images/metalcraft/7904867025079.jpg
26427,metalcraft,/kaggle/working/images/metalcraft/8995811295454.jpg
26475,metalcraft,/kaggle/working/images/metalcraft/8931931357406.jpg
26262,metalcraft,/kaggle/working/images/metalcraft/8881733239006.jpg
26253,metalcraft,/kaggle/working/images/metalcraft/9313108951262.jpg
26195,metalcraft,/kaggle/working/images/metalcraft/8942498644190.jpg
26736,metalcraft,/kaggle/working/images/metalcraft/8881732518110.jpg
26228,metalcraft,/kaggle/working/images/metalcraft/8881732681950.jpg
26157,metalcraft,/kaggle/working/images/metalcraft/9123671015646.jpg
26230,metalcraft,/kaggle/working/images/metalcraft/8868318576862.jpg
26460,metalcraft,/kaggle/working/images/metalcraft/9330514657502.jpg
26399,metalcraft,/kaggle/working/images/metalcraft/8881732649182.jpg
95,metalcraft,/kaggle/working/images/metalcraft/6685401251915.jpg
26457,metalcraft,/kaggle/working/images/metalcraft/9123671933150.jpg
26737,metalcraft,/kaggle/working/images/metalcraft/8881733042398.jpg
12817,metalcraft,/kaggle/working/images/metalcraft/7904438190263.jpg
26164,metalcraft,/kaggle/working/images/metalcraft/8881732387038.jpg
26497,metalcraft,/kaggle/working/images/metalcraft/7723783946462.jpg
10456,metalcraft,/kaggle/working/images/metalcraft/6976537690307.jpg
26788,metalcraft,/kaggle/working/images/metalcraft/8884058095838.jpg
26272,metalcraft,/kaggle/working/images/metalcraft/9040263577822.jpg
10457,metalcraft,/kaggle/working/images/metalcraft/6977622737091.jpg
26500,metalcraft,/kaggle/working/images/metalcraft/8881733173470.jpg
26346,metalcraft,/kaggle/working/images/metalcraft/8881732944094.jpg
26542,metalcraft,/kaggle/working/images/metalcraft/8881732485342.jpg
26163,metalcraft,/kaggle/working/images/metalcraft/8868286464222.jpg
26337,metalcraft,/kaggle/working/images/metalcraft/8828117680350.jpg
26254,metalcraft,/kaggle/working/images/metalcraft/9313112817886.jpg
26268,metalcraft,/kaggle/working/images/metalcraft/9330516295902.jpg
16632,metalcraft,/kaggle/working/images/metalcraft/10444041879868.jpg
26217,metalcraft,/kaggle/working/images/metalcraft/8828176990430.jpg
26450,metalcraft,/kaggle/working/images/metalcraft/8868226924766.jpg
26688,metalcraft,/kaggle/working/images/metalcraft/8942498250974.jpg
2328,jewellery,/kaggle/working/images/jewellery/7191363420235.jpg
26585,jewellery,/kaggle/working/images/jewellery/7612518793438.jpg
20373,jewellery,/kaggle/working/images/jewellery/10245257691431.jpg
24522,jewellery,/kaggle/working/images/jewellery/8292413473063.jpg
10398,jewellery,/kaggle/working/images/jewellery/14946019213507.jpg
21360,jewellery,/kaggle/working/images/jewellery/9605982650663.jpg
980,jewellery,/kaggle/working/images/jewellery/6871181099083.jpg
2015,jewellery,/kaggle/working/images/jewellery/7384896929867.jpg
25588,jewellery,/kaggle/working/images/jewellery/9854557421880.jpg
26507,jewellery,/kaggle/working/images/jewellery/7597838893278.jpg
24713,jewellery,/kaggle/working/images/jewellery/8292445978919.jpg
19597,jewellery,/kaggle/working/images/jewellery/9043164856483.jpg
26185,jewellery,/kaggle/working/images/jewellery/9167979249886.jpg
24202,jewellery,/kaggle/working/images/jewellery/8292541038887.jpg
17912,jewellery,/kaggle/working/images/jewellery/10440085668156.jpg
20478,jewellery,/kaggle/working/images/jewellery/10254896496935.jpg
1094,jewellery,/kaggle/working/images/jewellery/6685643997259.jpg
2506,jewellery,/kaggle/working/images/jewellery/7458917384267.jpg
24028,jewellery,/kaggle/working/images/jewellery/8292476092711.jpg
6707,jewellery,/kaggle/working/images/jewellery/4735131254859.jpg
20223,jewellery,/kaggle/working/images/jewellery/9187004612903.jpg
20323,jewellery,/kaggle/working/images/jewellery/9548981240103.jpg
25399,jewellery,/kaggle/working/images/jewellery/5272700354605.jpg
21231,jewellery,/kaggle/working/images/jewellery/9982211588391.jpg
13798,jewellery,/kaggle/working/images/jewellery/8307557793942.jpg
244,jewellery,/kaggle/working/images/jewellery/6871181164619.jpg
14940,jewellery,/kaggle/working/images/jewellery/10128493183292.jpg
17846,jewellery,/kaggle/working/images/jewellery/10042754761020.jpg
1084,jewellery,/kaggle/working/images/jewellery/7273711370315.jpg
12800,jewellery,/kaggle/working/images/jewellery/7290631127235.jpg
1443,jewellery,/kaggle/working/images/jewellery/6826025058379.jpg
19546,jewellery,/kaggle/working/images/jewellery/9037241417891.jpg
24926,jewellery,/kaggle/working/images/jewellery/10060233113879.jpg
23979,jewellery,/kaggle/working/images/jewellery/8292461576487.jpg
14087,jewellery,/kaggle/working/images/jewellery/8043976753337.jpg
20582,jewellery,/kaggle/working/images/jewellery/10103943725351.jpg
14198,jewellery,/kaggle/working/images/jewellery/8213402288313.jpg
2616,jewellery,/kaggle/working/images/jewellery/6846652022859.jpg
25432,jewellery,/kaggle/working/images/jewellery/9844349894968.jpg
725,jewellery,/kaggle/working/images/jewellery/6871185326155.jpg
23691,jewellery,/kaggle/working/images/jewellery/8292491657511.jpg
9084,jewellery,/kaggle/working/images/jewellery/7233822949451.jpg
1344,jewellery,/kaggle/working/images/jewellery/6942841995339.jpg
1509,jewellery,/kaggle/working/images/jewellery/6696219738187.jpg
5645,jewellery,/kaggle/working/images/jewellery/6799827042379.jpg
20565,jewellery,/kaggle/working/images/jewellery/10116330193191.jpg
10904,jewellery,/kaggle/working/images/jewellery/8129063551171.jpg
7052,jewellery,/kaggle/working/images/jewellery/6833961304139.jpg
867,jewellery,/kaggle/working/images/jewellery/6696216461387.jpg
4225,jewellery,/kaggle/working/images/jewellery/6611459178571.jpg
14033,jewellery,/kaggle/working/images/jewellery/12302499643552.jpg
8267,jewellery,/kaggle/working/images/jewellery/7182400290891.jpg
17001,jewellery,/kaggle/working/images/jewellery/10424331206972.jpg
1461,jewellery,/kaggle/working/images/jewellery/6752969654347.jpg
25531,jewellery,/kaggle/working/images/jewellery/10421673886008.jpg
26579,jewellery,/kaggle/working/images/jewellery/8474517504222.jpg
1285,jewellery,/kaggle/working/images/jewellery/6835952648267.jpg
26028,jewellery,/kaggle/working/images/jewellery/9448683209016.jpg
23854,jewellery,/kaggle/working/images/jewellery/8292417863975.jpg
10657,jewellery,/kaggle/working/images/jewellery/7704736235715.jpg
9295,jewellery,/kaggle/working/images/jewellery/6898506727499.jpg
24543,jewellery,/kaggle/working/images/jewellery/8292436869415.jpg
18493,jewellery,/kaggle/working/images/jewellery/9152731316540.jpg
12827,jewellery,/kaggle/working/images/jewellery/7904853098679.jpg
25560,jewellery,/kaggle/working/images/jewellery/9853910286648.jpg
13657,jewellery,/kaggle/working/images/jewellery/9591895392487.jpg
11436,jewellery,/kaggle/working/images/jewellery/8076489982147.jpg
13244,jewellery,/kaggle/working/images/jewellery/9069778010343.jpg
26705,jewellery,/kaggle/working/images/jewellery/8050885263582.jpg
14234,jewellery,/kaggle/working/images/jewellery/8220719972537.jpg
1830,jewellery,/kaggle/working/images/jewellery/7233301545035.jpg
7001,jewellery,/kaggle/working/images/jewellery/6608390848587.jpg
10862,jewellery,/kaggle/working/images/jewellery/8117797060803.jpg
19625,jewellery,/kaggle/working/images/jewellery/9223355531427.jpg
12975,jewellery,/kaggle/working/images/jewellery/9097187786983.jpg
13646,jewellery,/kaggle/working/images/jewellery/9530560807143.jpg
711,jewellery,/kaggle/working/images/jewellery/7265004322891.jpg
15337,jewellery,/kaggle/working/images/jewellery/10000852746556.jpg
19135,jewellery,/kaggle/working/images/jewellery/10435296067900.jpg
21119,jewellery,/kaggle/working/images/jewellery/10116383768871.jpg
26039,jewellery,/kaggle/working/images/jewellery/9463458922808.jpg
19998,jewellery,/kaggle/working/images/jewellery/8292460429607.jpg
16275,jewellery,/kaggle/working/images/jewellery/10402422554940.jpg
19251,jewellery,/kaggle/working/images/jewellery/10381617070396.jpg
13937,jewellery,/kaggle/working/images/jewellery/7237662277782.jpg
24895,jewellery,/kaggle/working/images/jewellery/10058977280279.jpg
1264,jewellery,/kaggle/working/images/jewellery/6830247149643.jpg
21199,jewellery,/kaggle/working/images/jewellery/8292524294439.jpg
13625,jewellery,/kaggle/working/images/jewellery/9463377658087.jpg
4032,jewellery,/kaggle/working/images/jewellery/6788034297931.jpg
21020,jewellery,/kaggle/working/images/jewellery/10098409275687.jpg
9176,jewellery,/kaggle/working/images/jewellery/6851699867723.jpg
13053,jewellery,/kaggle/working/images/jewellery/9538225766631.jpg
285,jewellery,/kaggle/working/images/jewellery/6725875204171.jpg
16058,jewellery,/kaggle/working/images/jewellery/10239511331132.jpg
22757,jewellery,/kaggle/working/images/jewellery/8292507189543.jpg
988,jewellery,/kaggle/working/images/jewellery/7167843074123.jpg
9290,jewellery,/kaggle/working/images/jewellery/6940102688843.jpg
20477,jewellery,/kaggle/working/images/jewellery/10254909112615.jpg
19653,jewellery,/kaggle/working/images/jewellery/9163894751395.jpg
24098,jewellery,/kaggle/working/images/jewellery/8292336337191.jpg
12610,jewellery,/kaggle/working/images/jewellery/8008738111683.jpg
20765,jewellery,/kaggle/working/images/jewellery/10046883889447.jpg
178,jewellery,/kaggle/working/images/jewellery/4446449958987.jpg
14169,jewellery,/kaggle/working/images/jewellery/8295191380153.jpg
10100,jewellery,/kaggle/working/images/jewellery/8039536165059.jpg
11223,jewellery,/kaggle/working/images/jewellery/8086572335299.jpg
13022,jewellery,/kaggle/working/images/jewellery/9423718351079.jpg
9256,jewellery,/kaggle/working/images/jewellery/6555785986123.jpg
1212,jewellery,/kaggle/working/images/jewellery/6802913624139.jpg
9888,jewellery,/kaggle/working/images/jewellery/8129940127939.jpg
25222,jewellery,/kaggle/working/images/jewellery/10529260437816.jpg
15222,jewellery,/kaggle/working/images/jewellery/10123526603068.jpg
14222,jewellery,/kaggle/working/images/jewellery/8306490441913.jpg
24673,jewellery,/kaggle/working/images/jewellery/8292418257191.jpg
153,jewellery,/kaggle/working/images/jewellery/4446447534155.jpg
16241,jewellery,/kaggle/working/images/jewellery/10286183416124.jpg
25534,jewellery,/kaggle/working/images/jewellery/10448459989304.jpg
16872,jewellery,/kaggle/working/images/jewellery/10264174625084.jpg
19229,jewellery,/kaggle/working/images/jewellery/9803968577852.jpg
23009,jewellery,/kaggle/working/images/jewellery/10166690414887.jpg
511,jewellery,/kaggle/working/images/jewellery/6685642981451.jpg
4533,jewellery,/kaggle/working/images/jewellery/6678233448523.jpg
25580,jewellery,/kaggle/working/images/jewellery/9854244749624.jpg
9567,jewellery,/kaggle/working/images/jewellery/4732734308427.jpg
1617,jewellery,/kaggle/working/images/jewellery/6752969359435.jpg
24703,jewellery,/kaggle/working/images/jewellery/8292423500071.jpg
21619,jewellery,/kaggle/working/images/jewellery/8292437393703.jpg
23843,jewellery,/kaggle/working/images/jewellery/8292391649575.jpg
24537,jewellery,/kaggle/working/images/jewellery/8292436115751.jpg
14073,jewellery,/kaggle/working/images/jewellery/8511494160569.jpg
20916,jewellery,/kaggle/working/images/jewellery/9829379768615.jpg
14807,jewellery,/kaggle/working/images/jewellery/10020259463484.jpg
14303,jewellery,/kaggle/working/images/jewellery/8220887875769.jpg
23555,jewellery,/kaggle/working/images/jewellery/8292496539943.jpg
17230,jewellery,/kaggle/working/images/jewellery/10426175553852.jpg
4946,jewellery,/kaggle/working/images/jewellery/6901692465227.jpg
14125,jewellery,/kaggle/working/images/jewellery/8213394555065.jpg
23868,jewellery,/kaggle/working/images/jewellery/8292419174695.jpg
16470,jewellery,/kaggle/working/images/jewellery/10296526668092.jpg
25297,jewellery,/kaggle/working/images/jewellery/5182111744045.jpg
25956,jewellery,/kaggle/working/images/jewellery/9849834242360.jpg
17345,jewellery,/kaggle/working/images/jewellery/9626804224316.jpg
7533,jewellery,/kaggle/working/images/jewellery/6967900340299.jpg
763,jewellery,/kaggle/working/images/jewellery/4583617527883.jpg
7859,jewellery,/kaggle/working/images/jewellery/7286822010955.jpg
20902,jewellery,/kaggle/working/images/jewellery/10247915897127.jpg
14166,jewellery,/kaggle/working/images/jewellery/8043898372281.jpg
10109,jewellery,/kaggle/working/images/jewellery/7682843410627.jpg
17835,jewellery,/kaggle/working/images/jewellery/10093746979132.jpg
13306,jewellery,/kaggle/working/images/jewellery/9538263318759.jpg
3898,jewellery,/kaggle/working/images/jewellery/4693778038859.jpg
8736,jewellery,/kaggle/working/images/jewellery/4574242603083.jpg
6195,jewellery,/kaggle/working/images/jewellery/7138449031243.jpg
7171,jewellery,/kaggle/working/images/jewellery/7507278200907.jpg
2735,jewellery,/kaggle/working/images/jewellery/7177432399947.jpg
10332,jewellery,/kaggle/working/images/jewellery/8061193453763.jpg
1424,jewellery,/kaggle/working/images/jewellery/6942840291403.jpg
17599,jewellery,/kaggle/working/images/jewellery/10433165590844.jpg
103,jewellery,/kaggle/working/images/jewellery/6851699703883.jpg
14148,jewellery,/kaggle/working/images/jewellery/8017217847481.jpg
2547,jewellery,/kaggle/working/images/jewellery/7190298165323.jpg
23258,jewellery,/kaggle/working/images/jewellery/10327977787687.jpg
1062,jewellery,/kaggle/working/images/jewellery/4591635759179.jpg
23477,jewellery,/kaggle/working/images/jewellery/8292470260007.jpg
23611,jewellery,/kaggle/working/images/jewellery/9605999788327.jpg
7658,jewellery,/kaggle/working/images/jewellery/7891996704843.jpg
236,jewellery,/kaggle/working/images/jewellery/4446451630155.jpg
25620,jewellery,/kaggle/working/images/jewellery/10706932269368.jpg
24513,jewellery,/kaggle/working/images/jewellery/8292414882087.jpg
23458,jewellery,/kaggle/working/images/jewellery/8607342985511.jpg
19165,jewellery,/kaggle/working/images/jewellery/9891745661244.jpg
13038,jewellery,/kaggle/working/images/jewellery/8905006219495.jpg
1769,jewellery,/kaggle/working/images/jewellery/6780158050379.jpg
14885,jewellery,/kaggle/working/images/jewellery/10093735575868.jpg
349,jewellery,/kaggle/working/images/jewellery/7130117275723.jpg
18085,jewellery,/kaggle/working/images/jewellery/10276630921532.jpg
824,jewellery,/kaggle/working/images/jewellery/7167843729483.jpg
20412,jewellery,/kaggle/working/images/jewellery/9797809570087.jpg
25871,jewellery,/kaggle/working/images/jewellery/5272896307245.jpg
7053,jewellery,/kaggle/working/images/jewellery/6943998836811.jpg
5822,jewellery,/kaggle/working/images/jewellery/6827756093515.jpg
1817,jewellery,/kaggle/working/images/jewellery/7287354884171.jpg
14318,jewellery,/kaggle/working/images/jewellery/8059760246969.jpg
13085,jewellery,/kaggle/working/images/jewellery/9519091908839.jpg
11982,jewellery,/kaggle/working/images/jewellery/8087107797187.jpg
23970,jewellery,/kaggle/working/images/jewellery/8292460953895.jpg
12665,jewellery,/kaggle/working/images/jewellery/8191136628931.jpg
23715,jewellery,/kaggle/working/images/jewellery/8782080901415.jpg
21326,jewellery,/kaggle/working/images/jewellery/10166690316583.jpg
6299,jewellery,/kaggle/working/images/jewellery/6604095062091.jpg
4468,jewellery,/kaggle/working/images/jewellery/6677573369931.jpg
6638,jewellery,/kaggle/working/images/jewellery/7408770809931.jpg
21246,jewellery,/kaggle/working/images/jewellery/9431850189095.jpg
11485,jewellery,/kaggle/working/images/jewellery/7692563742915.jpg
6618,jewellery,/kaggle/working/images/jewellery/6920464040011.jpg
18127,jewellery,/kaggle/working/images/jewellery/10266896859452.jpg
17859,jewellery,/kaggle/working/images/jewellery/10440041169212.jpg
26435,jewellery,/kaggle/working/images/jewellery/7597814939870.jpg
24654,jewellery,/kaggle/working/images/jewellery/8292383752487.jpg
3947,jewellery,/kaggle/working/images/jewellery/7449105891403.jpg
25200,jewellery,/kaggle/working/images/jewellery/5251160866861.jpg
21004,jewellery,/kaggle/working/images/jewellery/8292315496743.jpg
13557,jewellery,/kaggle/working/images/jewellery/9530462273767.jpg
25510,jewellery,/kaggle/working/images/jewellery/10250736828728.jpg
23947,jewellery,/kaggle/working/images/jewellery/8292446732583.jpg
25238,jewellery,/kaggle/working/images/jewellery/5273907232813.jpg
20269,jewellery,/kaggle/working/images/jewellery/10254915404071.jpg
11278,jewellery,/kaggle/working/images/jewellery/7004620914883.jpg
12741,jewellery,/kaggle/working/images/jewellery/6936726831299.jpg
23687,jewellery,/kaggle/working/images/jewellery/9740606243111.jpg
9943,jewellery,/kaggle/working/images/jewellery/8098165588163.jpg
6833,jewellery,/kaggle/working/images/jewellery/6817088929867.jpg
20299,jewellery,/kaggle/working/images/jewellery/10256169763111.jpg
10952,jewellery,/kaggle/working/images/jewellery/7391213748419.jpg
5200,jewellery,/kaggle/working/images/jewellery/7297041170507.jpg
580,jewellery,/kaggle/working/images/jewellery/6559933562955.jpg
23812,jewellery,/kaggle/working/images/jewellery/8292522328359.jpg
23948,jewellery,/kaggle/working/images/jewellery/8292446765351.jpg
7532,jewellery,/kaggle/working/images/jewellery/6967873339467.jpg
3376,jewellery,/kaggle/working/images/jewellery/6885775933515.jpg
19968,jewellery,/kaggle/working/images/jewellery/8292450238759.jpg
23958,jewellery,/kaggle/working/images/jewellery/8292447551783.jpg
18856,jewellery,/kaggle/working/images/jewellery/9654724690236.jpg
20084,jewellery,/kaggle/working/images/jewellery/8855436263719.jpg
13892,jewellery,/kaggle/working/images/jewellery/7237660999830.jpg
21047,jewellery,/kaggle/working/images/jewellery/8495817589031.jpg
13360,jewellery,/kaggle/working/images/jewellery/9519602172135.jpg
561,jewellery,/kaggle/working/images/jewellery/4684583272523.jpg
16462,jewellery,/kaggle/working/images/jewellery/10485542256956.jpg
14290,jewellery,/kaggle/working/images/jewellery/8493118685369.jpg
24099,jewellery,/kaggle/working/images/jewellery/8292531765543.jpg
23986,jewellery,/kaggle/working/images/jewellery/8292462362919.jpg
25803,jewellery,/kaggle/working/images/jewellery/9853787242808.jpg
16177,jewellery,/kaggle/working/images/jewellery/10416054894908.jpg
23954,jewellery,/kaggle/working/images/jewellery/8292447256871.jpg
9953,jewellery,/kaggle/working/images/jewellery/7736543576259.jpg
16584,jewellery,/kaggle/working/images/jewellery/10424311316796.jpg
23268,jewellery,/kaggle/working/images/jewellery/8499881443623.jpg
712,jewellery,/kaggle/working/images/jewellery/6871180509259.jpg
19006,jewellery,/kaggle/working/images/jewellery/10094145339708.jpg
5849,jewellery,/kaggle/working/images/jewellery/7455840534603.jpg
15785,jewellery,/kaggle/working/images/jewellery/10045231694140.jpg
11981,jewellery,/kaggle/working/images/jewellery/8234931290307.jpg
18676,jewellery,/kaggle/working/images/jewellery/10275766927676.jpg
24053,jewellery,/kaggle/working/images/jewellery/8292482154791.jpg
15611,jewellery,/kaggle/working/images/jewellery/10411239964988.jpg
1693,jewellery,/kaggle/working/images/jewellery/6695103791179.jpg
11032,jewellery,/kaggle/working/images/jewellery/8252841754819.jpg
10526,jewellery,/kaggle/working/images/jewellery/8049697456323.jpg
3881,jewellery,/kaggle/working/images/jewellery/6824862548043.jpg
14206,jewellery,/kaggle/working/images/jewellery/8211555254457.jpg
23897,jewellery,/kaggle/working/images/jewellery/8292421697831.jpg
14295,jewellery,/kaggle/working/images/jewellery/8510933172409.jpg
212,jewellery,/kaggle/working/images/jewellery/4430845935691.jpg
14036,jewellery,/kaggle/working/images/jewellery/14975666585760.jpg
21624,jewellery,/kaggle/working/images/jewellery/8292390404391.jpg
22843,jewellery,/kaggle/working/images/jewellery/8292530880807.jpg
17609,jewellery,/kaggle/working/images/jewellery/10347346985276.jpg
13754,jewellery,/kaggle/working/images/jewellery/7260074508438.jpg
20710,jewellery,/kaggle/working/images/jewellery/9740198445351.jpg
22892,jewellery,/kaggle/working/images/jewellery/8607345148199.jpg
1385,jewellery,/kaggle/working/images/jewellery/7184394911819.jpg
1237,jewellery,/kaggle/working/images/jewellery/6835952549963.jpg
7773,jewellery,/kaggle/working/images/jewellery/7182400553035.jpg
13484,jewellery,/kaggle/working/images/jewellery/9631095619815.jpg
21510,jewellery,/kaggle/working/images/jewellery/8292413243687.jpg
14320,jewellery,/kaggle/working/images/jewellery/8295412433081.jpg
23667,jewellery,/kaggle/working/images/jewellery/10098404131111.jpg
23872,jewellery,/kaggle/working/images/jewellery/8292419469607.jpg
24146,jewellery,/kaggle/working/images/jewellery/8292534518055.jpg
22933,jewellery,/kaggle/working/images/jewellery/9797806358823.jpg
15239,jewellery,/kaggle/working/images/jewellery/10228382269756.jpg
24137,jewellery,/kaggle/working/images/jewellery/8292533600551.jpg
20659,jewellery,/kaggle/working/images/jewellery/8607345770791.jpg
23048,jewellery,/kaggle/working/images/jewellery/10098417664295.jpg
13307,jewellery,/kaggle/working/images/jewellery/9538494693607.jpg
24177,jewellery,/kaggle/working/images/jewellery/8292538548519.jpg
21411,jewellery,/kaggle/working/images/jewellery/10098403410215.jpg
26076,jewellery,/kaggle/working/images/jewellery/6625549516845.jpg
1072,jewellery,/kaggle/working/images/jewellery/6936032542795.jpg
397,jewellery,/kaggle/working/images/jewellery/6912304939083.jpg
6994,jewellery,/kaggle/working/images/jewellery/6608390258763.jpg
4550,jewellery,/kaggle/working/images/jewellery/6604093980747.jpg
9586,jewellery,/kaggle/working/images/jewellery/4627257557067.jpg
6771,jewellery,/kaggle/working/images/jewellery/7455841779787.jpg
1809,jewellery,/kaggle/working/images/jewellery/7287355932747.jpg
6275,jewellery,/kaggle/working/images/jewellery/6776441339979.jpg
5860,jewellery,/kaggle/working/images/jewellery/7863867015243.jpg
13275,jewellery,/kaggle/working/images/jewellery/9101649084647.jpg
26775,jewellery,/kaggle/working/images/jewellery/8853728297182.jpg
11758,jewellery,/kaggle/working/images/jewellery/7522061451459.jpg
16034,jewellery,/kaggle/working/images/jewellery/9104671703356.jpg
21529,jewellery,/kaggle/working/images/jewellery/8292436836647.jpg
24763,jewellery,/kaggle/working/images/jewellery/8292334698791.jpg
20126,jewellery,/kaggle/working/images/jewellery/8292501094695.jpg
18715,jewellery,/kaggle/working/images/jewellery/9959884292412.jpg
20017,jewellery,/kaggle/working/images/jewellery/8607347704103.jpg
15826,jewellery,/kaggle/working/images/jewellery/10117066228028.jpg
23279,jewellery,/kaggle/working/images/jewellery/8499883180327.jpg
18245,basketry_bamboo,/kaggle/working/images/basketry_bamboo/10091967676732.jpg
24252,basketry_bamboo,/kaggle/working/images/basketry_bamboo/8292514267431.jpg
66,basketry_bamboo,/kaggle/working/images/basketry_bamboo/6657668218955.jpg
14836,basketry_bamboo,/kaggle/working/images/basketry_bamboo/10267039891772.jpg
10795,basketry_bamboo,/kaggle/working/images/basketry_bamboo/8064861012163.jpg
20217,basketry_bamboo,/kaggle/working/images/basketry_bamboo/8855437082919.jpg
26614,basketry_bamboo,/kaggle/working/images/basketry_bamboo/9001882484958.jpg
21200,basketry_bamboo,/kaggle/working/images/basketry_bamboo/10036307820839.jpg
8676,basketry_bamboo,/kaggle/working/images/basketry_bamboo/6762822565963.jpg
4749,basketry_bamboo,/kaggle/working/images/basketry_bamboo/6819181199435.jpg
9832,basketry_bamboo,/kaggle/working/images/basketry_bamboo/8143182987459.jpg
22044,basketry_bamboo,/kaggle/working/images/basketry_bamboo/9889819689255.jpg
22899,basketry_bamboo,/kaggle/working/images/basketry_bamboo/9603741679911.jpg
1013,basketry_bamboo,/kaggle/working/images/basketry_bamboo/6825593831499.jpg
19047,basketry_bamboo,/kaggle/working/images/basketry_bamboo/10271924781372.jpg
22439,basketry_bamboo,/kaggle/working/images/basketry_bamboo/9779929547047.jpg
20276,basketry_bamboo,/kaggle/working/images/basketry_bamboo/10056809677095.jpg
14421,basketry_bamboo,/kaggle/working/images/basketry_bamboo/9908921762108.jpg
16557,basketry_bamboo,/kaggle/working/images/basketry_bamboo/9629866000700.jpg
21197,basketry_bamboo,/kaggle/working/images/basketry_bamboo/10364802826535.jpg
6426,basketry_bamboo,/kaggle/working/images/basketry_bamboo/6704286236747.jpg
7617,basketry_bamboo,/kaggle/working/images/basketry_bamboo/6762713874507.jpg
10612,basketry_bamboo,/kaggle/working/images/basketry_bamboo/8049712824515.jpg
17925,basketry_bamboo,/kaggle/working/images/basketry_bamboo/10442270114108.jpg
18842,basketry_bamboo,/kaggle/working/images/basketry_bamboo/10037182955836.jpg
15627,basketry_bamboo,/kaggle/working/images/basketry_bamboo/10238344659260.jpg
23352,basketry_bamboo,/kaggle/working/images/basketry_bamboo/9740604506407.jpg
24227,basketry_bamboo,/kaggle/working/images/basketry_bamboo/8292513382695.jpg
19282,basketry_bamboo,/kaggle/working/images/basketry_bamboo/9608702296380.jpg
24350,basketry_bamboo,/kaggle/working/images/basketry_bamboo/8292510892327.jpg
23165,basketry_bamboo,/kaggle/working/images/basketry_bamboo/10098409210151.jpg
11274,basketry_bamboo,/kaggle/working/images/basketry_bamboo/7981444726979.jpg
15545,basketry_bamboo,/kaggle/working/images/basketry_bamboo/10059111039292.jpg
4,basketry_bamboo,/kaggle/working/images/basketry_bamboo/4507659599947.jpg
18120,basketry_bamboo,/kaggle/working/images/basketry_bamboo/10411166073148.jpg
21944,basketry_bamboo,/kaggle/working/images/basketry_bamboo/9889816084775.jpg
17034,basketry_bamboo,/kaggle/working/images/basketry_bamboo/10424312693052.jpg
5234,basketry_bamboo,/kaggle/working/images/basketry_bamboo/6816906641483.jpg
15034,basketry_bamboo,/kaggle/working/images/basketry_bamboo/10165334180156.jpg
15438,basketry_bamboo,/kaggle/working/images/basketry_bamboo/9655107453244.jpg
21724,basketry_bamboo,/kaggle/working/images/basketry_bamboo/8292407640359.jpg
25595,basketry_bamboo,/kaggle/working/images/basketry_bamboo/9674373660984.jpg
15991,basketry_bamboo,/kaggle/working/images/basketry_bamboo/10296140103996.jpg
20803,basketry_bamboo,/kaggle/working/images/basketry_bamboo/9605951783207.jpg
1401,basketry_bamboo,/kaggle/working/images/basketry_bamboo/6847332417611.jpg
947,basketry_bamboo,/kaggle/working/images/basketry_bamboo/6684871917643.jpg
14881,basketry_bamboo,/kaggle/working/images/basketry_bamboo/10169241764156.jpg
1723,basketry_bamboo,/kaggle/working/images/basketry_bamboo/6843295432779.jpg
16016,basketry_bamboo,/kaggle/working/images/basketry_bamboo/10266902855996.jpg
11817,basketry_bamboo,/kaggle/working/images/basketry_bamboo/8244510163139.jpg
9860,basketry_bamboo,/kaggle/working/images/basketry_bamboo/8143166341315.jpg
14402,basketry_bamboo,/kaggle/working/images/basketry_bamboo/9906973475132.jpg
16089,basketry_bamboo,/kaggle/working/images/basketry_bamboo/10275801137468.jpg
18862,basketry_bamboo,/kaggle/working/images/basketry_bamboo/9004074631484.jpg
17728,basketry_bamboo,/kaggle/working/images/basketry_bamboo/9945603637564.jpg
22296,basketry_bamboo,/kaggle/working/images/basketry_bamboo/9889813889319.jpg
21304,basketry_bamboo,/kaggle/working/images/basketry_bamboo/8292500570407.jpg
22489,basketry_bamboo,/kaggle/working/images/basketry_bamboo/9779931775271.jpg
15525,basketry_bamboo,/kaggle/working/images/basketry_bamboo/10019961635132.jpg
20663,basketry_bamboo,/kaggle/working/images/basketry_bamboo/10364830712103.jpg
16542,basketry_bamboo,/kaggle/working/images/basketry_bamboo/9955747168572.jpg
21998,basketry_bamboo,/kaggle/working/images/basketry_bamboo/9889817985319.jpg
25486,basketry_bamboo,/kaggle/working/images/basketry_bamboo/5288898527277.jpg
24333,basketry_bamboo,/kaggle/working/images/basketry_bamboo/8292510302503.jpg
26513,basketry_bamboo,/kaggle/working/images/basketry_bamboo/8517295210718.jpg
21371,basketry_bamboo,/kaggle/working/images/basketry_bamboo/10364803940647.jpg
18760,basketry_bamboo,/kaggle/working/images/basketry_bamboo/9573668749628.jpg
24288,basketry_bamboo,/kaggle/working/images/basketry_bamboo/8292515545383.jpg
15724,basketry_bamboo,/kaggle/working/images/basketry_bamboo/10269990060348.jpg
25547,basketry_bamboo,/kaggle/working/images/basketry_bamboo/7053444382765.jpg
21132,basketry_bamboo,/kaggle/working/images/basketry_bamboo/10036306247975.jpg
22347,basketry_bamboo,/kaggle/working/images/basketry_bamboo/9889812414759.jpg
17660,basketry_bamboo,/kaggle/working/images/basketry_bamboo/8567061119292.jpg
22500,basketry_bamboo,/kaggle/working/images/basketry_bamboo/9779932430631.jpg
23392,basketry_bamboo,/kaggle/working/images/basketry_bamboo/10327752278311.jpg
15398,basketry_bamboo,/kaggle/working/images/basketry_bamboo/9803202134332.jpg
16299,basketry_bamboo,/kaggle/working/images/basketry_bamboo/10033739366716.jpg
14630,basketry_bamboo,/kaggle/working/images/basketry_bamboo/10059145216316.jpg
15341,basketry_bamboo,/kaggle/working/images/basketry_bamboo/8382320902460.jpg
21955,basketry_bamboo,/kaggle/working/images/basketry_bamboo/9889816445223.jpg
11073,basketry_bamboo,/kaggle/working/images/basketry_bamboo/8022681714883.jpg
25771,basketry_bamboo,/kaggle/working/images/basketry_bamboo/7067645706285.jpg
14360,basketry_bamboo,/kaggle/working/images/basketry_bamboo/10356506722620.jpg
10179,basketry_bamboo,/kaggle/working/images/basketry_bamboo/7506022727875.jpg
22639,basketry_bamboo,/kaggle/working/images/basketry_bamboo/9779938754855.jpg
20846,basketry_bamboo,/kaggle/working/images/basketry_bamboo/9603743252775.jpg
16178,basketry_bamboo,/kaggle/working/images/basketry_bamboo/10091986452796.jpg
15660,basketry_bamboo,/kaggle/working/images/basketry_bamboo/8878986920252.jpg
14988,basketry_bamboo,/kaggle/working/images/basketry_bamboo/10371224928572.jpg
17735,basketry_bamboo,/kaggle/working/images/basketry_bamboo/9608625783100.jpg
4969,basketry_bamboo,/kaggle/working/images/basketry_bamboo/7422873993291.jpg
22404,basketry_bamboo,/kaggle/working/images/basketry_bamboo/9779928072487.jpg
21441,basketry_bamboo,/kaggle/working/images/basketry_bamboo/8607342461223.jpg
15622,basketry_bamboo,/kaggle/working/images/basketry_bamboo/10098083594556.jpg
6504,basketry_bamboo,/kaggle/working/images/basketry_bamboo/6718400725067.jpg
15061,basketry_bamboo,/kaggle/working/images/basketry_bamboo/10413300482364.jpg
26125,basketry_bamboo,/kaggle/working/images/basketry_bamboo/8856915771614.jpg
12349,basketry_bamboo,/kaggle/working/images/basketry_bamboo/7637995061443.jpg
20242,basketry_bamboo,/kaggle/working/images/basketry_bamboo/8292425335079.jpg
5154,basketry_bamboo,/kaggle/working/images/basketry_bamboo/6794401611851.jpg
14383,basketry_bamboo,/kaggle/working/images/basketry_bamboo/9851212071228.jpg
26357,basketry_bamboo,/kaggle/working/images/basketry_bamboo/9193260941534.jpg
16647,basketry_bamboo,/kaggle/working/images/basketry_bamboo/10300716613948.jpg
17365,basketry_bamboo,/kaggle/working/images/basketry_bamboo/8425477603644.jpg
25189,basketry_bamboo,/kaggle/working/images/basketry_bamboo/5291163877421.jpg
7086,basketry_bamboo,/kaggle/working/images/basketry_bamboo/6816907493451.jpg
22529,basketry_bamboo,/kaggle/working/images/basketry_bamboo/9779934298407.jpg
18049,basketry_bamboo,/kaggle/working/images/basketry_bamboo/9978943144252.jpg
17076,basketry_bamboo,/kaggle/working/images/basketry_bamboo/10295014981948.jpg
24338,basketry_bamboo,/kaggle/working/images/basketry_bamboo/8292510466343.jpg
19487,basketry_bamboo,/kaggle/working/images/basketry_bamboo/9104441245859.jpg
24380,basketry_bamboo,/kaggle/working/images/basketry_bamboo/8292512039207.jpg
21473,basketry_bamboo,/kaggle/working/images/basketry_bamboo/8292398203175.jpg
16401,basketry_bamboo,/kaggle/working/images/basketry_bamboo/10271881167164.jpg
22117,basketry_bamboo,/kaggle/working/images/basketry_bamboo/9889822736679.jpg
1195,basketry_bamboo,/kaggle/working/images/basketry_bamboo/6822314672203.jpg
1639,basketry_bamboo,/kaggle/working/images/basketry_bamboo/6839597662283.jpg
18224,basketry_bamboo,/kaggle/working/images/basketry_bamboo/10092196430140.jpg
1597,basketry_bamboo,/kaggle/working/images/basketry_bamboo/6824139948107.jpg
18151,basketry_bamboo,/kaggle/working/images/basketry_bamboo/10028991775036.jpg
16809,basketry_bamboo,/kaggle/working/images/basketry_bamboo/10343870038332.jpg
20630,basketry_bamboo,/kaggle/working/images/basketry_bamboo/10166690840871.jpg
11296,basketry_bamboo,/kaggle/working/images/basketry_bamboo/8114228658371.jpg
15704,basketry_bamboo,/kaggle/working/images/basketry_bamboo/9866675159356.jpg
11878,basketry_bamboo,/kaggle/working/images/basketry_bamboo/14944502644931.jpg
26197,basketry_bamboo,/kaggle/working/images/basketry_bamboo/9293910933726.jpg
934,basketry_bamboo,/kaggle/working/images/basketry_bamboo/6684872409163.jpg
20595,basketry_bamboo,/kaggle/working/images/basketry_bamboo/9797811798311.jpg
24361,basketry_bamboo,/kaggle/working/images/basketry_bamboo/8292511318311.jpg
20689,basketry_bamboo,/kaggle/working/images/basketry_bamboo/9431840260391.jpg
15088,basketry_bamboo,/kaggle/working/images/basketry_bamboo/10095944040764.jpg
18072,basketry_bamboo,/kaggle/working/images/basketry_bamboo/10091157389628.jpg
4277,basketry_bamboo,/kaggle/working/images/basketry_bamboo/7449108021323.jpg
23629,basketry_bamboo,/kaggle/working/images/basketry_bamboo/10022493323559.jpg
1124,basketry_bamboo,/kaggle/working/images/basketry_bamboo/6684868968523.jpg
17741,basketry_bamboo,/kaggle/working/images/basketry_bamboo/10030735622460.jpg
17110,basketry_bamboo,/kaggle/working/images/basketry_bamboo/9945878004028.jpg
25796,basketry_bamboo,/kaggle/working/images/basketry_bamboo/5181818830893.jpg
14961,basketry_bamboo,/kaggle/working/images/basketry_bamboo/10128652992828.jpg
46,basketry_bamboo,/kaggle/working/images/basketry_bamboo/6586230800459.jpg
15011,basketry_bamboo,/kaggle/working/images/basketry_bamboo/10166117728572.jpg
10435,basketry_bamboo,/kaggle/working/images/basketry_bamboo/14937406079171.jpg
16490,basketry_bamboo,/kaggle/working/images/basketry_bamboo/10238387585340.jpg
155,basketry_bamboo,/kaggle/working/images/basketry_bamboo/6847332646987.jpg
16444,basketry_bamboo,/kaggle/working/images/basketry_bamboo/8375334142268.jpg
23067,basketry_bamboo,/kaggle/working/images/basketry_bamboo/8670493507879.jpg
5280,basketry_bamboo,/kaggle/working/images/basketry_bamboo/6582606790731.jpg
21679,basketry_bamboo,/kaggle/working/images/basketry_bamboo/8292405805351.jpg
18053,basketry_bamboo,/kaggle/working/images/basketry_bamboo/10265225888060.jpg
15562,basketry_bamboo,/kaggle/working/images/basketry_bamboo/9706070540604.jpg
19019,basketry_bamboo,/kaggle/working/images/basketry_bamboo/8961657667900.jpg
21715,basketry_bamboo,/kaggle/working/images/basketry_bamboo/8292407312679.jpg
20517,basketry_bamboo,/kaggle/working/images/basketry_bamboo/9916255699239.jpg
18235,basketry_bamboo,/kaggle/working/images/basketry_bamboo/10011628962108.jpg
11471,basketry_bamboo,/kaggle/working/images/basketry_bamboo/14904959762627.jpg
14504,basketry_bamboo,/kaggle/working/images/basketry_bamboo/10043130937660.jpg
10618,basketry_bamboo,/kaggle/working/images/basketry_bamboo/8206274625731.jpg
201,basketry_bamboo,/kaggle/working/images/basketry_bamboo/6706610372683.jpg
15092,basketry_bamboo,/kaggle/working/images/basketry_bamboo/10115455484220.jpg
17221,basketry_bamboo,/kaggle/working/images/basketry_bamboo/10144839893308.jpg
21484,basketry_bamboo,/kaggle/working/images/basketry_bamboo/8292397220135.jpg
18697,basketry_bamboo,/kaggle/working/images/basketry_bamboo/10042690044220.jpg
1187,basketry_bamboo,/kaggle/working/images/basketry_bamboo/6822314377291.jpg
22249,basketry_bamboo,/kaggle/working/images/basketry_bamboo/9889828045095.jpg
24287,basketry_bamboo,/kaggle/working/images/basketry_bamboo/8292509712679.jpg
19325,basketry_bamboo,/kaggle/working/images/basketry_bamboo/9512142537020.jpg
11070,basketry_bamboo,/kaggle/working/images/basketry_bamboo/8010515349699.jpg
6296,basketry_bamboo,/kaggle/working/images/basketry_bamboo/6705065492555.jpg
18615,basketry_bamboo,/kaggle/working/images/basketry_bamboo/9986293629244.jpg
24271,basketry_bamboo,/kaggle/working/images/basketry_bamboo/8292514988327.jpg
22058,basketry_bamboo,/kaggle/working/images/basketry_bamboo/9889820475687.jpg
6822,basketry_bamboo,/kaggle/working/images/basketry_bamboo/6731824791627.jpg
16551,basketry_bamboo,/kaggle/working/images/basketry_bamboo/9998689108284.jpg
18951,basketry_bamboo,/kaggle/working/images/basketry_bamboo/9631635177788.jpg
1648,basketry_bamboo,/kaggle/working/images/basketry_bamboo/6838212624459.jpg
21901,basketry_bamboo,/kaggle/working/images/basketry_bamboo/9923708518695.jpg
20300,basketry_bamboo,/kaggle/working/images/basketry_bamboo/10256168485159.jpg
14753,basketry_bamboo,/kaggle/working/images/basketry_bamboo/10238341513532.jpg
20849,basketry_bamboo,/kaggle/working/images/basketry_bamboo/8292468031783.jpg
738,basketry_bamboo,/kaggle/working/images/basketry_bamboo/6684867690571.jpg
1273,basketry_bamboo,/kaggle/working/images/basketry_bamboo/6734087422027.jpg
1266,basketry_bamboo,/kaggle/working/images/basketry_bamboo/6642593267787.jpg
14509,basketry_bamboo,/kaggle/working/images/basketry_bamboo/9694863982908.jpg
9308,basketry_bamboo,/kaggle/working/images/basketry_bamboo/6837050376267.jpg
21392,basketry_bamboo,/kaggle/working/images/basketry_bamboo/9605983764775.jpg
0,basketry_bamboo,/kaggle/working/images/basketry_bamboo/4430881554507.jpg
20573,basketry_bamboo,/kaggle/working/images/basketry_bamboo/10364815638823.jpg
18526,basketry_bamboo,/kaggle/working/images/basketry_bamboo/10091286954300.jpg
19767,basketry_bamboo,/kaggle/working/images/basketry_bamboo/9158853427363.jpg
15212,basketry_bamboo,/kaggle/working/images/basketry_bamboo/9907014435132.jpg
15863,basketry_bamboo,/kaggle/working/images/basketry_bamboo/10143941787964.jpg
657,basketry_bamboo,/kaggle/working/images/basketry_bamboo/6720139067467.jpg
23560,basketry_bamboo,/kaggle/working/images/basketry_bamboo/9407163498791.jpg
21972,basketry_bamboo,/kaggle/working/images/basketry_bamboo/9889817100583.jpg
15661,basketry_bamboo,/kaggle/working/images/basketry_bamboo/8879034106172.jpg
19391,basketry_bamboo,/kaggle/working/images/basketry_bamboo/9812763017515.jpg
22521,basketry_bamboo,/kaggle/working/images/basketry_bamboo/9779933774119.jpg
15527,basketry_bamboo,/kaggle/working/images/basketry_bamboo/10059141447996.jpg
543,basketry_bamboo,/kaggle/working/images/basketry_bamboo/6971630387275.jpg
9777,basketry_bamboo,/kaggle/working/images/basketry_bamboo/7482335985859.jpg
21264,basketry_bamboo,/kaggle/working/images/basketry_bamboo/10327975821607.jpg
12703,basketry_bamboo,/kaggle/working/images/basketry_bamboo/8126114267331.jpg
4410,basketry_bamboo,/kaggle/working/images/basketry_bamboo/6967746592843.jpg
1019,basketry_bamboo,/kaggle/working/images/basketry_bamboo/6825594781771.jpg
881,basketry_bamboo,/kaggle/working/images/basketry_bamboo/6684870017099.jpg
12791,basketry_bamboo,/kaggle/working/images/basketry_bamboo/8070257377475.jpg
1646,basketry_bamboo,/kaggle/working/images/basketry_bamboo/6778204651595.jpg
20355,basketry_bamboo,/kaggle/working/images/basketry_bamboo/9667203137831.jpg
19855,basketry_bamboo,/kaggle/working/images/basketry_bamboo/8292400038183.jpg
22538,basketry_bamboo,/kaggle/working/images/basketry_bamboo/9779934757159.jpg
22565,basketry_bamboo,/kaggle/working/images/basketry_bamboo/9779935871271.jpg
14843,basketry_bamboo,/kaggle/working/images/basketry_bamboo/10044389163324.jpg
21989,basketry_bamboo,/kaggle/working/images/basketry_bamboo/9889817624871.jpg
16237,basketry_bamboo,/kaggle/working/images/basketry_bamboo/10435182264636.jpg
26062,basketry_bamboo,/kaggle/working/images/basketry_bamboo/5181782655021.jpg
15149,basketry_bamboo,/kaggle/working/images/basketry_bamboo/10273303036220.jpg
21785,basketry_bamboo,/kaggle/working/images/basketry_bamboo/10052893212967.jpg
11324,basketry_bamboo,/kaggle/working/images/basketry_bamboo/7933671932099.jpg
10702,basketry_bamboo,/kaggle/working/images/basketry_bamboo/8000990871747.jpg
18879,basketry_bamboo,/kaggle/working/images/basketry_bamboo/10155189567804.jpg
14842,basketry_bamboo,/kaggle/working/images/basketry_bamboo/10059142168892.jpg
22786,basketry_bamboo,/kaggle/working/images/basketry_bamboo/8292372152615.jpg
12593,basketry_bamboo,/kaggle/working/images/basketry_bamboo/8247846076611.jpg
11840,basketry_bamboo,/kaggle/working/images/basketry_bamboo/8242508792003.jpg
22233,basketry_bamboo,/kaggle/working/images/basketry_bamboo/9889827225895.jpg
10512,basketry_bamboo,/kaggle/working/images/basketry_bamboo/14905208242371.jpg
11159,basketry_bamboo,/kaggle/working/images/basketry_bamboo/7562273259715.jpg
5972,basketry_bamboo,/kaggle/working/images/basketry_bamboo/6631351582795.jpg
18296,basketry_bamboo,/kaggle/working/images/basketry_bamboo/10386677334332.jpg
9579,basketry_bamboo,/kaggle/working/images/basketry_bamboo/6705067065419.jpg
20864,basketry_bamboo,/kaggle/working/images/basketry_bamboo/10056809775399.jpg
7812,basketry_bamboo,/kaggle/working/images/basketry_bamboo/6611451215947.jpg
20120,basketry_bamboo,/kaggle/working/images/basketry_bamboo/9829376885031.jpg
21915,basketry_bamboo,/kaggle/working/images/basketry_bamboo/9923709174055.jpg
16387,basketry_bamboo,/kaggle/working/images/basketry_bamboo/10229806498108.jpg
15382,basketry_bamboo,/kaggle/working/images/basketry_bamboo/9655097000252.jpg
26146,basketry_bamboo,/kaggle/working/images/basketry_bamboo/8102899187934.jpg
20173,basketry_bamboo,/kaggle/working/images/basketry_bamboo/8292469375271.jpg
15362,basketry_bamboo,/kaggle/working/images/basketry_bamboo/9971654197564.jpg
23,basketry_bamboo,/kaggle/working/images/basketry_bamboo/6706606473291.jpg
15331,basketry_bamboo,/kaggle/working/images/basketry_bamboo/10412177326396.jpg
1470,basketry_bamboo,/kaggle/working/images/basketry_bamboo/6822313984075.jpg
20547,basketry_bamboo,/kaggle/working/images/basketry_bamboo/8292471800103.jpg
25484,basketry_bamboo,/kaggle/working/images/basketry_bamboo/7066991362093.jpg
22710,basketry_bamboo,/kaggle/working/images/basketry_bamboo/9779925418279.jpg
12755,basketry_bamboo,/kaggle/working/images/basketry_bamboo/14946005942467.jpg
22645,basketry_bamboo,/kaggle/working/images/basketry_bamboo/9779938984231.jpg
21742,basketry_bamboo,/kaggle/working/images/basketry_bamboo/8292404756775.jpg
22024,basketry_bamboo,/kaggle/working/images/basketry_bamboo/9889818935591.jpg
26449,basketry_bamboo,/kaggle/working/images/basketry_bamboo/9096967422174.jpg
16721,basketry_bamboo,/kaggle/working/images/basketry_bamboo/10386672320828.jpg
17766,basketry_bamboo,/kaggle/working/images/basketry_bamboo/10271441092924.jpg
15567,basketry_bamboo,/kaggle/working/images/basketry_bamboo/10136125374780.jpg
24368,basketry_bamboo,/kaggle/working/images/basketry_bamboo/8292511482151.jpg
2910,basketry_bamboo,/kaggle/working/images/basketry_bamboo/7189517107275.jpg
22591,basketry_bamboo,/kaggle/working/images/basketry_bamboo/9779936854311.jpg
20214,basketry_bamboo,/kaggle/working/images/basketry_bamboo/10245262344487.jpg
10841,basketry_bamboo,/kaggle/working/images/basketry_bamboo/8095383355587.jpg
16868,basketry_bamboo,/kaggle/working/images/basketry_bamboo/10354208997692.jpg
21453,basketry_bamboo,/kaggle/working/images/basketry_bamboo/10051034743079.jpg
22247,basketry_bamboo,/kaggle/working/images/basketry_bamboo/9889827979559.jpg
10697,basketry_bamboo,/kaggle/working/images/basketry_bamboo/8131599401155.jpg
18701,basketry_bamboo,/kaggle/working/images/basketry_bamboo/10258375737660.jpg
284,basketry_bamboo,/kaggle/working/images/basketry_bamboo/6816909197387.jpg
19276,basketry_bamboo,/kaggle/working/images/basketry_bamboo/9900905988412.jpg
21979,basketry_bamboo,/kaggle/working/images/basketry_bamboo/9889817297191.jpg
10719,basketry_bamboo,/kaggle/working/images/basketry_bamboo/7007618629827.jpg
22581,basketry_bamboo,/kaggle/working/images/basketry_bamboo/9779923091751.jpg
22275,basketry_bamboo,/kaggle/working/images/basketry_bamboo/9889828962599.jpg
23486,basketry_bamboo,/kaggle/working/images/basketry_bamboo/8292449190183.jpg
6182,basketry_bamboo,/kaggle/working/images/basketry_bamboo/6631351713867.jpg
26002,basketry_bamboo,/kaggle/working/images/basketry_bamboo/5181784850477.jpg
20966,basketry_bamboo,/kaggle/working/images/basketry_bamboo/10166687367463.jpg
22064,basketry_bamboo,/kaggle/working/images/basketry_bamboo/9889820737831.jpg
24478,basketry_bamboo,/kaggle/working/images/basketry_bamboo/8292485955879.jpg
16139,basketry_bamboo,/kaggle/working/images/basketry_bamboo/9419766956348.jpg
11326,basketry_bamboo,/kaggle/working/images/basketry_bamboo/7933792583875.jpg
20608,basketry_bamboo,/kaggle/working/images/basketry_bamboo/10245257855271.jpg
59,basketry_bamboo,/kaggle/working/images/basketry_bamboo/6655909134411.jpg
18991,basketry_bamboo,/kaggle/working/images/basketry_bamboo/9628821553468.jpg
16187,basketry_bamboo,/kaggle/working/images/basketry_bamboo/10247596933436.jpg
10215,basketry_bamboo,/kaggle/working/images/basketry_bamboo/14907958329539.jpg
21161,basketry_bamboo,/kaggle/working/images/basketry_bamboo/10036311523623.jpg
21369,basketry_bamboo,/kaggle/working/images/basketry_bamboo/8292471374119.jpg
22184,basketry_bamboo,/kaggle/working/images/basketry_bamboo/9889825292583.jpg
21154,basketry_bamboo,/kaggle/working/images/basketry_bamboo/10364821963047.jpg
9945,basketry_bamboo,/kaggle/working/images/basketry_bamboo/6629261738179.jpg
1495,basketry_bamboo,/kaggle/working/images/basketry_bamboo/6757530304587.jpg
21877,basketry_bamboo,/kaggle/working/images/basketry_bamboo/9923707404583.jpg
1573,basketry_bamboo,/kaggle/working/images/basketry_bamboo/6843296284747.jpg
23188,basketry_bamboo,/kaggle/working/images/basketry_bamboo/10327750312231.jpg
17113,basketry_bamboo,/kaggle/working/images/basketry_bamboo/9646053491004.jpg
22577,basketry_bamboo,/kaggle/working/images/basketry_bamboo/9779936362791.jpg
18273,basketry_bamboo,/kaggle/working/images/basketry_bamboo/9899751440700.jpg
22287,basketry_bamboo,/kaggle/working/images/basketry_bamboo/9889829454119.jpg
21830,basketry_bamboo,/kaggle/working/images/basketry_bamboo/10052896031015.jpg
17647,basketry_bamboo,/kaggle/working/images/basketry_bamboo/9607062094140.jpg
14973,basketry_bamboo,/kaggle/working/images/basketry_bamboo/10268546040124.jpg
14475,basketry_bamboo,/kaggle/working/images/basketry_bamboo/10055198277948.jpg
22464,basketry_bamboo,/kaggle/working/images/basketry_bamboo/9779930693927.jpg
11415,painting_folk,/kaggle/working/images/painting_folk/8246832234691.jpg
25953,painting_folk,/kaggle/working/images/painting_folk/9559584440632.jpg
26723,painting_folk,/kaggle/working/images/painting_folk/6680111054910.jpg
11412,painting_folk,/kaggle/working/images/painting_folk/8246832136387.jpg
26243,painting_folk,/kaggle/working/images/painting_folk/9323131175134.jpg
10941,painting_folk,/kaggle/working/images/painting_folk/8146489147587.jpg
11416,painting_folk,/kaggle/working/images/painting_folk/8246832267459.jpg
26184,painting_folk,/kaggle/working/images/painting_folk/9113460310238.jpg
11925,painting_folk,/kaggle/working/images/painting_folk/14922327457987.jpg
26292,painting_folk,/kaggle/working/images/painting_folk/9295873179870.jpg
26470,painting_folk,/kaggle/working/images/painting_folk/9295879045342.jpg
11403,painting_folk,/kaggle/working/images/painting_folk/8246831218883.jpg
19588,painting_folk,/kaggle/working/images/painting_folk/9112944836771.jpg
26411,painting_folk,/kaggle/working/images/painting_folk/8687919530206.jpg
11904,painting_folk,/kaggle/working/images/painting_folk/14922320183491.jpg
26473,painting_folk,/kaggle/working/images/painting_folk/6669211238462.jpg
10937,painting_folk,/kaggle/working/images/painting_folk/8146485051587.jpg
26477,painting_folk,/kaggle/working/images/painting_folk/6685859053630.jpg
26559,painting_folk,/kaggle/working/images/painting_folk/8684255772894.jpg
11923,painting_folk,/kaggle/working/images/painting_folk/14922326999235.jpg
26711,painting_folk,/kaggle/working/images/painting_folk/9027901522142.jpg
11932,painting_folk,/kaggle/working/images/painting_folk/14922329227459.jpg
19585,painting_folk,/kaggle/working/images/painting_folk/9112891850915.jpg
26720,painting_folk,/kaggle/working/images/painting_folk/9330665357534.jpg
11921,painting_folk,/kaggle/working/images/painting_folk/14922326835395.jpg
26764,painting_folk,/kaggle/working/images/painting_folk/8935606059230.jpg
25716,painting_folk,/kaggle/working/images/painting_folk/9566710464824.jpg
25804,painting_folk,/kaggle/working/images/painting_folk/9566847697208.jpg
19529,painting_folk,/kaggle/working/images/painting_folk/9142144270499.jpg
11908,painting_folk,/kaggle/working/images/painting_folk/14922321854659.jpg
13961,painting_folk,/kaggle/working/images/painting_folk/7237836505238.jpg
26255,painting_folk,/kaggle/working/images/painting_folk/6669406371902.jpg
25900,painting_folk,/kaggle/working/images/painting_folk/8247709958456.jpg
26541,painting_folk,/kaggle/working/images/painting_folk/9310197022942.jpg
26245,painting_folk,/kaggle/working/images/painting_folk/9295869018334.jpg
26138,painting_folk,/kaggle/working/images/painting_folk/9295926231262.jpg
26498,painting_folk,/kaggle/working/images/painting_folk/8684251807966.jpg
25757,painting_folk,/kaggle/working/images/painting_folk/8247721853240.jpg
26332,painting_folk,/kaggle/working/images/painting_folk/6685809705022.jpg
19589,painting_folk,/kaggle/working/images/painting_folk/9112998412451.jpg
26122,painting_folk,/kaggle/working/images/painting_folk/9295924986078.jpg
26641,painting_folk,/kaggle/working/images/painting_folk/9295899721950.jpg
25914,painting_folk,/kaggle/working/images/painting_folk/9566528274744.jpg
25415,painting_folk,/kaggle/working/images/painting_folk/9567010980152.jpg
11400,painting_folk,/kaggle/working/images/painting_folk/8246831055043.jpg
11392,painting_folk,/kaggle/working/images/painting_folk/8246832595139.jpg
11394,painting_folk,/kaggle/working/images/painting_folk/8246832726211.jpg
25961,painting_folk,/kaggle/working/images/painting_folk/9559510221112.jpg
25779,painting_folk,/kaggle/working/images/painting_folk/9547421778232.jpg
26127,painting_folk,/kaggle/working/images/painting_folk/9295885238494.jpg
26563,painting_folk,/kaggle/working/images/painting_folk/8936336982238.jpg
26638,painting_folk,/kaggle/working/images/painting_folk/8936355561694.jpg
12580,painting_folk,/kaggle/working/images/painting_folk/8245781397699.jpg
26363,painting_folk,/kaggle/working/images/painting_folk/9295877079262.jpg
26187,painting_folk,/kaggle/working/images/painting_folk/9295926624478.jpg
26235,painting_folk,/kaggle/working/images/painting_folk/8684403032286.jpg
26727,painting_folk,/kaggle/working/images/painting_folk/6669271400510.jpg
10938,painting_folk,/kaggle/working/images/painting_folk/8146485772483.jpg
11941,painting_folk,/kaggle/working/images/painting_folk/14922332635331.jpg
11914,painting_folk,/kaggle/working/images/painting_folk/14922323361987.jpg
11911,painting_folk,/kaggle/working/images/painting_folk/14922322641091.jpg
11927,painting_folk,/kaggle/working/images/painting_folk/14922328768707.jpg
11395,painting_folk,/kaggle/working/images/painting_folk/8246190342339.jpg
26291,painting_folk,/kaggle/working/images/painting_folk/9322356965598.jpg
25802,painting_folk,/kaggle/working/images/painting_folk/9566756634936.jpg
11920,painting_folk,/kaggle/working/images/painting_folk/14922326704323.jpg
11389,painting_folk,/kaggle/working/images/painting_folk/8246832464067.jpg
26730,painting_folk,/kaggle/working/images/painting_folk/6580504789054.jpg
11940,painting_folk,/kaggle/working/images/painting_folk/14922332307651.jpg
11093,painting_folk,/kaggle/working/images/painting_folk/8221311631555.jpg
10942,painting_folk,/kaggle/working/images/painting_folk/8146489442499.jpg
26358,painting_folk,/kaggle/working/images/painting_folk/8936356806878.jpg
11916,painting_folk,/kaggle/working/images/painting_folk/14922324050115.jpg
19526,painting_folk,/kaggle/working/images/painting_folk/9141706096803.jpg
11407,painting_folk,/kaggle/working/images/painting_folk/8246831644867.jpg
11257,painting_folk,/kaggle/working/images/painting_folk/8226819997891.jpg
26729,painting_folk,/kaggle/working/images/painting_folk/8103552614622.jpg
26724,painting_folk,/kaggle/working/images/painting_folk/8684254920926.jpg
26663,painting_folk,/kaggle/working/images/painting_folk/9027902734558.jpg
11915,painting_folk,/kaggle/working/images/painting_folk/14922323624131.jpg
11930,painting_folk,/kaggle/working/images/painting_folk/14922329063619.jpg
19590,painting_folk,/kaggle/working/images/painting_folk/9113006145699.jpg
26369,painting_folk,/kaggle/working/images/painting_folk/8687916318942.jpg
19527,painting_folk,/kaggle/working/images/painting_folk/9141706588323.jpg
26351,painting_folk,/kaggle/working/images/painting_folk/9322358735070.jpg
11938,painting_folk,/kaggle/working/images/painting_folk/14922331979971.jpg
11388,painting_folk,/kaggle/working/images/painting_folk/8246832431299.jpg
26508,painting_folk,/kaggle/working/images/painting_folk/9295881142494.jpg
11934,painting_folk,/kaggle/working/images/painting_folk/14922329489603.jpg
26476,painting_folk,/kaggle/working/images/painting_folk/8250491732190.jpg
26601,painting_folk,/kaggle/working/images/painting_folk/9323133337822.jpg
19530,painting_folk,/kaggle/working/images/painting_folk/9142179266723.jpg
26757,painting_folk,/kaggle/working/images/painting_folk/9295907258590.jpg
26256,painting_folk,/kaggle/working/images/painting_folk/9295927804126.jpg
11903,painting_folk,/kaggle/working/images/painting_folk/14922319724739.jpg
25224,painting_folk,/kaggle/working/images/painting_folk/9566995579192.jpg
26485,painting_folk,/kaggle/working/images/painting_folk/9295879438558.jpg
11408,painting_folk,/kaggle/working/images/painting_folk/8246831710403.jpg
26205,painting_folk,/kaggle/working/images/painting_folk/8684401361118.jpg
19591,painting_folk,/kaggle/working/images/painting_folk/9113031573667.jpg
11905,painting_folk,/kaggle/working/images/painting_folk/14922320249027.jpg
19586,painting_folk,/kaggle/working/images/painting_folk/9112914526371.jpg
26726,painting_folk,/kaggle/working/images/painting_folk/8133225021662.jpg
26722,painting_folk,/kaggle/working/images/painting_folk/6685800661054.jpg
26560,painting_folk,/kaggle/working/images/painting_folk/8684253839582.jpg
11401,painting_folk,/kaggle/working/images/painting_folk/8246831087811.jpg
26697,painting_folk,/kaggle/working/images/painting_folk/9322361323742.jpg
11926,painting_folk,/kaggle/working/images/painting_folk/14922328703171.jpg
26343,painting_folk,/kaggle/working/images/painting_folk/9295877963998.jpg
26207,painting_folk,/kaggle/working/images/painting_folk/8684405752030.jpg
26478,painting_folk,/kaggle/working/images/painting_folk/6669218512958.jpg
26664,painting_folk,/kaggle/working/images/painting_folk/8684400443614.jpg
12579,painting_folk,/kaggle/working/images/painting_folk/8245780218051.jpg
26696,painting_folk,/kaggle/working/images/painting_folk/8936358379742.jpg
25241,painting_folk,/kaggle/working/images/painting_folk/8247708090680.jpg
26278,painting_folk,/kaggle/working/images/painting_folk/8935627292894.jpg
25242,painting_folk,/kaggle/working/images/painting_folk/9562646872376.jpg
26206,painting_folk,/kaggle/working/images/painting_folk/8686883537118.jpg
11917,painting_folk,/kaggle/working/images/painting_folk/14922326278339.jpg
26721,painting_folk,/kaggle/working/images/painting_folk/8132527915230.jpg
6890,painting_folk,/kaggle/working/images/painting_folk/4418651979851.jpg
13989,painting_folk,/kaggle/working/images/painting_folk/15224564613280.jpg
11924,painting_folk,/kaggle/working/images/painting_folk/14922327392451.jpg
19587,painting_folk,/kaggle/working/images/painting_folk/9112933925027.jpg
26121,painting_folk,/kaggle/working/images/painting_folk/9323131830494.jpg
25713,painting_folk,/kaggle/working/images/painting_folk/9562328531256.jpg
26057,painting_folk,/kaggle/working/images/painting_folk/9559510483256.jpg
19592,painting_folk,/kaggle/working/images/painting_folk/9113033932963.jpg
26472,painting_folk,/kaggle/working/images/painting_folk/6680300126270.jpg
26662,painting_folk,/kaggle/working/images/painting_folk/8684403622110.jpg
25312,painting_folk,/kaggle/working/images/painting_folk/9567000559928.jpg
11922,painting_folk,/kaggle/working/images/painting_folk/14922326933699.jpg
11399,painting_folk,/kaggle/working/images/painting_folk/8246830956739.jpg
26596,painting_folk,/kaggle/working/images/painting_folk/8781154779358.jpg
26462,painting_folk,/kaggle/working/images/painting_folk/8148673331422.jpg
19525,painting_folk,/kaggle/working/images/painting_folk/9141695512739.jpg
25683,painting_folk,/kaggle/working/images/painting_folk/9559649288504.jpg
25817,painting_folk,/kaggle/working/images/painting_folk/8198063194424.jpg
26480,painting_folk,/kaggle/working/images/painting_folk/8936349237470.jpg
26147,painting_folk,/kaggle/working/images/painting_folk/8687917498590.jpg
26293,painting_folk,/kaggle/working/images/painting_folk/9295928099038.jpg
11913,painting_folk,/kaggle/working/images/painting_folk/14922323132611.jpg
26215,painting_folk,/kaggle/working/images/painting_folk/9295914795230.jpg
11933,painting_folk,/kaggle/working/images/painting_folk/14922329325763.jpg
26285,painting_folk,/kaggle/working/images/painting_folk/9330652643550.jpg
10944,painting_folk,/kaggle/working/images/painting_folk/8146489868483.jpg
11405,painting_folk,/kaggle/working/images/painting_folk/8246831513795.jpg
11398,painting_folk,/kaggle/working/images/painting_folk/8246830923971.jpg
25742,painting_folk,/kaggle/working/images/painting_folk/9559510352184.jpg
26490,painting_folk,/kaggle/working/images/painting_folk/9295880683742.jpg
25855,painting_folk,/kaggle/working/images/painting_folk/9566929551672.jpg
11899,painting_folk,/kaggle/working/images/painting_folk/14922318381251.jpg
12578,painting_folk,/kaggle/working/images/painting_folk/8245780086979.jpg
26733,painting_folk,/kaggle/working/images/painting_folk/6669281919038.jpg
26324,painting_folk,/kaggle/working/images/painting_folk/8936332493022.jpg
11411,painting_folk,/kaggle/working/images/painting_folk/8246831874243.jpg
26619,painting_folk,/kaggle/working/images/painting_folk/6671905947710.jpg
26294,painting_folk,/kaggle/working/images/painting_folk/8936329281758.jpg
25682,painting_folk,/kaggle/working/images/painting_folk/9567006654776.jpg
11396,painting_folk,/kaggle/working/images/painting_folk/8246830858435.jpg
26731,painting_folk,/kaggle/working/images/painting_folk/6669221625918.jpg
25741,painting_folk,/kaggle/working/images/painting_folk/9566518149432.jpg
26238,painting_folk,/kaggle/working/images/painting_folk/9310199513310.jpg
4658,painting_folk,/kaggle/working/images/painting_folk/4685742768203.jpg
26661,painting_folk,/kaggle/working/images/painting_folk/8684397953246.jpg
13959,painting_folk,/kaggle/working/images/painting_folk/7237833293974.jpg
26522,painting_folk,/kaggle/working/images/painting_folk/9164436308190.jpg
26491,painting_folk,/kaggle/working/images/painting_folk/9295879733470.jpg
12581,painting_folk,/kaggle/working/images/painting_folk/8245781627075.jpg
11406,painting_folk,/kaggle/working/images/painting_folk/8246831579331.jpg
11909,painting_folk,/kaggle/working/images/painting_folk/14922321985731.jpg
25853,painting_folk,/kaggle/working/images/painting_folk/9566919885112.jpg
26409,painting_folk,/kaggle/working/images/painting_folk/6685857644606.jpg
26244,painting_folk,/kaggle/working/images/painting_folk/6672880435262.jpg
26453,painting_folk,/kaggle/working/images/painting_folk/9295929409758.jpg
10943,painting_folk,/kaggle/working/images/painting_folk/8146489573571.jpg
26747,painting_folk,/kaggle/working/images/painting_folk/8936359133406.jpg
26660,painting_folk,/kaggle/working/images/painting_folk/8684397035742.jpg
11397,painting_folk,/kaggle/working/images/painting_folk/8246830891203.jpg
26370,painting_folk,/kaggle/working/images/painting_folk/8687918350558.jpg
10162,painting_folk,/kaggle/working/images/painting_folk/7526783844547.jpg
19594,painting_folk,/kaggle/working/images/painting_folk/9113314590883.jpg
11402,painting_folk,/kaggle/working/images/painting_folk/8246831120579.jpg
26246,painting_folk,/kaggle/working/images/painting_folk/6669274349630.jpg
26119,painting_folk,/kaggle/working/images/painting_folk/9295878586590.jpg
26367,painting_folk,/kaggle/working/images/painting_folk/9330651463902.jpg
26516,painting_folk,/kaggle/working/images/painting_folk/9295870001374.jpg
25705,painting_folk,/kaggle/working/images/painting_folk/9566330847544.jpg
11910,painting_folk,/kaggle/working/images/painting_folk/14922322280643.jpg
25599,painting_folk,/kaggle/working/images/painting_folk/9566499537208.jpg
25338,painting_folk,/kaggle/working/images/painting_folk/9559612653880.jpg
26728,painting_folk,/kaggle/working/images/painting_folk/8103553990878.jpg
26620,painting_folk,/kaggle/working/images/painting_folk/6685824122942.jpg
11918,painting_folk,/kaggle/working/images/painting_folk/14922326540483.jpg
26636,painting_folk,/kaggle/working/images/painting_folk/9295894675678.jpg
11912,painting_folk,/kaggle/working/images/painting_folk/14922322837699.jpg
11414,painting_folk,/kaggle/working/images/painting_folk/8246832201923.jpg
26371,painting_folk,/kaggle/working/images/painting_folk/8936328626398.jpg
25936,painting_folk,/kaggle/working/images/painting_folk/9562329088312.jpg
11410,painting_folk,/kaggle/working/images/painting_folk/8246831841475.jpg
25223,painting_folk,/kaggle/working/images/painting_folk/9558031532344.jpg
26627,painting_folk,/kaggle/working/images/painting_folk/8936341111006.jpg
25856,painting_folk,/kaggle/working/images/painting_folk/9555662373176.jpg
11393,painting_folk,/kaggle/working/images/painting_folk/8246832627907.jpg
26618,painting_folk,/kaggle/working/images/painting_folk/8813784858846.jpg
26593,painting_folk,/kaggle/working/images/painting_folk/6669276872766.jpg
11929,painting_folk,/kaggle/working/images/painting_folk/14922328932547.jpg
26361,painting_folk,/kaggle/working/images/painting_folk/9295875178718.jpg
11409,painting_folk,/kaggle/working/images/painting_folk/8246831743171.jpg
26412,painting_folk,/kaggle/working/images/painting_folk/9323134615774.jpg
26712,painting_folk,/kaggle/working/images/painting_folk/9310194172126.jpg
26318,painting_folk,/kaggle/working/images/painting_folk/9295905128670.jpg
10946,painting_folk,/kaggle/working/images/painting_folk/7504201220291.jpg
11417,painting_folk,/kaggle/working/images/painting_folk/8246832332995.jpg
11942,painting_folk,/kaggle/working/images/painting_folk/14922332995779.jpg
26628,painting_folk,/kaggle/working/images/painting_folk/9295888187614.jpg
26685,painting_folk,/kaggle/working/images/painting_folk/8958544117982.jpg
26326,painting_folk,/kaggle/working/images/painting_folk/8936327872734.jpg
26059,painting_folk,/kaggle/working/images/painting_folk/9566282744120.jpg
11413,painting_folk,/kaggle/working/images/painting_folk/8246832169155.jpg
26452,painting_folk,/kaggle/working/images/painting_folk/8684400836830.jpg
25782,painting_folk,/kaggle/working/images/painting_folk/9559510450488.jpg
26260,painting_folk,/kaggle/working/images/painting_folk/9295869739230.jpg
26466,painting_folk,/kaggle/working/images/painting_folk/8781155008734.jpg
26479,painting_folk,/kaggle/working/images/painting_folk/6669279559742.jpg
10161,painting_folk,/kaggle/working/images/painting_folk/7570690080963.jpg
19411,painting_folk,/kaggle/working/images/painting_folk/10111971950891.jpg
11901,painting_folk,/kaggle/working/images/painting_folk/14922319200451.jpg
25416,painting_folk,/kaggle/working/images/painting_folk/9566552621368.jpg
6630,painting_folk,/kaggle/working/images/painting_folk/4418651750475.jpg
26637,painting_folk,/kaggle/working/images/painting_folk/8687795405022.jpg
13963,painting_folk,/kaggle/working/images/painting_folk/7237838635158.jpg
11419,painting_folk,/kaggle/working/images/painting_folk/8246832398531.jpg
26120,painting_folk,/kaggle/working/images/painting_folk/9322356015326.jpg
11928,painting_folk,/kaggle/working/images/painting_folk/14922328867011.jpg
26354,painting_folk,/kaggle/working/images/painting_folk/8687911370974.jpg
11404,painting_folk,/kaggle/working/images/painting_folk/8246831317187.jpg
26666,painting_folk,/kaggle/working/images/painting_folk/9295906603230.jpg
10939,painting_folk,/kaggle/working/images/painting_folk/8146485870787.jpg
26148,painting_folk,/kaggle/working/images/painting_folk/8684396576990.jpg
26317,painting_folk,/kaggle/working/images/painting_folk/9295874228446.jpg
26691,painting_folk,/kaggle/working/images/painting_folk/8684399624414.jpg
19528,painting_folk,/kaggle/working/images/painting_folk/9142139814051.jpg
11939,painting_folk,/kaggle/working/images/painting_folk/14922332143811.jpg
11931,painting_folk,/kaggle/working/images/painting_folk/14922329161923.jpg
25343,painting_folk,/kaggle/working/images/painting_folk/9566936498488.jpg
11900,painting_folk,/kaggle/working/images/painting_folk/14922318905539.jpg
11937,painting_folk,/kaggle/working/images/painting_folk/14922331750595.jpg
10940,painting_folk,/kaggle/working/images/painting_folk/8146486984899.jpg
26626,painting_folk,/kaggle/working/images/painting_folk/9310203904222.jpg
26577,painting_folk,/kaggle/working/images/painting_folk/8684404375774.jpg
10945,painting_folk,/kaggle/working/images/painting_folk/8146490065091.jpg
11907,painting_folk,/kaggle/working/images/painting_folk/14922320806083.jpg
11936,painting_folk,/kaggle/working/images/painting_folk/14922331685059.jpg
25349,painting_folk,/kaggle/working/images/painting_folk/9566877712696.jpg
11258,painting_folk,/kaggle/working/images/painting_folk/8226820063427.jpg
26124,painting_folk,/kaggle/working/images/painting_folk/9310201675998.jpg
26732,painting_folk,/kaggle/working/images/painting_folk/8684258066654.jpg
25520,painting_folk,/kaggle/working/images/painting_folk/6902360735789.jpg
26725,painting_folk,/kaggle/working/images/painting_folk/8148665106654.jpg
26594,painting_folk,/kaggle/working/images/painting_folk/6575575892030.jpg
11902,painting_folk,/kaggle/working/images/painting_folk/14922319528131.jpg
11898,painting_folk,/kaggle/working/images/painting_folk/14922200875203.jpg
26193,painting_folk,/kaggle/working/images/painting_folk/9323131306206.jpg
26259,painting_folk,/kaggle/working/images/painting_folk/6584610783294.jpg
26257,painting_folk,/kaggle/working/images/painting_folk/6669467484222.jpg
26145,painting_folk,/kaggle/working/images/painting_folk/9330666340574.jpg
11906,painting_folk,/kaggle/working/images/painting_folk/14922320380099.jpg
11418,painting_folk,/kaggle/working/images/painting_folk/8246832365763.jpg
26517,painting_folk,/kaggle/working/images/painting_folk/8935629521118.jpg
26629,painting_folk,/kaggle/working/images/painting_folk/8936354250974.jpg
11391,painting_folk,/kaggle/working/images/painting_folk/8246832562371.jpg
26058,painting_folk,/kaggle/working/images/painting_folk/9566509859128.jpg
26276,painting_folk,/kaggle/working/images/painting_folk/9295871246558.jpg
26659,painting_folk,/kaggle/working/images/painting_folk/9295905587422.jpg
25845,painting_folk,/kaggle/working/images/painting_folk/6902378692653.jpg
25345,painting_folk,/kaggle/working/images/painting_folk/9566911103288.jpg
25854,painting_folk,/kaggle/working/images/painting_folk/8247721132344.jpg
13958,painting_folk,/kaggle/working/images/painting_folk/7237833883798.jpg
11935,painting_folk,/kaggle/working/images/painting_folk/14922331553987.jpg
26410,painting_folk,/kaggle/working/images/painting_folk/8684398837982.jpg
19593,painting_folk,/kaggle/working/images/painting_folk/9113308922019.jpg
26793,painting_folk,/kaggle/working/images/painting_folk/8936345239774.jpg
11390,painting_folk,/kaggle/working/images/painting_folk/8246832529603.jpg
26258,painting_folk,/kaggle/working/images/painting_folk/8185810682078.jpg
11919,painting_folk,/kaggle/working/images/painting_folk/14922326638787.jpg
19428,painting_folk,/kaggle/working/images/painting_folk/9812772389163.jpg
26713,painting_folk,/kaggle/working/images/painting_folk/9295930163422.jpg
13962,painting_folk,/kaggle/working/images/painting_folk/7237834080406.jpg
