tree
version=v4
num_class=1
num_tree_per_iteration=1
label_index=0
max_feature_idx=7
objective=regression
feature_names=Column_0 Column_1 Column_2 Column_3 Column_4 Column_5 Column_6 Column_7
feature_infos=[0:7] [0:1] [0:2] [0:3] [0:15] [6:129] [1:22] [-2.1008753776550293:1.8006182909011841]
tree_sizes=2760 2891 2898 2869 2917 2901 2859 2894 2939 2894 2863 2889 2929 2891 2886 2926 2862 2905 2892 2895 2925 2912 2904 2879 2915 2890 2942 2903 2950 2928 2932 2929 2915 2890 2940 2900 2931 2901 2949 2925 2928 2899 2946 2898 2900 2962 2923 2962 2941 2950 2899 2898 2960 2909 2936 2953 2942 2959 2952 2936 2918 2908 2933 2952 2910 2906 2910 2907 2945 2922 2909 2928 2914 2926 2929 2914 2965 2895 2909 2891 2893 2932 2922 2947 2901 2910 2916 2415 2944 2959 2669 2938 2924 2876 2947 2923 2912 2972 2666 2848 2906 2952 2494 2928 2881 1846 2680 2705 2928 2586 2936 1850 2908 2940 2604 2932 2922 2917 2901 2792 2925 2900 2942 2792 2906 2389 2210 2916 2906 2938 2898 2907 2930 2918 2882 2906 2932 2340 2910 2921 2917 2934 2935 2954 2934 2939 2930 2883 2939 2945 2887 2913 2918 2918 2930 2955 2905 2884 2908 2893 2883 2946 2925 2903 2976 2120 2939 2896 2893 2946 2930 2926 2898 2920 2977 2883 2896 1675 1799 2627 2923 2934 2978 2930 2871 2874 2921 2888 2928 2936 2821 2917 1590 2933 2931 2951 2909 1811 2935 2963 2866 2926 2910 2919 2882 2897 2848 2933 2912 1521 2981 2854 2967 2896 2925 1332 2912 2856 2211 2914 2914 2942 2883 2874 2949 1311 2911 2905 2966 2860 1934 1521 2391 2905 1322 2465 2960 2845 2876 1303 2923 1233 2895 2898 2918 2971 2886 2875 2887 2962 2986 2053 2926 2929 2979 2889 2894 2964 2900 2743 2972 2914 2929 2883 2901 2934 2318 2841 2927 2903 1317 2885 2917 2947 2914 2921 2906 2680 2891 2676 2932 2904 2912 2907 2988 2917 2897 2935 2470 2710 2934 2851 2945 2918 1942 1879 2954 2924 2787 2914

Tree=0
num_leaves=31
num_cat=0
split_feature=2 0 7 0 7 7 7 7 7 7 0 1 7 7 0 7 7 0 0 7 1 0 7 7 7 0 1 7 7 7
split_gain=9876.54 3296.39 1222.61 1104.23 525.763 1240.74 793.596 202.365 193.362 174.595 169.575 167.076 84.4901 93.8243 73.8855 73.494 69.9927 69.5459 65.1176 77.7422 63.1904 62.9628 70.4674 57.0677 56.3797 55.6569 52.2733 48.1342 44.8495 44.005
threshold=1.5000000000000002 4.5000000000000009 -0.99057531356811512 5.5000000000000009 0.19287778437137607 -0.29806017875671381 -0.44111494719982142 1.5518980622291567 1.7989926934242251 0.030315545387566093 1.0000000180025095e-35 1.0000000180025095e-35 -0.22003030031919477 -0.48663237690925593 5.5000000000000009 -0.20377407222986219 -0.55815973877906788 3.5000000000000004 1.0000000180025095e-35 -2.0927473306655879 1.0000000180025095e-35 6.5000000000000009 -0.21352781355381009 -1.6261937022209165 0.8301217555999757 2.5000000000000004 1.0000000180025095e-35 -0.89628919959068287 -1.1856499910354612 -1.4278677105903623
decision_type=2 2 2 2 2 2 2 2 2 2 2 2 2 2 2 2 2 2 2 2 2 2 2 2 2 2 2 2 2 2
left_child=1 2 18 8 5 6 -4 11 10 -7 15 -6 13 16 -3 29 27 -9 23 20 -20 22 -16 -1 -12 -21 -24 -5 -25 -2
right_child=3 14 4 12 7 9 -8 17 -10 -11 24 -13 -14 -15 21 -17 -18 -19 19 25 -22 -23 26 28 -26 -27 -28 -29 -30 -31
leaf_value=7.6574035973194983 7.6903128596691896 7.6162924722388992 7.5908206938638658 7.6515487316563169 7.55107678349294 7.6102900801529785 7.53579026557723 7.5828809152660481 7.6227583289912983 7.5786784179329008 7.6282605138026458 7.5724567877370417 7.6645566984300837 7.6914215315593033 7.6264028725684172 7.6429720334845248 7.6502546545883154 7.5492830481227751 7.5819298084633093 7.6101667383584557 7.6285330518177092 7.6000355641006285 7.63425788756083 7.6002538234887753 7.6471610803290284 7.6521880752713907 7.6546085622168887 7.6864812108196769 7.6648641433743423 7.6566889296755782
leaf_weight=286 102 1082 1130 121 3104 2650 1559 1285 1051 523 1287 1295 807 1417 1872 1224 283 175 178 128 123 154 921 98 569 205 480 533 37 2115
leaf_count=286 102 1082 1130 121 3104 2650 1559 1285 1051 523 1287 1295 807 1417 1872 1224 283 175 178 128 123 154 921 98 569 205 480 533 37 2115
internal_value=7.61344 7.59093 7.57796 7.65437 7.57332 7.5839 7.55892 7.56272 7.64235 7.60508 7.64624 7.55737 7.67852 7.6833 7.62768 7.65281 7.67103 7.57885 7.62951 7.61939 7.60097 7.63128 7.63275 7.64476 7.63405 7.63604 7.64123 7.68002 7.61796 7.65824
internal_weight=26794 17285 12776 9509 11721 5862 2689 5859 6348 3173 5297 4399 3161 2354 4509 3441 937 1460 1055 634 301 3427 3273 421 1856 333 1401 654 135 2217
internal_count=26794 17285 12776 9509 11721 5862 2689 5859 6348 3173 5297 4399 3161 2354 4509 3441 937 1460 1055 634 301 3427 3273 421 1856 333 1401 654 135 2217
is_linear=0
shrinkage=1


Tree=1
num_leaves=31
num_cat=0
split_feature=3 4 7 4 7 4 4 7 4 7 4 7 5 5 4 5 5 4 5 7 7 7 5 7 4 5 4 7 7 7
split_gain=3604.71 5728.1 1385.21 1380.66 2328.72 870.126 847.019 631.992 454.17 382.148 306.731 338.52 241.24 281.371 218.086 129.676 126.212 118.875 102.349 101.243 326.013 99.3677 97.483 91.7919 77.7035 75.0226 69.7423 127.783 63.6998 50.3607
threshold=1.0000000180025095e-35 1.5000000000000002 -0.44111494719982142 7.5000000000000009 0.030315545387566093 5.5000000000000009 2.5000000000000004 -0.38259252905845637 1.0000000180025095e-35 -0.073724288493394838 2.5000000000000004 -0.33057262003421778 83.500000000000014 48.500000000000007 11.500000000000002 68.500000000000014 51.500000000000007 3.5000000000000004 33.500000000000007 -0.48663237690925593 -0.36958755552768702 0.36194251477718359 13.500000000000002 1.4868732094764712 12.500000000000002 82.500000000000014 6.5000000000000009 1.7242140769958498 -0.31756764650344843 -0.48663237690925593
decision_type=2 2 2 2 2 2 2 2 2 2 2 2 2 2 2 2 2 2 2 2 2 2 2 2 2 2 2 2 2 2
left_child=1 8 6 4 10 17 -3 18 9 19 11 29 13 -9 -5 22 -12 -6 -4 -1 -21 24 -8 -11 -16 -18 -7 -28 -13 -2
right_child=3 2 7 14 5 26 15 12 -10 23 16 28 -14 -15 21 -17 25 -19 -20 20 -22 -23 -24 -25 -26 -27 27 -29 -30 -31
leaf_value=0.0082643457198116402 0.035795040664804538 -0.09577647397915523 -0.10242315535667615 0.038503390993827144 -0.019834089563773645 -0.083781282564344153 0.050657735649673713 -0.039846715271530823 0.062635784231301603 -0.017705099510728024 -0.023873156016690877 -0.03189028940267033 0.017414797439768509 -0.067524541430302384 0.01593883299391867 0.04006900565848702 0.0078099400648147903 0.01848543908771327 -0.011547005479224028 0.060157515217628924 0.017603068264635632 0.069600580492988229 -0.0055223691601366601 0.038110198505383774 -0.019564272039918649 0.031912431987965929 -0.00072541234967036128 -0.087938392358821837 0.016029255109312957 0.051424870269627054
leaf_weight=700 1075 240 975 5016 2098 643 84 1454 603 813 283 72 111 2492 480 236 2248 224 32 638 1528 64 956 81 227 377 78 91 1885 990
leaf_count=700 1075 240 975 5016 2098 643 84 1454 603 813 283 72 111 2492 480 236 2248 224 32 638 1528 64 956 81 227 377 78 91 1885 990
internal_value=-4.40951e-11 -0.0220722 -0.0515291 0.0152379 0.00404804 -0.0317171 -0.0096004 -0.0640812 0.0223528 0.0158925 0.0202224 0.0291669 -0.0552811 -0.057326 0.0346979 0.00660827 0.00785132 -0.0161375 -0.0995353 0.0247952 0.0301376 0.00994032 -0.000984745 -0.012648 0.00453967 0.0112715 -0.0762689 -0.0476862 0.0142662 0.0432883
internal_weight=26794 10943 6580 15851 10064 3134 1516 5064 4363 3760 6930 4022 4057 3946 5787 1276 2908 2322 1007 2866 2166 771 1040 894 707 2625 812 169 1957 2065
internal_count=26794 10943 6580 15851 10064 3134 1516 5064 4363 3760 6930 4022 4057 3946 5787 1276 2908 2322 1007 2866 2166 771 1040 894 707 2625 812 169 1957 2065
is_linear=0
shrinkage=0.05


Tree=2
num_leaves=31
num_cat=0
split_feature=2 0 4 0 4 4 7 7 7 7 7 4 7 4 4 4 0 0 4 7 0 4 7 4 7 7 7 7 7 2
split_gain=8318.74 2731.84 1157.01 982.573 972.707 788.804 601.314 1998.19 534.412 524.674 355.485 199.092 230.751 179.758 131.082 895.952 130.348 91.538 77.377 63.4071 99.4847 57.3366 58.1394 55.2058 51.9963 43.7529 63.055 85.8123 42.2024 32.5169
threshold=1.5000000000000002 4.5000000000000009 5.5000000000000009 5.5000000000000009 10.500000000000002 10.500000000000002 -0.35983382165431971 0.069330483675003066 1.0934725999832156 -0.99057531356811512 -0.44111494719982142 1.5000000000000002 -2.0927473306655879 7.5000000000000009 1.0000000180025095e-35 1.5000000000000002 1.0000000180025095e-35 3.5000000000000004 1.0000000180025095e-35 -0.21352781355381009 6.5000000000000009 12.500000000000002 1.7989926934242251 1.0000000180025095e-35 -1.0393440127372739 -0.2883064448833465 -0.48663237690925593 -0.55815973877906788 0.20913400501012805 1.0000000180025095e-35
decision_type=2 2 2 2 2 2 2 2 2 2 2 2 2 2 2 2 2 2 2 2 2 2 2 2 2 2 2 2 2 2
left_child=1 2 9 5 6 8 10 -8 13 11 -4 23 -13 16 17 -16 -2 -11 25 29 28 24 -23 -1 -6 26 27 -5 -21 -3
right_child=3 19 4 18 21 -7 7 -9 -10 14 -12 12 -14 -15 15 -17 -18 -19 -20 20 -22 22 -24 -25 -26 -27 -28 -29 -30 -31
leaf_value=-0.0068799975279641035 0.03576869932808787 0.0019169861157344462 -0.018830562531948092 0.067437345698854456 -0.019712863168213517 0.037446080731100957 0.008060158462342806 -0.065669145827511766 -0.048090869922028934 -0.025478080276182369 -0.098217852170934386 0.012882880774103373 -0.080517798046271016 0.10536913189750452 0.065720271489754359 -0.028714632641579377 0.00078659074305017531 -0.05014574912426633 0.036699415780365084 0.027863195078547138 -0.030547518950750991 -0.025154998799845507 0.044246059272970477 0.05910896848008599 0.020021973869487519 0.052754994287942551 0.07379746122913565 0.033363288856386175 0.0063456430809622228 0.012704647884964698
leaf_weight=36 370 1160 165 551 100 4516 1250 3470 460 3049 970 559 75 52 307 1381 950 429 312 1224 89 219 35 265 466 771 1249 278 280 1756
leaf_count=36 370 1160 165 551 100 4516 1250 3470 460 3049 970 559 75 52 307 1381 950 429 312 1224 89 219 35 265 466 771 1249 278 280 1756
internal_value=-4.18822e-12 -0.0206639 -0.0324727 0.0375619 -0.0468579 0.0262202 -0.0540009 -0.0461434 -0.00145247 -0.0167342 -0.086677 0.0177314 0.0018339 0.0141843 -0.0229721 -0.0115396 0.0105922 -0.0285208 0.0603386 0.0127957 0.0208177 0.00414466 -0.0155919 0.0512166 0.0130017 0.0629274 0.0667016 0.0560108 0.0238573 0.00841326
internal_weight=26794 17285 12776 9509 6675 6348 5855 4720 1832 6101 1135 935 634 1372 5166 1688 1320 3478 3161 4509 1593 820 254 301 566 2849 2078 829 1504 2916
internal_count=26794 17285 12776 9509 6675 6348 5855 4720 1832 6101 1135 935 634 1372 5166 1688 1320 3478 3161 4509 1593 820 254 301 566 2849 2078 829 1504 2916
is_linear=0
shrinkage=0.05


Tree=3
num_leaves=31
num_cat=0
split_feature=0 4 4 5 5 5 4 4 5 4 4 5 0 4 4 4 6 6 4 6 5 5 5 6 6 5 0 4 5 0
split_gain=4391.89 5340.6 2153.09 1225.13 810.617 529.322 527.351 429.552 355.041 247.332 201.018 178.029 143.182 76.8627 74.9484 65.7874 59.0769 57.8642 50.7289 42.4064 42.1227 25.5993 20.2203 42.5496 12.4437 29.7488 12.0493 10.7693 10.4288 9.10818
threshold=5.5000000000000009 10.500000000000002 5.5000000000000009 73.500000000000014 27.500000000000004 51.500000000000007 2.5000000000000004 6.5000000000000009 36.500000000000007 1.5000000000000002 11.500000000000002 8.5000000000000018 6.5000000000000009 1.0000000180025095e-35 1.5000000000000002 2.5000000000000004 9.5000000000000018 8.5000000000000018 12.500000000000002 5.5000000000000009 37.500000000000007 37.500000000000007 87.500000000000014 13.500000000000002 13.500000000000002 74.500000000000014 1.0000000180025095e-35 12.500000000000002 35.500000000000007 1.0000000180025095e-35
decision_type=2 2 2 2 2 2 2 2 2 2 2 2 2 2 2 2 2 2 2 2 2 2 2 2 2 2 2 2 2 2
left_child=1 2 4 7 9 17 -7 8 -4 13 28 -9 16 -1 -14 -11 19 -6 26 20 -2 -21 23 -5 25 -18 -12 -23 -3 -30
right_child=12 10 3 22 5 6 -8 11 -10 15 18 -13 14 -15 -16 -17 24 -19 -20 21 -22 27 -24 -25 -26 -27 -28 -29 29 -31
leaf_value=-0.030880311131477357 0.032827373469259506 0.020460017677738935 -0.093488497114033897 5.0604139606424279e-05 -0.028852230998544989 -0.019455988428699045 0.015475703641733103 0.013677652139307522 -0.058682271710828883 -0.076005605856577563 -0.0034623167258214906 -0.041636663643015867 0.053194668346217701 0.060628955139035989 -0.029657677481243868 0.0030362576453222172 0.022058486901726595 -0.050614286945673874 -0.0081569272715477301 0.057975091099829623 0.00098677733837140976 0.038955287916482631 0.013163301269341189 -0.047213717546387049 0.045137569401413204 -0.023439551498263312 0.018356237384712822 0.0066943149154002849 0.033210676934998629 0.038437248858003724
leaf_weight=24 420 136 969 718 2665 2461 1926 164 3004 39 69 1287 35 523 124 81 456 345 277 180 138 5122 255 51 48 39 763 26 3338 1111
leaf_count=24 420 136 969 718 2665 2461 1926 164 3004 39 69 1287 35 523 124 81 456 345 277 180 138 5122 255 51 48 39 763 26 3338 1111
internal_value=-7.89571e-11 -0.0115588 -0.0276605 -0.0491982 -0.0104388 -0.0151991 -0.00412012 -0.058668 -0.0671714 0.0423531 0.0294786 -0.0353847 0.035452 0.0566139 -0.0114197 -0.0226523 0.0366112 -0.0313466 0.0103764 0.038067 0.0249528 0.0394404 0.000961988 -0.00308396 0.0208308 0.0184738 0.0165468 0.0387924 0.0340989 0.0345159
internal_weight=26794 20206 14512 6448 8064 7397 4387 5424 3973 667 5694 1451 6588 547 159 120 6429 3010 1109 5886 558 5328 1024 769 543 495 832 5148 4585 4449
internal_count=26794 20206 14512 6448 8064 7397 4387 5424 3973 667 5694 1451 6588 547 159 120 6429 3010 1109 5886 558 5328 1024 769 543 495 832 5148 4585 4449
is_linear=0
shrinkage=0.05


Tree=4
num_leaves=31
num_cat=0
split_feature=0 4 4 7 7 7 4 7 7 0 4 7 4 4 1 4 1 4 0 4 7 7 7 7 4 1 4 7 7 7
split_gain=3963.68 4819.89 1943.16 581.122 549.031 1572.23 626.584 374.734 207.75 195.452 266.424 185.666 181.419 180.969 131.69 109.812 103.776 111.868 97.6073 80.2718 77.1519 98.8812 72.6906 61.9343 82.1025 57.8383 57.7461 51.5086 50.0406 48.1849
threshold=5.5000000000000009 10.500000000000002 5.5000000000000009 -0.99057531356811512 0.069330483675003066 -0.37609004974365229 7.5000000000000009 0.87563917040824901 -0.30456265807151789 1.0000000180025095e-35 1.5000000000000002 1.0934725999832156 11.500000000000002 1.5000000000000002 1.0000000180025095e-35 6.5000000000000009 1.0000000180025095e-35 1.5000000000000002 6.5000000000000009 7.5000000000000009 -0.41835623979568476 -0.64269211888313282 -0.15825664997100827 0.25790268182754522 12.500000000000002 1.0000000180025095e-35 1.0000000180025095e-35 -0.38909503817558283 -0.47687864303588862 -0.64269211888313282
decision_type=2 2 2 2 2 2 2 2 2 2 2 2 2 2 2 2 2 2 2 2 2 2 2 2 2 2 2 2 2 2
left_child=1 2 3 9 5 6 -4 15 13 -1 -11 -9 -3 14 20 -6 17 -5 22 -7 21 -2 -10 24 -14 -24 -18 -22 29 -16
right_child=8 12 4 16 7 19 -8 11 18 10 -12 -13 23 -15 28 -17 26 -19 -20 -21 27 -23 25 -25 -26 -27 -28 -29 -30 -31
leaf_value=0.042251806206016318 0.056209645153523939 0.032393982374924871 -0.079266516515377194 -0.016943685760777413 -0.077823835142775077 0.0069977873680803875 0.058430458814575426 -0.014318100043195043 0.018096419441229333 0.051717647940614356 -0.004122490214008242 -0.051655406412068408 0.013366242719618207 0.013501813485425838 0.061618850642499425 -0.014378610736047718 -0.0123619580082002 -0.035112300674551358 -0.025390390275340333 0.094094088839160081 0.069593794997568972 0.020225917740310795 0.026874059386195838 0.044263484774746453 -0.02154572033171737 0.047124248589616946 0.0092971701762208699 0.038387804147576809 0.066599651334588492 0.032745882705704769
leaf_weight=452 253 4585 1152 3085 1730 1310 89 417 1489 255 1316 1652 777 470 289 71 1393 1168 95 27 241 778 1091 117 215 521 395 293 779 289
leaf_count=452 253 4585 1152 3085 1730 1310 89 417 1489 255 1316 1652 777 470 289 71 1393 1168 95 27 241 778 1091 117 215 521 395 293 779 289
internal_value=8.80799e-11 -0.0109809 -0.0262774 -0.00991687 -0.0467383 -0.0288623 -0.0693914 -0.0586464 0.0336794 0.0132776 0.00494131 -0.0441302 0.0280047 0.042298 0.0469299 -0.0753227 -0.0176842 -0.0219333 0.0245322 0.00875665 0.0370457 0.0290561 0.0260616 0.00985759 0.00579964 0.0334189 -0.00757708 0.0524714 0.0583291 0.0471824
internal_weight=26794 20206 14512 8064 6448 2578 1241 3870 6588 2023 1571 2069 5694 3392 2922 1801 6041 4253 3196 1337 1565 1031 3101 1109 992 1612 1788 534 1357 578
internal_count=26794 20206 14512 8064 6448 2578 1241 3870 6588 2023 1571 2069 5694 3392 2922 1801 6041 4253 3196 1337 1565 1031 3101 1109 992 1612 1788 534 1357 578
is_linear=0
shrinkage=0.05


Tree=5
num_leaves=31
num_cat=0
split_feature=2 7 3 4 7 4 4 4 4 3 4 7 4 7 7 4 7 4 4 7 7 7 7 4 7 4 4 7 7 4
split_gain=6445.85 1509.2 719.747 1302.19 634.331 571.11 607.753 546.718 399.507 482.596 388.904 345.158 326.709 291.062 287.382 186.101 157.906 107.493 109.831 86.1405 84.1019 78.4091 74.3145 66.7492 98.736 60.8203 85.8845 50.8261 47.3924 46.9825
threshold=1.5000000000000002 0.19287778437137607 1.0000000180025095e-35 1.5000000000000002 -0.68820956349372853 5.5000000000000009 10.500000000000002 1.0000000180025095e-35 2.5000000000000004 1.0000000180025095e-35 2.5000000000000004 0.87563917040824901 6.5000000000000009 -0.2883064448833465 1.2755423188209536 1.0000000180025095e-35 1.0934725999832156 1.5000000000000002 2.5000000000000004 0.030315545387566093 -0.28180395066738123 -0.49313485622406 -0.67195332050323475 7.5000000000000009 -0.61993339657783497 7.5000000000000009 6.5000000000000009 -0.0607193075120449 0.088837951421737685 12.500000000000002
decision_type=2 2 2 2 2 2 2 2 2 2 2 2 2 2 2 2 2 2 2 2 2 2 2 2 2 2 2 2 2 2
left_child=1 2 3 7 10 15 11 20 13 14 -5 -7 -6 21 23 -3 -13 -17 -19 29 -1 22 -2 24 -10 26 -11 -15 -21 -4
right_child=8 5 19 4 12 6 -8 -9 9 25 -12 16 -14 27 -16 17 -18 18 -20 28 -22 -23 -24 -25 -26 -27 -28 -29 -30 -31
leaf_value=-0.016565596758371944 0.059803524407850521 -0.026062343121544169 0.0068442582398536029 -0.080808664314887105 -0.069165298223268043 -0.072125447614895019 0.015219907102637861 0.054274111388381147 0.029684552282204901 0.022802339570019869 0.0024832822996037631 -0.013870940904736945 0.0087260961657719457 0.039396274499595166 -0.046551064652104873 0.066551745439167406 -0.049019125968250865 -0.063258775286987187 0.0090839526222397885 -0.038271923954680299 0.0046030473481504823 0.065198884097025275 0.031436507776746662 0.045713334312526194 -0.022058698787753073 0.032653678323245977 -0.036191462347697878 0.01898543559466763 -0.0017097823772295987 -0.020725315945140974
leaf_weight=929 481 1917 5498 170 1599 1715 326 473 180 431 798 421 147 515 329 68 1326 61 375 171 948 1311 444 123 189 4686 72 748 184 159
leaf_count=929 481 1917 5498 170 1599 1715 326 473 180 431 798 421 147 515 329 68 1326 61 375 171 948 1311 444 123 189 4686 72 748 184 159
internal_value=-2.71416e-14 -0.0181896 -0.00712777 -0.0210155 -0.0446088 -0.0379225 -0.0500455 0.0062323 0.0330643 0.0252444 -0.0121444 -0.0561913 -0.0626074 0.0464959 -0.0103757 -0.0189543 -0.040549 0.00808178 -0.00103739 0.00457008 -0.00587413 0.0573341 0.0461874 0.0138148 0.00318191 0.0308802 0.0143579 0.0273081 -0.0193214 0.00606937
internal_weight=26794 17285 11076 5064 2714 6209 3788 2350 9509 6010 968 3462 1746 3499 821 2421 1747 504 436 6012 1877 2236 925 492 369 5189 503 1263 355 5657
internal_count=26794 17285 11076 5064 2714 6209 3788 2350 9509 6010 968 3462 1746 3499 821 2421 1747 504 436 6012 1877 2236 925 492 369 5189 503 1263 355 5657
is_linear=0
shrinkage=0.05


Tree=6
num_leaves=31
num_cat=0
split_feature=0 4 4 3 6 4 4 4 6 6 4 4 4 4 6 0 6 4 4 6 4 6 3 6 6 3 0 6 4 3
split_gain=3323.37 3954.26 1572.48 763.08 552.935 475.979 349.532 398.528 334.281 311.994 190.637 159.768 146.765 126.38 120.256 110.709 84.0661 59.1503 54.6722 46.8226 37.9887 34.3509 12.2341 12.1661 14.9624 18.5451 10.7839 9.40571 8.95179 63.552
threshold=5.5000000000000009 10.500000000000002 5.5000000000000009 1.0000000180025095e-35 4.5000000000000009 6.5000000000000009 2.5000000000000004 1.5000000000000002 9.5000000000000018 10.500000000000002 9.5000000000000018 1.5000000000000002 11.500000000000002 1.0000000180025095e-35 10.500000000000002 6.5000000000000009 2.5000000000000004 1.5000000000000002 2.5000000000000004 9.5000000000000018 12.500000000000002 5.5000000000000009 1.0000000180025095e-35 13.500000000000002 12.500000000000002 1.5000000000000002 1.0000000180025095e-35 9.5000000000000018 4.5000000000000009 1.0000000180025095e-35
decision_type=2 2 2 2 2 2 2 2 2 2 2 2 2 2 2 2 2 2 2 2 2 2 2 2 2 2 2 2 2 2
left_child=1 2 4 5 11 9 7 -6 -8 -4 -7 13 -3 -1 16 19 -5 -17 -13 21 26 -2 27 24 -21 -26 -14 -22 -23 -30
right_child=15 12 3 14 6 10 8 -9 -10 -11 -12 18 20 -15 -16 17 -18 -19 -20 23 22 28 -24 -25 25 -27 -28 -29 29 -31
leaf_value=-0.030356606917455793 0.021351560612304487 0.029204659691464359 -0.073415873965746933 0.070685886852443217 -0.017901866488921513 0.0052411942174628041 -0.018363131228724825 -0.07838183507272059 0.016180016659830869 -0.032716793028844726 -0.039940851204857936 -0.069300350717135847 -0.004655072831994166 0.052978028973776597 -0.0073045483935511831 0.047026050175939291 -0.032842949388286365 -0.026578098488971594 0.0035984548054648728 0.018798960915187814 -0.01064786542029608 0.035065447259382536 -0.012095177382131858 0.041843976297726238 0.026161118119955064 -0.029287788350331159 0.015986049547089633 0.032981662899255755 -0.01441919286797444 0.035326501971837385
leaf_weight=50 558 4585 2414 20 4257 309 1275 291 1554 585 955 35 69 505 1164 35 1001 124 97 432 21 4807 226 48 25 38 763 30 75 446
leaf_count=50 558 4585 2414 20 4257 309 1275 291 1554 585 955 35 69 505 1164 35 1001 124 97 432 21 4807 226 48 25 38 763 30 75 446
internal_value=8.86286e-11 -0.0100549 -0.0239099 -0.042316 -0.00919234 -0.0546304 -0.0131878 -0.0217716 0.00061179 -0.0654769 -0.0288956 0.0337112 0.0252567 0.0454704 -0.0182904 0.0308392 -0.030815 -0.0103759 -0.0157308 0.0318586 0.00893462 0.0331546 -0.00710349 0.0178099 0.0154793 -0.00728425 0.0142742 0.0150166 0.0343907 0.0281654
internal_weight=26794 20206 14512 6448 8064 4263 7377 4548 2829 2999 1264 687 5694 555 2185 6588 1021 159 132 6429 1109 5886 277 543 495 63 832 51 5328 521
internal_count=26794 20206 14512 6448 8064 4263 7377 4548 2829 2999 1264 687 5694 555 2185 6588 1021 159 132 6429 1109 5886 277 543 495 63 832 51 5328 521
is_linear=0
shrinkage=0.05


Tree=7
num_leaves=31
num_cat=0
split_feature=2 0 0 4 4 4 7 7 7 7 7 4 4 0 4 4 0 0 4 7 0 4 4 7 7 4 4 7 7 7
split_gain=5414.92 1552.77 682.53 677.31 547.753 443.547 387.792 1342.3 375.619 330.488 234.627 138.86 124.946 179.198 109.625 627.486 108.831 82.9273 57.8517 53.6023 61.0948 36.2088 32.5656 43.1892 40.938 29.1155 29.4202 27.8293 24.9924 24.8232
threshold=1.5000000000000002 4.5000000000000009 5.5000000000000009 5.5000000000000009 10.500000000000002 10.500000000000002 -0.35983382165431971 0.069330483675003066 1.0642113685607912 -0.99057531356811512 -0.44111494719982142 7.5000000000000009 1.5000000000000002 1.0000000180025095e-35 1.0000000180025095e-35 1.5000000000000002 1.0000000180025095e-35 3.5000000000000004 1.0000000180025095e-35 -0.21352781355381009 6.5000000000000009 1.0000000180025095e-35 12.500000000000002 1.7989926934242251 -1.0393440127372739 7.5000000000000009 6.5000000000000009 -0.37609004974365229 -0.20377407222986219 -0.2883064448833465
decision_type=2 2 2 2 2 2 2 2 2 2 2 2 2 2 2 2 2 2 2 2 2 2 2 2 2 2 2 2 2 2
left_child=1 3 5 9 6 8 10 -8 11 12 -5 16 21 -14 17 -16 -2 -11 29 -3 25 -1 24 -24 -6 26 -21 -7 -29 -4
right_child=2 19 18 4 22 27 7 -9 -10 14 -12 -13 13 -15 15 -17 -18 -19 -20 20 -22 -23 23 -25 -26 -27 -28 28 -30 -31
leaf_value=-0.0067026233290865397 0.033171870796523645 0.0045247850393390692 0.054369541315547415 -0.013062522253303815 -0.020660884086275477 0.020849250177691042 0.0087946720152522907 -0.05163452134942717 -0.038885613463549205 -0.020661792466339406 -0.077557988818158813 0.093389929143282091 0.031893439356217107 -0.02181506106341824 0.056628177554804697 -0.022401891444747524 0.0011447075775236285 -0.044140610202771373 0.028848042235767937 0.016588373181716548 -0.024322625410774453 0.046739812108846208 -0.02142440778794422 0.038391707284109934 0.014596364119008418 0.035725652861998275 -0.038182458583265549 0.036258082120304978 0.027834879944730603 0.04386456499731059
leaf_weight=36 368 2916 2078 165 100 806 1250 3470 462 3049 970 52 272 362 307 1381 950 429 312 1272 89 265 219 35 466 207 25 1438 2272 771
leaf_count=36 368 2916 2078 165 100 806 1250 3470 462 3049 970 52 272 362 307 1381 950 429 312 1272 89 265 219 35 466 207 25 1438 2272 771
internal_value=3.55903e-11 -0.0166717 0.030305 -0.0255746 -0.0365809 0.0208523 -0.0419411 -0.035631 0.000101443 -0.0135328 -0.068182 0.0132489 0.0138211 0.00122707 -0.0184836 -0.00802853 0.010087 -0.0235578 0.0492882 0.00855414 0.0159299 0.040348 0.00169217 -0.013182 0.00836717 0.0183119 0.0155327 0.0292703 0.0310997 0.0515267
internal_weight=26794 17285 9509 12776 6675 6348 5855 4720 1832 6101 1135 1370 935 634 5166 1688 1318 3478 3161 4509 1593 301 820 254 566 1504 1297 4516 3710 2849
internal_count=26794 17285 9509 12776 6675 6348 5855 4720 1832 6101 1135 1370 935 634 5166 1688 1318 3478 3161 4509 1593 301 820 254 566 1504 1297 4516 3710 2849
is_linear=0
shrinkage=0.05


Tree=8
num_leaves=31
num_cat=0
split_feature=0 3 7 3 7 1 7 1 7 7 0 1 1 0 7 7 7 7 7 1 1 7 7 7 7 7 7 0 0 1
split_gain=2712.39 2639.93 895.969 563.637 742.752 379.754 147.573 145.826 128.316 113.24 105.733 77.7722 70.788 66.9263 61.7512 57.3203 57.2968 53.9454 116.735 49.9698 45.5713 45.1433 42.055 41.4164 34.7182 28.3978 26.4113 33.0809 31.9398 25.5016
threshold=5.5000000000000009 1.5000000000000002 0.030315545387566093 1.0000000180025095e-35 -0.74022945761680592 1.0000000180025095e-35 -0.30456265807151789 1.0000000180025095e-35 -0.47687864303588862 1.5518980622291567 4.5000000000000009 1.0000000180025095e-35 1.0000000180025095e-35 6.5000000000000009 -0.15825664997100827 1.7697314620018008 -0.99057531356811512 -1.1856499910354612 -0.64269211888313282 1.0000000180025095e-35 1.0000000180025095e-35 -0.41835623979568476 -0.20377407222986219 -0.38909503817558283 -0.45411992073059076 -0.32407012581825251 0.86588546633720409 1.0000000180025095e-35 1.0000000180025095e-35 1.0000000180025095e-35
decision_type=2 2 2 2 2 2 2 2 2 2 2 2 2 2 2 2 2 2 2 2 2 2 2 2 2 2 2 2 2 2
left_child=1 2 3 4 16 -6 8 22 17 10 12 21 -4 14 -8 -11 -1 29 -19 -16 -17 24 25 -23 -10 -3 28 -28 -9 -2
right_child=6 7 9 -5 5 -7 13 26 11 15 -12 -13 -14 -15 19 20 -18 18 -20 -21 -22 23 -24 -25 -26 -27 27 -29 -30 -31
leaf_value=0.013221913538453429 0.022540867982432249 0.02263290406326237 -0.042522306818271217 0.0043529504394349671 -0.046610815023423291 0.00077330217404024946 0.01407624724858076 0.018758941084314487 0.052955255272888371 -0.0061586739151311921 0.013119575833339281 0.05659472263878447 -0.029271624744808156 -0.021187233968981006 0.022115401026247455 -0.031192484768293557 -0.0088485109719743087 0.047403028167706605 0.017774036705626974 0.040937801478377001 -0.0026955300878034904 0.058883155170920853 0.019860831569830602 0.030985953756027952 0.011106404491421213 0.03421441919715789 -0.034331231630510758 0.0023760465644493008 -0.0023916195848150382 -0.0024942979606313877
leaf_weight=1040 200 874 3381 4044 2173 525 1489 377 62 406 101 783 1436 95 1091 1139 410 585 770 521 160 241 2176 297 247 1342 90 193 339 207
leaf_count=1040 200 874 3381 4044 2173 525 1489 377 62 406 101 783 1436 95 1091 1139 410 585 770 521 160 241 2176 297 247 1342 90 193 339 207
internal_value=-4.28385e-11 -0.00908372 -0.0199858 -0.00892982 -0.0218796 -0.0373904 0.0278606 0.0208763 0.0351246 -0.033661 -0.0375106 0.0452355 -0.0385721 0.0201512 0.0214176 -0.0225572 0.00698131 0.0257711 0.0305659 0.0281988 -0.0276825 0.0347346 0.0247983 0.0434827 0.0195033 0.0296466 0.00363376 -0.00929765 0.00874492 0.00980799
internal_weight=26794 20206 14815 8192 4148 2698 6588 5391 3392 6623 4918 1630 4817 3196 3101 1705 1450 1762 1355 1612 1299 847 4392 538 309 2216 999 283 716 407
internal_count=26794 20206 14815 8192 4148 2698 6588 5391 3392 6623 4918 1630 4817 3196 3101 1705 1450 1762 1355 1612 1299 847 4392 538 309 2216 999 283 716 407
is_linear=0
shrinkage=0.05


Tree=9
num_leaves=31
num_cat=0
split_feature=3 4 1 4 7 4 4 4 4 4 7 7 1 4 7 4 4 7 7 7 7 7 1 7 4 7 4 4 4 7
split_gain=1644.97 2681.81 869.536 626.317 1223.5 500.795 435.678 482.098 333.061 287.779 251.95 179.478 174.191 122.127 173.603 103.711 92.695 85.3115 72.5642 68.8429 64.885 63.6493 54.6968 51.1087 47.9599 105.583 41.8037 50.7351 45.2236 41.6652
threshold=1.0000000180025095e-35 1.5000000000000002 1.0000000180025095e-35 7.5000000000000009 0.030315545387566093 5.5000000000000009 7.5000000000000009 5.5000000000000009 2.5000000000000004 1.0000000180025095e-35 0.10184292867779733 -0.073724288493394838 1.0000000180025095e-35 2.5000000000000004 -0.33057262003421778 3.5000000000000004 12.500000000000002 -0.36958755552768702 -1.1336300969123838 -0.78574690222740162 0.96342280507087719 1.4868732094764712 1.0000000180025095e-35 -0.32081888616085047 6.5000000000000009 1.7242140769958498 7.5000000000000009 8.5000000000000018 6.5000000000000009 1.0934725999832156
decision_type=2 2 2 2 2 2 2 2 2 2 2 2 2 2 2 2 2 2 2 2 2 2 2 2 2 2 2 2 2 2
left_child=1 9 6 4 13 15 7 8 -3 11 -8 12 19 14 22 -6 18 -14 -5 -1 -18 -13 -2 -16 -7 -26 28 -28 29 -4
right_child=3 2 26 16 5 24 10 -9 -10 -11 -12 21 17 -15 23 -17 20 -19 -20 -21 -22 -23 -24 -25 25 -27 27 -29 -30 -31
leaf_value=-0.035225444320609332 0.022993032485399252 -0.071300511103157604 0.011292162400298898 -0.0086554548261050576 -0.01480049174434239 -0.06319583568658281 0.014800172839289989 -0.063733968831400367 -0.013440909867861315 0.047552762295978199 -0.032362831583048 -0.013425827186781918 0.045756244831852269 0.0066747551733678193 -0.038513104320952188 0.020991543951510854 -0.014388771807056409 0.018045490201468502 0.025723135590655633 0.0089805350166400309 0.075543902814388275 0.033052221787116136 0.039378148817680654 0.01081526450235573 0.0094234589735443033 -0.069852625035199831 0.067460710313497929 0.0054014638066291814 -0.022470589293131851 -0.021579570542754875
leaf_weight=93 1152 327 692 158 2098 643 392 2704 1039 603 1020 813 557 2908 54 224 227 554 5380 1662 22 81 913 1903 78 91 57 78 159 112
leaf_count=93 1152 327 692 158 2098 643 392 2704 1039 603 1020 813 557 2908 54 224 227 554 5380 1662 22 81 913 1903 78 91 57 78 159 112
internal_value=-4.48784e-11 -0.0149104 -0.035066 0.0102937 0.00275699 -0.0231671 -0.0432006 -0.051503 -0.0272916 0.0154869 -0.0192694 0.0103445 0.0164456 0.0144808 0.0201248 -0.0113477 0.0234005 0.0319383 0.0247423 0.006638 -0.00644291 -0.00921473 0.0302374 0.00945413 -0.0569661 -0.0332637 0.00554737 0.0316043 0.00189454 0.00671302
internal_weight=26794 10943 6580 15851 10064 3134 5482 4070 1366 4363 1412 3760 2866 6930 4022 2322 5787 1111 5538 1755 249 894 2065 1957 812 169 1098 135 963 804
internal_count=26794 10943 6580 15851 10064 3134 5482 4070 1366 4363 1412 3760 2866 6930 4022 2322 5787 1111 5538 1755 249 894 2065 1957 812 169 1098 135 963 804
is_linear=0
shrinkage=0.05


Tree=10
num_leaves=31
num_cat=0
split_feature=2 0 5 5 0 4 4 4 4 4 5 5 5 0 5 5 4 5 4 5 0 0 4 4 0 5 4 2 4 2
split_gain=4262.53 1129.73 700.21 693.986 556.846 379.291 634.64 312.877 257.059 256.68 135.94 128.338 109.797 93.187 72.5916 61.0431 51.1571 38.1594 37.5798 34.298 30.585 32.1046 43.9244 27.3046 25.4416 21.1859 19.4335 18.2593 12.2879 11.9785
threshold=1.5000000000000002 4.5000000000000009 27.500000000000004 66.500000000000014 5.5000000000000009 5.5000000000000009 8.5000000000000018 10.500000000000002 1.5000000000000002 9.5000000000000018 26.500000000000004 50.500000000000007 70.500000000000014 3.5000000000000004 82.500000000000014 60.500000000000007 7.5000000000000009 9.5000000000000018 1.0000000180025095e-35 19.500000000000004 6.5000000000000009 5.5000000000000009 10.500000000000002 2.5000000000000004 3.5000000000000004 46.500000000000007 1.5000000000000002 1.0000000180025095e-35 4.5000000000000009 1.0000000180025095e-35
decision_type=2 2 2 2 2 2 2 2 2 2 2 2 2 2 2 2 2 2 2 2 2 2 2 2 2 2 2 2 2 2
left_child=1 2 8 5 7 11 -7 9 18 10 24 -4 -12 14 -5 16 25 -10 -1 -3 21 27 -23 -19 -2 -6 -22 -21 -15 -20
right_child=4 19 3 13 15 6 -8 -9 17 -11 12 -13 -14 28 -16 -17 -18 23 29 20 26 22 -24 -25 -26 -27 -28 -29 -30 -31
leaf_value=-0.022241372105927443 0.040678735752590005 0.047496076227695333 -0.029588446586359202 -0.0041312287943192361 0.052874409906918607 -0.051780773587110855 -0.010294184146329724 0.025419547855889093 0.031307168427582195 -0.041038064109651669 -0.0003574101471728863 -0.012917652724648555 0.03878226255199739 -0.062161187165931088 0.018182986237229012 0.023438238329614513 0.023719462012164461 -0.059164671255992007 0.04401426618828725 -0.0042295437625802304 0.026736440374092625 0.0079111865215832026 0.031048475039953533 -0.013801912285874155 0.091895163150466225 0.043863134345347381 -0.024350439150594483 0.011121304329557748 -0.022207837193100544 0.06461547240425379
leaf_weight=20 48 51 2320 1936 1304 3644 1234 4516 41 304 1221 2298 210 67 449 323 229 39 393 806 22 3034 220 222 49 1305 121 255 27 86
leaf_count=20 48 51 2320 1936 1304 3644 1234 4516 41 304 1221 2298 210 67 449 323 229 39 393 806 22 3034 220 222 49 1305 121 255 27 86
internal_value=5.92272e-11 -0.0147917 -0.0223856 -0.025413 0.0268876 -0.031563 -0.0412858 0.0183495 0.0228737 0.00092126 0.00926919 -0.0212928 0.00538636 -0.0018549 6.96444e-05 0.0440341 0.0463782 -0.0135359 0.0449092 0.00672527 0.00625884 0.00701278 0.00947548 -0.0205803 0.066551 0.048367 -0.0164909 -0.000540132 -0.0506852 0.047713
internal_weight=26794 17285 12776 11975 9509 9496 4878 6348 801 1832 1528 4618 1431 2479 2385 3161 2838 302 499 4509 4458 4315 3254 261 97 2609 143 1061 94 479
internal_count=26794 17285 12776 11975 9509 9496 4878 6348 801 1832 1528 4618 1431 2479 2385 3161 2838 302 499 4509 4458 4315 3254 261 97 2609 143 1061 94 479
is_linear=0
shrinkage=0.05


Tree=11
num_leaves=31
num_cat=0
split_feature=0 4 4 6 6 7 4 7 0 7 7 6 7 7 4 4 4 0 0 7 7 4 4 6 4 7 7 7 7 6
split_gain=2075.11 2443.51 994.497 447.919 381.972 291.712 282.728 280.019 205.706 203.468 146.695 142.349 107.092 107.471 96.7944 88.6747 80.244 75.5978 51.9932 54.9644 51.9854 51.6705 49.1822 43.4193 40.7137 112.482 35.034 18.1908 26.9344 19.2259
threshold=5.5000000000000009 10.500000000000002 5.5000000000000009 10.500000000000002 4.5000000000000009 -1.2360442876815794 6.5000000000000009 0.069330483675003066 1.0000000180025095e-35 0.91465410590171825 1.7047066092491152 6.5000000000000009 -0.30456265807151789 -0.47687864303588862 1.5000000000000002 1.0000000180025095e-35 11.500000000000002 3.5000000000000004 6.5000000000000009 -0.15825664997100827 0.36194251477718359 12.500000000000002 3.5000000000000004 9.5000000000000018 1.5000000000000002 -0.64269211888313282 -1.3579659461975095 -0.34357759356498713 -0.20377407222986219 9.5000000000000018
decision_type=2 2 2 2 2 2 2 2 2 2 2 2 2 2 2 2 2 2 2 2 2 2 2 2 2 2 2 2 2 2
left_child=1 2 4 6 14 8 11 -5 -6 -9 -8 -4 13 24 15 -1 27 -7 19 -14 21 26 -16 -15 25 -2 -18 29 -29 -3
right_child=12 16 3 7 5 17 10 9 -10 -11 -12 -13 18 23 22 -17 20 -19 -20 -21 -22 -23 -24 -25 -26 -27 -28 28 -30 -31
leaf_value=-0.025836351837031549 0.043920647661112311 0.017120951314993801 -0.065737510299534993 0.0080445817368877265 0.040512411705190869 -0.0135562090504582 0.0046290936137544396 -0.063059898365925002 -0.0015127232152099515 -0.013235707402283893 -0.032268614156683736 -0.042874239384314283 0.011991433133049059 0.04129149288314065 -0.03340691357334874 0.04396849666238016 -0.012913827683352044 -0.030224134965086521 -0.01863445242572772 0.025315339920309168 0.041395987233576868 -0.01747058918461377 0.029764966986009053 -0.0051439714958318155 0.0092473320082410593 0.014090876999703706 0.014977565408126801 0.029398222227245165 0.020810583337002381 -0.023773172348737718
leaf_weight=50 542 685 969 878 374 4898 359 328 1315 546 1079 2289 1489 1578 83 505 136 790 95 1612 104 215 49 52 462 758 654 1476 2394 30
leaf_count=50 542 685 969 878 374 4898 359 328 1315 546 1079 2289 1489 1578 83 505 136 790 95 1612 104 215 49 52 462 758 654 1476 2394 30
internal_value=-1.08711e-10 -0.00794526 -0.0188366 -0.0334743 -0.00713231 -0.0104532 -0.0415236 -0.0118991 0.00779302 -0.031934 -0.023057 -0.0496743 0.0243688 0.0305568 0.0285269 0.0376798 0.019813 -0.0158712 0.0178014 0.0189176 0.00774396 0.00426156 -0.00995675 0.0398101 0.0219967 0.0265276 0.010176 0.0227322 0.0240859 0.0154051
internal_weight=26794 20206 14512 6448 8064 7377 4696 1752 1689 874 1438 3258 6588 3392 687 555 5694 5688 3196 3101 1109 1005 132 1630 1762 1300 790 4585 3870 715
internal_count=26794 20206 14512 6448 8064 7377 4696 1752 1689 874 1438 3258 6588 3392 687 555 5694 5688 3196 3101 1109 1005 132 1630 1762 1300 790 4585 3870 715
is_linear=0
shrinkage=0.05


Tree=12
num_leaves=31
num_cat=0
split_feature=0 7 5 5 7 0 5 7 7 7 7 7 7 1 7 5 7 7 7 1 7 5 5 0 0 7 1 7 7 7
split_gain=1872.78 622.752 369.132 1284.33 308.564 278.378 233.756 131.51 114.323 110.247 100.578 96.6503 96.993 86.1609 78.3598 74.7532 138.083 196.351 69.2107 61.0444 60.234 53.704 50.2424 48.9163 46.9239 49.6053 42.4211 40.5585 39.6462 36.2177
threshold=5.5000000000000009 0.030315545387566093 33.500000000000007 30.500000000000004 0.84962922334671032 1.0000000180025095e-35 53.500000000000007 -0.457371175289154 -1.7188541293144224 0.52450475096702587 -0.17776411771774289 -0.30456265807151789 -0.47687864303588862 1.0000000180025095e-35 -0.35333132743835444 38.500000000000007 1.5161343812942507 1.0934725999832156 -0.31756764650344843 1.0000000180025095e-35 1.6494354605674746 16.500000000000004 34.500000000000007 2.5000000000000004 6.5000000000000009 -0.15825664997100827 1.0000000180025095e-35 -0.41835623979568476 0.58952966332435619 -1.1856499910354612
decision_type=2 2 2 2 2 2 2 2 2 2 2 2 2 2 2 2 2 2 2 2 2 2 2 2 2 2 2 2 2 2
left_child=1 2 3 21 6 8 22 -5 -4 -8 13 12 29 -7 -9 20 17 -17 -10 27 -6 -1 -3 -18 25 -13 -27 -14 -24 -2
right_child=11 4 5 7 15 10 9 14 18 -11 -12 24 19 -15 -16 16 23 -19 -20 -21 -22 -23 28 -25 -26 26 -28 -29 -30 -31
leaf_value=0.044669340828522336 0.0078170713611606154 0.013567624852429469 0.040210458602674165 -0.0074627322726057354 0.0049160616074170153 -0.015124803313667796 -0.025542451286226359 -0.062341540421313436 0.0023620735438318599 -0.046391659606437104 0.0068723772980480826 0.011391861485179747 0.014079141312860508 0.001813412564163941 -0.0034712748353679978 -0.00036434412839167376 0.0047608399300066682 -0.032543052709635638 0.015757006137680576 0.047883364251035114 -0.02745924464272409 0.018479403036043528 -0.020388062832300283 -0.031979110638954138 -0.017702729835322031 0.01844445308640524 0.035786972818949804 0.036808245445858707 -0.00063420460323222738 0.024825600239631249
leaf_weight=315 407 172 363 141 176 2061 1173 976 1502 1380 1454 1489 309 1181 60 998 1955 903 2694 783 782 517 963 95 95 1091 521 538 345 1355
leaf_count=315 407 172 363 141 176 2061 1173 976 1502 1380 1454 1489 309 1181 60 998 1955 903 2694 783 782 517 963 95 95 1091 521 538 345 1355
internal_value=-4.15558e-11 -0.007548 0.000272931 -0.0191544 -0.0173998 0.00449006 -0.0276471 -0.0527662 0.013291 -0.0368123 -0.00405412 0.0231504 0.029029 -0.00895453 -0.0589321 -0.00898115 -0.00594294 -0.0156497 0.0109622 0.0378196 -0.0215114 0.0283951 -0.0118371 0.00305826 0.0169113 0.0179717 0.0240496 0.0285163 -0.0151778 0.0208968
internal_weight=26794 20206 11264 2009 8942 9255 4033 1177 4559 2553 4696 6588 3392 3242 1036 4909 3951 1901 4196 1630 958 832 1480 2050 3196 3101 1612 847 1308 1762
internal_count=26794 20206 11264 2009 8942 9255 4033 1177 4559 2553 4696 6588 3392 3242 1036 4909 3951 1901 4196 1630 958 832 1480 2050 3196 3101 1612 847 1308 1762
is_linear=0
shrinkage=0.05


Tree=13
num_leaves=31
num_cat=0
split_feature=0 4 4 5 5 5 4 4 5 7 4 7 7 5 4 7 7 4 0 7 4 7 7 7 5 5 7 7 7 7
split_gain=1690.19 2120.83 828.549 525.263 391.483 348.077 283.058 183.625 146.329 123.896 102.587 87.2269 87.5362 71.6979 68.1113 82.1999 61.3907 44.1449 42.3488 45.4504 40.2636 36.9778 76.5604 37.2361 25.5863 19.7393 60.9336 18.2603 18.1963 16.6296
threshold=5.5000000000000009 10.500000000000002 5.5000000000000009 73.500000000000014 27.500000000000004 50.500000000000007 2.5000000000000004 6.5000000000000009 36.500000000000007 1.7047066092491152 1.5000000000000002 -0.30456265807151789 -0.47687864303588862 48.500000000000007 12.500000000000002 -0.74022945761680592 0.96342280507087719 2.5000000000000004 6.5000000000000009 -0.1875178515911102 1.0000000180025095e-35 -0.55815973877906788 -0.89628919959068287 -0.67195332050323475 43.500000000000007 89.500000000000014 0.069330483675003066 0.91465410590171825 -1.1856499910354612 -0.45411992073059076
decision_type=2 2 2 2 2 2 2 2 2 2 2 2 2 2 2 2 2 2 2 2 2 2 2 2 2 2 2 2 2 2
left_child=1 2 4 7 10 13 -7 8 -4 -9 20 12 21 -6 15 28 -16 -12 19 -13 -1 22 -2 -24 -14 26 -5 -27 -3 -26
right_child=11 14 3 25 5 6 -8 9 -10 -11 17 18 24 -15 16 -17 -18 -19 -20 -21 -22 -23 23 -25 29 27 -28 -29 -30 -31
leaf_value=-0.024087824443510424 0.0088048132756375717 -0.010267567181365629 -0.05933355746254463 0.0054424118693060346 -0.019712357738760226 -0.012236696383725884 0.012832197922751623 0.0037790851040942169 -0.036988464204567216 -0.030048388874672156 -0.055517149888552157 0.0085824998618219423 0.044804172950757698 -0.039355025678353556 -0.016269737791969528 0.022262114887485654 0.045920577148596452 0.0092308153496066369 -0.016817593170133861 0.021388697142127641 0.042143551333031458 0.0085187174048064716 0.043276004489642854 0.020877451564026608 0.050224274788574087 0.0046767966394217365 -0.028928635729315838 0.034172043057135594 0.0084718833036153147 0.02946565480360825
leaf_weight=24 480 174 969 632 2213 2623 1973 360 3004 1091 39 1045 542 588 229 4736 48 81 95 2056 523 511 460 311 107 149 162 81 507 981
leaf_count=24 480 174 969 632 2213 2623 1973 360 3004 1091 39 1045 542 588 229 4736 48 81 95 2056 523 511 460 311 107 149 162 81 507 981
internal_value=-2.25449e-11 -0.0071706 -0.0173174 -0.030678 -0.00663413 -0.00994229 -0.00147496 -0.0368787 -0.0424383 -0.0216556 0.0300532 0.0219929 0.0275775 -0.0238358 0.0186899 0.0199265 -0.00549308 -0.0118123 0.0160658 0.0170732 0.0392376 0.019852 0.0244813 0.034241 0.0359286 0.00216596 -0.00157032 0.0150643 0.00368383 0.0315072
internal_weight=26794 20206 14512 6448 8064 7397 4596 5424 3973 1451 667 6588 3392 2801 5694 5417 277 120 3196 3101 547 1762 1251 771 1630 1024 794 230 681 1088
internal_count=26794 20206 14512 6448 8064 7397 4596 5424 3973 1451 667 6588 3392 2801 5694 5417 277 120 3196 3101 547 1762 1251 771 1630 1024 794 230 681 1088
is_linear=0
shrinkage=0.05


Tree=14
num_leaves=31
num_cat=0
split_feature=2 0 6 0 6 4 4 4 4 4 4 4 4 4 0 0 6 4 4 4 4 4 4 2 6 6 6 6 2 0
split_gain=3164.05 708.82 455.11 393.405 311.208 243.842 413.633 204.733 196.863 126.567 107.115 99.7989 180.986 94.5813 79.5149 67.522 59.5281 57.016 46.5788 35.9709 33.509 56.8888 32.4248 26.8679 26.7066 19.134 17.1666 16.5807 12.4918 7.47403
threshold=1.5000000000000002 4.5000000000000009 4.5000000000000009 5.5000000000000009 10.500000000000002 5.5000000000000009 10.500000000000002 10.500000000000002 9.5000000000000018 1.5000000000000002 7.5000000000000009 2.5000000000000004 5.5000000000000009 1.5000000000000002 1.0000000180025095e-35 3.5000000000000004 9.5000000000000018 1.0000000180025095e-35 1.0000000180025095e-35 2.5000000000000004 7.5000000000000009 5.5000000000000009 11.500000000000002 1.0000000180025095e-35 7.5000000000000009 13.500000000000002 11.500000000000002 1.5000000000000002 1.0000000180025095e-35 1.0000000180025095e-35
decision_type=2 2 2 2 2 2 2 2 2 2 2 2 2 2 2 2 2 2 2 2 2 2 2 2 2 2 2 2 2 2
left_child=1 2 9 7 5 15 -7 8 10 17 14 13 -13 -6 -2 -4 18 -1 24 -11 21 23 -22 25 -5 -3 -25 -21 -19 -9
right_child=3 20 4 16 11 6 -8 29 -10 19 -12 12 -14 -15 -16 -17 -18 28 -20 27 22 -23 -24 26 -26 -27 -28 -29 -30 -31
leaf_value=-0.021389508501372556 0.024846705396188586 -0.0063529679328953913 -0.015050170662105032 0.04521189020039193 -0.008766186840477445 -0.039774304397410219 0.0023396892237969938 0.020407777096851334 -0.034855536761154472 -0.055770468882152015 0.079731606634763585 0.022795370992887195 -0.010171049601048848 -0.0626604797888443 -0.00071179526875266106 -0.033102480908503616 0.014800912000076445 0.034151831077979103 0.01953809389290009 0.026985588403684754 0.029756816226565341 -0.041804673332347157 0.0064189045821391143 0.0054834298000045528 0.034545851702212679 0.015799833380363205 0.04982364694164558 -0.0072979574226139281 0.055010144401530042 0.024890139705345093
leaf_weight=44 429 856 4002 1754 189 3984 683 3206 304 35 52 538 1841 143 1047 595 263 371 262 42 233 71 412 2805 882 110 22 220 89 1310
leaf_count=44 429 856 4002 1754 189 3984 683 3206 304 35 52 538 1841 143 1047 595 263 371 262 42 233 71 412 2805 882 110 22 220 89 1310
internal_value=-5.51798e-11 -0.012744 -0.0187591 0.0231654 -0.0211998 -0.0255602 -0.0336111 0.0159889 0.0018908 0.0177291 0.00920159 -0.00629961 -0.00271584 -0.0319797 0.00671679 -0.0173867 0.0375776 0.0329863 0.0396446 -0.00816203 0.00429957 0.00253852 0.0148495 0.00336857 0.0416431 -0.00383039 0.00582849 -0.00180212 0.0381875 0.021708
internal_weight=26794 17285 12776 9509 11975 9264 4667 6348 1832 801 1528 2711 2379 332 1476 4597 3161 504 2898 297 4509 3864 645 3793 2636 966 2827 262 460 4516
internal_count=26794 17285 12776 9509 11975 9264 4667 6348 1832 801 1528 2711 2379 332 1476 4597 3161 504 2898 297 4509 3864 645 3793 2636 966 2827 262 460 4516
is_linear=0
shrinkage=0.05


Tree=15
num_leaves=31
num_cat=0
split_feature=2 0 3 4 4 0 4 4 4 4 4 0 4 4 0 0 0 0 2 4 4 4 4 2 4 0 0 3 0 4
split_gain=2855.56 639.71 394.256 410.693 529.211 355.048 184.772 177.669 175.929 176.082 96.6708 71.7622 66.3395 127.579 69.5483 55.8068 53.7961 48.877 47.0089 33.6786 30.2419 51.3421 29.2634 24.2483 20.8431 15.328 11.864 7.62054 6.74531 5.72078
threshold=1.5000000000000002 4.5000000000000009 1.0000000180025095e-35 1.5000000000000002 1.0000000180025095e-35 5.5000000000000009 10.500000000000002 9.5000000000000018 6.5000000000000009 5.5000000000000009 7.5000000000000009 1.0000000180025095e-35 1.0000000180025095e-35 5.5000000000000009 1.0000000180025095e-35 3.5000000000000004 3.5000000000000004 1.0000000180025095e-35 1.0000000180025095e-35 1.0000000180025095e-35 7.5000000000000009 5.5000000000000009 11.500000000000002 1.0000000180025095e-35 7.5000000000000009 3.5000000000000004 5.5000000000000009 1.5000000000000002 1.0000000180025095e-35 13.500000000000002
decision_type=2 2 2 2 2 2 2 2 2 2 2 2 2 2 2 2 2 2 2 2 2 2 2 2 2 2 2 2 2 2
left_child=1 2 3 4 15 6 7 10 9 -5 11 -2 17 14 -14 -1 -10 18 -4 27 21 23 -22 -3 -15 -19 -25 -7 -8 -24
right_child=5 20 12 8 -6 19 28 -9 16 -11 -12 -13 13 24 -16 -17 -18 25 -20 -21 22 -23 29 26 -26 -27 -28 -29 -30 -31
leaf_value=-0.017250444209925404 0.0236043707150662 -0.0036388726890165222 -0.053215490432145698 -0.021808227763041015 0.03824993278374713 0.037907434082197045 0.019387388717413939 -0.033112759465400717 -0.0078787317776426846 -0.043691134489115616 0.075745025549370515 -0.00067620557236308177 0.029497401925326183 -0.01142740552997666 -0.00093476280030712049 -0.044159775570309291 -0.038949578409028081 -0.0074509187260452291 -0.019497711793460062 0.020103039804589339 0.02826897439031258 -0.039714439756328795 0.0046986040446716244 0.022629771292285654 -0.0013069831322848379 -0.022913209501280358 0.0049232562868243325 0.024054548057876709 0.023645632725372512 0.030904712561856618
leaf_weight=876 429 966 120 1326 510 2746 3206 304 793 2997 52 1047 378 2038 373 247 169 1343 746 312 233 71 390 98 678 182 2729 103 1310 22
leaf_count=876 429 966 120 1326 510 2746 3206 304 793 2997 52 1047 378 2038 373 247 169 1343 746 312 233 71 390 98 678 182 2729 103 1310 22
internal_value=-1.15977e-11 -0.0121068 -0.0178212 -0.0259037 -0.00398738 0.0220072 0.0151894 0.00179626 -0.0326756 -0.036979 0.00874151 0.00638095 -0.00827617 -0.00385747 0.0143826 -0.0231691 -0.0133371 -0.0146834 -0.0241699 0.0356987 0.00408459 0.0024116 0.014107 0.00320014 -0.00890103 -0.00929625 0.00553707 0.0374066 0.0206226 0.00609796
internal_weight=26794 17285 12776 6918 1633 9509 6348 1832 5285 4323 1528 1476 5858 3467 751 1123 962 2391 866 3161 4509 3864 645 3793 2716 1525 2827 2849 4516 412
internal_count=26794 17285 12776 6918 1633 9509 6348 1832 5285 4323 1528 1476 5858 3467 751 1123 962 2391 866 3161 4509 3864 645 3793 2716 1525 2827 2849 4516 412
is_linear=0
shrinkage=0.05


Tree=16
num_leaves=31
num_cat=0
split_feature=0 4 4 3 6 4 6 6 4 4 4 4 4 0 0 4 6 6 4 6 6 0 6 0 4 6 3 3 3 6
split_gain=1243.1 1563.86 617.739 316.812 241.525 209.33 219.64 187.876 180.083 79.8958 59.1723 60.058 52.2205 46.628 45.3426 41.8407 40.1635 42.3709 37.1873 21.1084 23.8423 16.8837 14.2004 10.218 13.5891 8.36673 16.959 8.22089 7.30981 6.03418
threshold=5.5000000000000009 10.500000000000002 5.5000000000000009 1.0000000180025095e-35 4.5000000000000009 6.5000000000000009 13.500000000000002 9.5000000000000018 2.5000000000000004 9.5000000000000018 1.5000000000000002 1.0000000180025095e-35 12.500000000000002 6.5000000000000009 4.5000000000000009 3.5000000000000004 10.500000000000002 2.5000000000000004 1.5000000000000002 9.5000000000000018 5.5000000000000009 4.5000000000000009 13.500000000000002 1.0000000180025095e-35 11.500000000000002 12.500000000000002 1.5000000000000002 1.0000000180025095e-35 1.0000000180025095e-35 9.5000000000000018
decision_type=2 2 2 2 2 2 2 2 2 2 2 2 2 2 2 2 2 2 2 2 2 2 2 2 2 2 2 2 2 2
left_child=1 2 4 5 10 6 -4 14 -9 -7 11 -1 21 19 -6 -12 17 -5 -15 20 27 23 25 24 -3 -21 -27 -2 29 -14
right_child=13 12 3 16 7 9 -8 8 -10 -11 15 -13 28 18 -16 -17 -18 -19 -20 22 -22 -23 -24 -25 -26 26 -28 -29 -30 -31
leaf_value=-0.022398273758590222 0.0021469720010279989 0.017013013421189955 -0.043933936559358414 0.053903297978686177 -0.015193213684095881 0.0048321510848972019 0.034534895776406581 -0.014675512237833803 0.013332367006574992 -0.024417754708940448 -0.0290009752762748 0.03504924561178293 -0.0085757307353473838 0.037627295872994834 0.0043294972939264473 0.029265572419580152 -0.004569514096983392 -0.019596218424672438 -0.020733505151809134 0.010054453307465237 0.021422663728318886 0.0082283301523324755 0.036055743166555958 0.021609579644581017 -0.0053967822383603325 0.022532971054315568 -0.030491764804250317 0.014937744917422889 -0.0089761720502551292 0.026369974513848621
leaf_weight=50 191 3453 2907 20 4595 309 92 910 1554 955 83 505 21 35 318 49 1164 1001 124 432 5328 484 48 1411 69 25 38 367 226 30
leaf_count=50 191 3453 2907 20 4595 309 92 910 1554 955 83 505 21 35 318 49 1164 1001 124 432 5328 484 48 1411 69 25 38 367 226 30
internal_value=-2.09325e-11 -0.00614951 -0.0148626 -0.0263991 -0.00563807 -0.0343337 -0.0415268 -0.00827874 0.00298855 -0.0172673 0.0227174 0.0298738 0.0160572 0.0188611 -0.0139296 -0.00737173 -0.0109184 -0.0181565 -0.00788679 0.0195226 0.0203928 0.01714 0.0100899 0.0180143 0.016574 0.00757204 -0.0094502 0.0105595 -0.00511771 0.0119806
internal_weight=26794 20206 14512 6448 8064 4263 2999 7377 2464 1264 687 555 5694 6588 4913 132 2185 1021 159 6429 5886 5417 543 4933 3522 495 63 558 277 51
internal_count=26794 20206 14512 6448 8064 4263 2999 7377 2464 1264 687 555 5694 6588 4913 132 2185 1021 159 6429 5886 5417 543 4933 3522 495 63 558 277 51
is_linear=0
shrinkage=0.05


Tree=17
num_leaves=31
num_cat=0
split_feature=2 7 7 7 4 4 4 4 4 7 4 7 4 7 7 7 4 4 4 7 7 4 4 7 4 4 7 1 7 4
split_gain=2410.78 489.777 234.744 339.302 325.953 189.03 171.605 216.601 136.54 174.285 133.64 121.287 108.967 106.817 188.209 105.278 69.521 67.6955 49.6088 67.6734 46.282 45.5607 59.0847 42.1147 83.2126 40.8063 29.9487 29.3209 27.8593 27.8052
threshold=1.5000000000000002 0.28391262888908392 -0.24604026228189466 -0.44761744141578669 4.5000000000000009 4.5000000000000009 5.5000000000000009 6.5000000000000009 10.500000000000002 1.2755423188209536 7.5000000000000009 1.0000000180025095e-35 1.0000000180025095e-35 0.87563917040824901 1.0934725999832156 -0.0607193075120449 11.500000000000002 12.500000000000002 7.5000000000000009 -0.85727426409721363 1.6851991415023806 1.5000000000000002 2.5000000000000004 -0.94505789875984181 1.5000000000000002 7.5000000000000009 -0.17776411771774289 1.0000000180025095e-35 1.6494354605674746 1.0000000180025095e-35
decision_type=2 2 2 2 2 2 2 2 2 2 2 2 2 2 2 2 2 2 2 2 2 2 2 2 2 2 2 2 2 2
left_child=1 2 3 23 29 15 12 13 9 18 -6 17 -3 -8 -15 27 20 26 19 -7 -9 -14 -23 24 -1 -25 -4 -2 -17 -5
right_child=5 6 11 4 10 8 7 16 -10 -11 -12 -13 21 14 -16 28 -18 -19 -20 -21 -22 22 -24 25 -26 -27 -28 -29 -30 -31
leaf_value=0.02552224885096703 0.029002079661217973 -0.017265157305840679 0.00077435382574767779 -0.0090656947083432877 -0.046507231918968162 0.01920765206290553 -0.045246795912092491 0.0016810659231064288 0.018689105613907905 -0.029650597039494065 0.011221770511794869 -0.011524841350786302 0.049778236676421429 0.0017430147114521812 -0.043629740965975959 0.0090590202486523896 0.029245263128541411 -0.025357240350503064 0.053560613560716092 -0.010595953472896233 -0.021532186649976744 -0.042121798589320511 0.012305412748618839 -0.010300263227693942 -0.001224081605047934 0.011869388148208076 0.012157453660219423 0.039314179672804921 0.037041479382591634 0.022241604191483931
leaf_weight=343 1438 1801 741 1304 1249 531 1618 296 4745 353 109 1000 63 403 528 652 96 144 66 297 782 59 322 1578 1911 239 2624 1324 103 75
leaf_count=343 1438 1801 741 1304 1249 531 1618 296 4745 353 109 1000 63 403 528 652 96 144 66 297 782 59 322 1578 1911 239 2624 1324 103 75
internal_value=-6.56145e-11 -0.011124 -0.00501205 -0.0108725 -0.0244859 0.0202208 -0.0227141 -0.029298 0.0148198 9.6716e-05 -0.0418736 0.00383648 -0.0117957 -0.0374827 -0.0239893 0.0294224 -0.0115273 0.00821417 0.0118426 0.00851723 -0.0151582 0.0103901 0.00387705 -0.00172 0.00284601 -0.00738417 0.0096508 0.0339453 0.0128765 -0.00736298
internal_weight=26794 17285 11317 6808 2737 9509 5968 3723 5992 1247 1358 4509 2245 2549 931 3517 1174 3509 894 828 1078 444 381 4071 2254 1817 3365 2762 755 1379
internal_count=26794 17285 11317 6808 2737 9509 5968 3723 5992 1247 1358 4509 2245 2549 931 3517 1174 3509 894 828 1078 444 381 4071 2254 1817 3365 2762 755 1379
is_linear=0
shrinkage=0.05


Tree=18
num_leaves=31
num_cat=0
split_feature=2 0 5 5 0 0 5 0 0 5 0 5 5 0 0 5 5 5 5 5 1 0 5 5 1 5 1 0 1 1
split_gain=2175.73 460.816 348.644 413.462 281.782 114.25 121.788 85.6938 76.0872 56.3531 52.3397 42.8976 40.6728 103.714 44.7199 35.1307 31.4661 26.9504 24.4158 23.8182 18.7836 15.5022 14.8818 12.2335 34.1189 11.7765 11.0749 9.74135 19.4557 15.3805
threshold=1.5000000000000002 4.5000000000000009 27.500000000000004 66.500000000000014 5.5000000000000009 1.0000000180025095e-35 33.500000000000007 1.0000000180025095e-35 3.5000000000000004 80.500000000000014 3.5000000000000004 60.500000000000007 35.500000000000007 1.5000000000000002 3.5000000000000004 12.500000000000002 76.500000000000014 19.500000000000004 23.500000000000004 10.500000000000002 1.0000000180025095e-35 6.5000000000000009 46.500000000000007 46.500000000000007 1.0000000180025095e-35 33.500000000000007 1.0000000180025095e-35 5.5000000000000009 1.0000000180025095e-35 1.0000000180025095e-35
decision_type=2 2 2 2 2 2 2 2 2 2 2 2 2 2 2 2 2 2 2 2 2 2 2 2 2 2 2 2 2 2
left_child=1 2 18 5 12 6 -4 9 -7 -5 -9 20 13 19 16 -15 -14 -3 -1 -2 22 27 25 24 -16 -6 -13 28 -19 -29
right_child=4 17 3 7 11 8 -8 10 -10 -11 -12 26 14 15 23 -17 -18 21 -20 -21 -22 -23 -24 -25 -26 -27 -28 29 -30 -31
leaf_value=0.021957588705970251 -0.034834875848144292 0.039315103487495118 -0.042379330877833118 0.005588061951989816 0.017063895149884857 -0.014339973920716632 -0.023361120232073752 -0.0045780500481828416 -0.03134957731399738 0.034136175214698923 -0.043135708736929491 0.0061451796602420006 0.015084448781910105 0.075220489122655776 0.010389853951156788 0.019537138451923092 0.042105745727365668 0.0051751728965863421 0.0025080325793948892 -0.0062549029577343446 0.037834412095131338 -0.01343550636641473 0.0243212161770835 0.0045781228036812921 -0.041637367639562183 0.036202257771312481 0.024861335650464333 0.0021196529060935531 -0.0084552068477298358 0.0093164030989877043
leaf_weight=577 100 51 1114 781 90 4156 3445 1382 781 222 94 185 5240 43 69 83 110 591 224 269 1288 143 708 376 58 752 138 2108 470 1146
leaf_count=577 100 51 1114 781 90 4156 3445 1382 781 222 94 185 5240 43 69 83 110 591 224 269 1288 143 708 376 58 752 138 2108 470 1146
internal_value=-1.67831e-11 -0.0105678 -0.0154178 -0.017554 0.0192097 -0.022301 -0.0280083 0.000629643 -0.0170308 0.0119068 -0.00703362 0.0314071 0.013136 -0.000626248 0.0142999 0.0385402 0.01564 0.00317436 0.0165185 -0.0140002 0.0333721 0.00276091 0.029664 4.63355e-05 -0.0133706 0.0341566 0.0141416 0.00329766 -0.00086279 0.00465422
internal_weight=26794 17285 12776 11975 9509 9496 4559 2479 4937 1003 1476 3161 6348 495 5853 126 5350 4509 801 369 2838 4458 1550 503 127 842 323 4315 1061 3254
internal_count=26794 17285 12776 11975 9509 9496 4559 2479 4937 1003 1476 3161 6348 495 5853 126 5350 4509 801 369 2838 4458 1550 503 127 842 323 4315 1061 3254
is_linear=0
shrinkage=0.05


Tree=19
num_leaves=31
num_cat=0
split_feature=2 7 7 7 2 4 4 5 4 4 4 7 5 7 4 7 5 4 4 5 5 7 4 4 4 5 4 7 7 7
split_gain=1963.6 429.971 226.941 284.409 269.897 174.509 204.344 157.823 153.945 123.424 119.314 149.154 110.827 90.5155 84.4025 78.6399 73.0718 62.7725 60.5681 57.7781 117.604 44.9041 40.0714 38.5709 59.5414 28.6942 28.2927 28.1015 51.4544 42.5129
threshold=1.5000000000000002 0.19287778437137607 -0.24604026228189466 -0.45411992073059076 1.0000000180025095e-35 5.5000000000000009 6.5000000000000009 87.500000000000014 4.5000000000000009 1.0000000180025095e-35 10.500000000000002 1.2755423188209536 27.500000000000004 -0.0607193075120449 7.5000000000000009 1.0000000180025095e-35 84.500000000000014 10.500000000000002 12.500000000000002 9.5000000000000018 51.500000000000007 0.87563917040824901 1.5000000000000002 1.5000000000000002 2.5000000000000004 51.500000000000007 7.5000000000000009 -0.49313485622406 -0.67195332050323475 -0.35333132743835444
decision_type=2 2 2 2 2 2 2 2 2 2 2 2 2 2 2 2 2 2 2 2 2 2 2 2 2 2 2 2 2 2
left_child=1 2 3 12 14 9 7 21 13 25 11 19 22 27 -5 18 -14 -8 26 -10 -21 -7 -1 -11 -25 -3 -4 28 -2 -29
right_child=8 5 15 4 -6 6 17 -9 10 23 -12 -13 16 -15 -16 -17 -18 -19 -20 20 -22 -23 -24 24 -26 -27 -28 29 -30 -31
leaf_value=0.028582323073928252 0.034863187937974521 -0.022607481580739466 0.0083457696031987803 -0.040668020097339774 -0.0067368235548328423 -0.042140268449756234 -0.017147567469835888 0.031104867502875711 0.063263595104217529 0.046955257276182667 0.016992187357857996 -0.027906978222417514 -0.0057939372686040269 0.011211136294251682 0.01319675579056289 -0.0096890050996087593 0.033915357378621898 0.0086262108198155649 -0.023694263000248208 -0.025121990115070963 0.018110291143650856 -0.027998356729216828 -0.0033521134815545695 -0.0393447183072567 0.013920296847385667 -0.01031686336163243 0.028994120111955065 0.040691370232535613 0.011388585596211946 0.025167862454932435
leaf_weight=384 491 867 3190 1310 1433 1672 858 87 49 68 4745 353 3352 755 77 759 120 326 144 209 636 845 132 61 375 1050 175 1081 445 745
leaf_count=384 491 867 3190 1310 1433 1672 858 87 49 68 4745 353 3352 755 77 759 120 326 144 209 636 845 132 61 375 1050 175 1081 445 745
internal_value=-8.04696e-11 -0.0100395 -0.00413507 -0.00980187 -0.0219549 -0.020572 -0.0272734 -0.0351041 0.0182492 -0.0100869 0.0133752 -0.000387809 -0.0012082 0.0265532 -0.0376777 0.00490418 -0.0044215 -0.0100511 0.0080607 0.0104783 0.00741734 -0.0373926 0.020413 0.0119306 0.00646808 -0.0158755 0.00941961 0.030747 0.0237027 0.0343578
internal_weight=26794 17285 11076 6808 2820 6209 3788 2604 9509 2421 5992 1247 3988 3517 1387 4268 3472 1184 3509 894 845 2517 516 504 436 1917 3365 2762 936 1826
internal_count=26794 17285 11076 6808 2820 6209 3788 2604 9509 2421 5992 1247 3988 3517 1387 4268 3472 1184 3509 894 845 2517 516 504 436 1917 3365 2762 936 1826
is_linear=0
shrinkage=0.05


Tree=20
num_leaves=31
num_cat=0
split_feature=2 0 3 4 4 0 4 4 4 4 4 0 0 4 4 0 0 2 4 4 4 4 2 4 0 0 3 0 4 4
split_gain=1772.14 390.417 265.637 259.893 379.239 235.341 135.016 161.12 121.616 113.073 69.3752 61.1947 47.65 43.758 104.278 59.4173 43.0004 41.594 25.1984 24.6714 37.1287 22.2254 18.1213 15.77 12.805 12.6832 5.90451 5.74133 5.11407 5.11981
threshold=1.5000000000000002 4.5000000000000009 1.0000000180025095e-35 1.5000000000000002 1.0000000180025095e-35 5.5000000000000009 2.5000000000000004 5.5000000000000009 10.500000000000002 9.5000000000000018 7.5000000000000009 1.0000000180025095e-35 3.5000000000000004 1.0000000180025095e-35 5.5000000000000009 1.0000000180025095e-35 1.0000000180025095e-35 1.0000000180025095e-35 1.0000000180025095e-35 7.5000000000000009 5.5000000000000009 11.500000000000002 1.0000000180025095e-35 7.5000000000000009 5.5000000000000009 3.5000000000000004 1.5000000000000002 1.0000000180025095e-35 13.500000000000002 12.500000000000002
decision_type=2 2 2 2 2 2 2 2 2 2 2 2 2 2 2 2 2 2 2 2 2 2 2 2 2 2 2 2 2 2
left_child=1 2 3 4 12 8 -5 -8 9 10 11 -2 -1 16 15 -15 17 -4 26 20 22 -21 -3 -16 -24 -18 -7 -10 29 -23
right_child=5 19 13 6 -6 18 7 -9 27 -11 -12 -13 -14 14 23 -17 25 -19 -20 21 -22 28 24 -25 -26 -27 -28 -29 -30 -31
leaf_value=-0.013970548119489329 0.020366053975458334 -0.0036411450594214349 -0.047590003398557512 -0.057192426594259917 0.032553416988173246 0.030401929093950286 -0.0060415304852700505 -0.028503571686363846 0.015054409502311456 -0.026928843487066364 0.063222231625471845 -0.0020556224870327384 -0.038835673058793888 0.027883009967103446 -0.0093353907389875212 -0.00024546379767777774 -0.0046389705150257114 -0.015873585961454086 0.014993719253405475 0.024505991653175505 -0.034223065310170955 0.0052952292838033318 0.022048897995632522 -0.00053232436239287388 0.003653571108345795 -0.018704187663428417 0.018208118736771053 0.018982992289616293 0.02863861720331691 -0.019023021278174027
leaf_weight=876 429 966 120 326 510 2746 1000 3959 3206 304 52 1047 247 378 2038 373 1343 746 312 233 71 367 98 678 2729 182 103 1310 22 23
leaf_count=876 429 966 120 326 510 2746 1000 3959 3206 304 52 1047 247 378 2038 373 1343 746 312 233 71 367 98 678 2729 182 103 1310 22 23
internal_value=-1.29047e-11 -0.00953748 -0.0140017 -0.0206361 -0.0032017 0.0173368 -0.0260231 -0.023974 0.0117861 0.000920299 0.00646097 0.00446125 -0.0194395 -0.00616678 -0.00257809 0.0139124 -0.0113705 -0.0202685 0.0284838 0.00311155 0.00160047 0.012164 0.00227104 -0.00713787 0.00429126 -0.00631757 0.0299611 0.016194 0.00518415 0.00386108
internal_weight=26794 17285 12776 6918 1633 9509 5285 4959 6348 1832 1528 1476 1123 5858 3467 751 2391 866 3161 4509 3864 645 3793 2716 2827 1525 2849 4516 412 390
internal_count=26794 17285 12776 6918 1633 9509 5285 4959 6348 1832 1528 1476 1123 5858 3467 751 2391 866 3161 4509 3864 645 3793 2716 2827 1525 2849 4516 412 390
is_linear=0
shrinkage=0.05


Tree=21
num_leaves=31
num_cat=0
split_feature=0 4 4 7 7 4 4 4 4 7 7 7 0 7 4 7 7 7 7 7 4 7 7 0 0 7 7 7 7 7
split_gain=784.45 986.981 391.956 190.008 490.568 223.319 146.15 291.826 373.051 138.382 109.984 63.992 86.8483 40.8524 42.248 50.864 40.4857 52.6114 35.8928 39.8273 35.4427 32.9197 27.7553 24.7179 22.4541 21.7801 20.9523 20.3114 19.0793 27.953
threshold=5.5000000000000009 10.500000000000002 5.5000000000000009 0.069330483675003066 -0.10948797687888144 7.5000000000000009 1.0000000180025095e-35 1.5000000000000002 2.5000000000000004 0.87563917040824901 1.0934725999832156 -0.057468062266707413 3.5000000000000004 -0.74022945761680592 12.500000000000002 0.96342280507087719 -0.30456265807151789 -0.47687864303588862 -0.55815973877906788 -0.89628919959068287 6.5000000000000009 -1.3579659461975095 -0.27530145645141596 6.5000000000000009 4.5000000000000009 -0.2883064448833465 -0.047714328393340104 -0.67195332050323475 -0.45411992073059076 -0.42485871911048884
decision_type=2 2 2 2 2 2 2 2 2 2 2 2 2 2 2 2 2 2 2 2 2 2 2 2 2 2 2 2 2 2
left_child=1 2 6 4 5 -4 11 21 -9 20 -11 12 -1 -3 -15 -16 17 18 19 -2 -5 -8 25 -24 -13 -18 -6 -21 -19 -30
right_child=16 13 3 9 26 -7 7 8 -10 10 -12 24 -14 14 15 -17 22 28 -20 27 -22 -23 23 -25 -26 -27 -28 -29 29 -31
leaf_value=0.0019177394129340352 0.0060525400562134266 0.0013607494800134904 -0.038270674746365002 -0.039556676593819111 0.026148636117577551 0.03778661565943843 0.012933835691888058 -0.054332805508347751 0.0020547517615388598 0.0037646904766416665 -0.024972364274005815 -0.017186832386923083 -0.024994994854709449 0.0154214995006956 -0.015237533969572878 0.041593843481192994 0.0099968200567744532 0.039685566443370762 0.0016326093157286777 0.031071433089357177 -0.0035122792748078497 0.039482658252244701 0.01358330003482964 -0.012365329415096264 0.011557589508593084 -0.01340371327721946 0.0087047834188499172 0.014528669768022043 0.011509195128611949 0.027404348483482339
leaf_weight=1406 480 691 1194 1730 205 105 153 326 2926 417 1652 2309 381 4736 219 48 204 201 511 460 71 493 2703 95 70 194 1074 311 375 1054
leaf_count=1406 480 691 1194 1730 205 105 153 326 2926 417 1652 2309 381 4736 219 48 204 201 511 460 71 493 2703 95 70 194 1074 311 375 1054
internal_value=7.56766e-11 -0.00488507 -0.011807 -0.0209964 -0.0104803 -0.0321229 -0.00445915 0.00249962 -0.00359788 -0.0280018 -0.0191805 -0.0109703 -0.00382023 0.0127566 0.0143305 -0.00502066 0.0149829 0.0187876 0.0127984 0.0173593 -0.0381357 0.0331948 0.0109449 0.0127023 -0.0163411 -0.00140947 0.0115007 0.0243985 0.0252619 0.0232331
internal_weight=26794 20206 14512 6448 2578 1299 8064 3898 3252 3870 2069 4166 1787 5694 5003 267 6588 3392 1762 1251 1801 646 3196 2798 2379 398 1279 771 1630 1429
internal_count=26794 20206 14512 6448 2578 1299 8064 3898 3252 3870 2069 4166 1787 5694 5003 267 6588 3392 1762 1251 1801 646 3196 2798 2379 398 1279 771 1630 1429
is_linear=0
shrinkage=0.05


Tree=22
num_leaves=31
num_cat=0
split_feature=2 0 6 0 6 0 0 6 0 6 6 6 0 6 6 6 0 6 6 6 1 1 6 6 0 0 1 1 1 2
split_gain=1486.43 307.054 219.876 199.238 183.721 97.8097 80.1511 79.2845 61.9418 55.7983 40.9791 30.0243 24.9553 16.8848 16.5617 15.2765 14.3688 14.8109 11.7916 14.6322 33.0533 12.1639 11.3712 9.76336 107.341 18.7888 8.94481 8.69265 6.39796 5.60186
threshold=1.5000000000000002 4.5000000000000009 4.5000000000000009 5.5000000000000009 10.500000000000002 1.0000000180025095e-35 1.0000000180025095e-35 5.5000000000000009 3.5000000000000004 13.500000000000002 9.5000000000000018 13.500000000000002 3.5000000000000004 7.5000000000000009 3.5000000000000004 3.5000000000000004 1.0000000180025095e-35 10.500000000000002 15.500000000000002 11.500000000000002 1.0000000180025095e-35 1.0000000180025095e-35 4.5000000000000009 1.5000000000000002 4.5000000000000009 3.5000000000000004 1.0000000180025095e-35 1.0000000180025095e-35 1.0000000180025095e-35 1.0000000180025095e-35
decision_type=2 2 2 2 2 2 2 2 2 2 2 2 2 2 2 2 2 2 2 2 2 2 2 2 2 2 2 2 2 2
left_child=1 2 15 11 5 7 9 -4 -7 -6 13 16 -8 22 -3 29 17 -2 19 21 -21 -16 -5 24 -18 -25 -13 -15 -24 -1
right_child=3 14 4 10 6 8 12 -9 -10 -11 -12 26 -14 27 18 -17 23 -19 -20 20 -22 -23 28 25 -26 -27 -28 -29 -30 -31
leaf_value=0.015072621551708769 0.011796516351534074 0.029504574316420725 -0.034284928694148481 -0.0011302045280379908 0.0021401679493592667 -0.010341079188806451 -0.0080332307443034684 -0.019110087604742115 -0.02601102114913155 0.031283772549133247 0.0072364744747999508 0.051524838694819698 -0.029321273983499086 0.017407192469808107 0.00083905458567660844 0.0034773546126111218 -0.034185166902055864 0.032110428386975247 0.033921794567642542 0.012004226201272512 -0.018048793400865137 0.0066162096722585028 0.028354769922370494 0.01057161557702576 0.065246622578093882 2.8521846598166913e-05 0.022176034145057203 0.027003278015477236 0.034148439535293743 0.02768350673110051
leaf_weight=399 3635 56 1164 28 898 4049 1460 3304 747 201 263 54 152 457 2634 289 95 92 29 143 254 1393 1058 1835 38 549 50 488 867 113
leaf_count=399 3635 56 1164 28 898 4049 1460 3304 747 201 263 54 152 457 2634 289 95 92 29 143 254 1393 1058 1835 38 549 50 488 867 113
internal_value=-1.1636e-10 -0.00873487 -0.0126939 0.0158778 -0.0143903 -0.0177406 -0.00294188 -0.0230634 -0.0127817 0.00747034 0.0261342 0.0107706 -0.0100405 0.0278492 0.00248273 0.0126681 0.0103268 0.012298 0.00214291 0.0019346 -0.00722365 0.00283746 0.030504 0.00740817 -0.00577608 0.0081437 0.0374148 0.0223626 0.0309642 0.0178559
internal_weight=26794 17285 12776 9509 11975 9264 2711 4468 4796 1099 3161 6348 1612 2898 4509 801 6244 3727 4453 4424 397 4027 1953 2517 133 2384 104 945 1925 512
internal_count=26794 17285 12776 9509 11975 9264 2711 4468 4796 1099 3161 6348 1612 2898 4509 801 6244 3727 4453 4424 397 4027 1953 2517 133 2384 104 945 1925 512
is_linear=0
shrinkage=0.05


Tree=23
num_leaves=31
num_cat=0
split_feature=2 0 6 0 6 4 4 4 4 0 4 6 6 6 6 4 4 4 4 4 4 6 4 0 2 6 6 2 0 4
split_gain=1341.51 277.116 198.439 179.812 165.808 117.782 191.198 93.2872 90.457 72.3363 56.084 55.5317 72.6722 50.358 36.9836 35.7101 28.6917 28.6458 24.7387 22.165 30.8107 20.763 18.2317 16.8461 14.1181 15.2458 14.6888 11.7366 10.6559 10.5197
threshold=1.5000000000000002 4.5000000000000009 4.5000000000000009 5.5000000000000009 10.500000000000002 10.500000000000002 5.5000000000000009 10.500000000000002 9.5000000000000018 1.0000000180025095e-35 1.5000000000000002 4.5000000000000009 8.5000000000000018 13.500000000000002 9.5000000000000018 2.5000000000000004 1.0000000180025095e-35 1.0000000180025095e-35 2.5000000000000004 7.5000000000000009 5.5000000000000009 6.5000000000000009 11.500000000000002 3.5000000000000004 1.0000000180025095e-35 11.500000000000002 13.500000000000002 1.0000000180025095e-35 3.5000000000000004 12.500000000000002
decision_type=2 2 2 2 2 2 2 2 2 2 2 2 2 2 2 2 2 2 2 2 2 2 2 2 2 2 2 2 2 2
left_child=1 2 10 7 5 6 -4 8 11 13 16 23 -13 -6 17 -11 -1 21 -12 20 24 -5 -21 -2 26 -26 -3 -18 -20 -7
right_child=3 19 4 14 9 29 -8 -9 -10 15 18 12 -14 -15 -16 -17 27 -19 28 22 -22 -23 -24 -25 25 -27 -28 -29 -30 -31
leaf_value=-0.016382138325240127 0.022032394090201707 -0.0058914654994156072 -0.011496012287255501 0.034276476721194944 0.0020331596390692672 0.0061241406665319357 -0.026461268869016171 0.014092645234044972 -0.024193210642337554 -0.026354652306481235 -0.044682059671197621 -0.010200052412168589 0.012710733762725933 0.029719584722034821 0.0068746508679887412 -0.0062451443175656736 0.02196889719944305 0.010688885125040098 0.0047886321923240674 0.022117147054333368 -0.031707235572623532 0.02487456559135031 0.0046172032058854964 0.061329024299979211 0.0029951695930537496 0.04478116929531098 0.013518230237744074 0.04218691620933876 -0.021492699036954291 -0.0097296473721778676
leaf_weight=44 60 856 4597 883 898 554 3984 4516 304 264 35 600 818 201 263 1348 371 262 215 233 71 1753 412 50 2805 22 110 89 47 129
leaf_count=44 60 856 4597 883 898 554 3984 4516 304 264 35 600 818 201 263 1348 371 262 215 233 71 1753 412 50 2805 22 110 89 47 129
internal_value=-1.03861e-11 -0.00829813 -0.0120592 0.0150839 -0.0136708 -0.0168535 -0.0184441 0.0102321 0.000715615 -0.00279479 0.0120347 0.0056713 0.00301647 0.00709683 0.0248275 -0.00953851 0.022191 0.0264568 -0.00520025 0.0023586 0.000926329 0.028024 0.0109389 0.0398945 0.00153719 0.00332035 -0.00368125 0.0258806 7.40422e-05 0.00312979
internal_weight=26794 17285 12776 9509 11975 9264 8581 6348 1832 2711 801 1528 1418 1099 3161 1612 504 2898 297 4509 3864 2636 645 110 3793 2827 966 460 262 683
internal_count=26794 17285 12776 9509 11975 9264 8581 6348 1832 2711 801 1528 1418 1099 3161 1612 504 2898 297 4509 3864 2636 645 110 3793 2827 966 460 262 683
is_linear=0
shrinkage=0.05


Tree=24
num_leaves=31
num_cat=0
split_feature=2 7 0 7 7 2 7 6 7 6 6 6 6 7 6 7 6 6 7 6 7 7 6 0 6 0 7 2 6 7
split_gain=1210.71 289.55 162.28 156.089 204.004 176 98.9101 72.6523 72.7481 86.4859 49.7198 42.1347 41.562 40.0607 34.4225 33.8595 33.3777 30.2721 30.1258 28.4145 36.3157 47.4242 25.8652 24.4326 25.3412 22.9576 22.7551 21.5703 20.1164 17.062
threshold=1.5000000000000002 0.36194251477718359 5.5000000000000009 -0.24604026228189466 -0.45411992073059076 1.0000000180025095e-35 1.0000000180025095e-35 14.500000000000002 1.5518980622291567 8.5000000000000018 4.5000000000000009 3.5000000000000004 9.5000000000000018 -0.20377407222986219 1.5000000000000002 1.0934725999832156 9.5000000000000018 4.5000000000000009 -1.7188541293144224 13.500000000000002 -0.40210001170635218 -0.39234627783298487 9.5000000000000018 4.5000000000000009 4.5000000000000009 1.0000000180025095e-35 0.36194251477718359 1.0000000180025095e-35 1.5000000000000002 -0.17776411771774289
decision_type=2 2 2 2 2 2 2 2 2 2 2 2 2 2 2 2 2 2 2 2 2 2 2 2 2 2 2 2 2 2
left_child=1 3 13 4 10 11 29 8 9 17 -1 -6 25 19 -15 -11 -4 -3 -12 20 28 -22 -7 24 -8 -10 -18 -14 -2 -5
right_child=2 7 16 6 5 22 23 -9 12 15 18 -13 27 14 -16 -17 26 -19 -20 -21 21 -23 -24 -25 -26 -27 -28 -29 -30 -31
leaf_value=0.013639779875191001 0.048450509972613437 0.015022075493062767 0.025133935039899708 0.0011854866713752995 0.035952998260441037 -0.007784267876009849 0.027236774213946404 0.024350469616743236 -0.023649676158446088 -0.023498120342886203 0.0023885920179092923 -0.0322898209213721 0.024699334702076945 -0.022484091864540603 0.0067566376406183286 -0.037476560128520735 0.0013533922190765582 -0.012768392562247131 -0.007031262212538864 0.042271863143233696 0.081530109369035431 0.01699911898639218 0.021825464783857267 0.0049725303772964894 -0.013907489922781702 -0.0083953789885004796 0.048308196528975306 -0.0018032221229238267 0.006383146896655441 0.0097279681692828239
leaf_weight=513 29 107 2898 741 23 1355 39 104 356 2314 1474 1364 111 104 3123 533 234 1164 2001 85 29 1561 78 262 926 803 29 249 1417 2768
leaf_count=513 29 107 2898 741 23 1355 39 104 356 2314 1474 1364 111 104 3123 533 234 1164 2001 85 29 1561 78 262 926 803 29 249 1417 2768
internal_value=-1.77182e-11 -0.00788322 0.0143297 -0.00331957 -0.00816881 -0.0184616 0.00365122 -0.0170598 -0.0178238 -0.0212736 -0.000890563 -0.0311582 -0.00847146 0.0097205 0.00581427 -0.0261151 0.0235861 -0.0104288 -0.00303562 0.0137594 0.0129611 0.0181761 -0.00617257 -0.0085683 -0.0122447 -0.0130809 0.00653092 0.0063684 0.00722682 0.00792404
internal_weight=26794 17285 9509 11544 6808 2820 4736 5741 5637 4118 3988 1387 1519 6348 3227 2847 3161 1271 3475 3121 3036 1590 1433 1227 965 1159 263 360 1446 3509
internal_count=26794 17285 9509 11544 6808 2820 4736 5741 5637 4118 3988 1387 1519 6348 3227 2847 3161 1271 3475 3121 3036 1590 1433 1227 965 1159 263 360 1446 3509
is_linear=0
shrinkage=0.05


Tree=25
num_leaves=31
num_cat=0
split_feature=7 4 4 6 5 5 7 5 4 7 4 5 4 7 5 7 7 4 4 4 4 4 7 4 4 4 4 6 6 6
split_gain=403.161 510.06 317.091 170.634 280.915 136.126 113.21 100.138 95.611 82.7576 70.4593 66.0981 57.2769 43.9712 77.0137 65.0299 61.6599 55.6085 100.605 66.1883 35.7417 254.127 52.0614 34.2305 57.7239 27.3188 26.7507 57.8489 23.865 23.6989
threshold=0.030315545387566093 10.500000000000002 5.5000000000000009 5.5000000000000009 30.500000000000004 33.500000000000007 0.87563917040824901 66.500000000000014 1.0000000180025095e-35 1.0934725999832156 1.5000000000000002 55.500000000000007 10.500000000000002 -0.48663237690925593 84.500000000000014 -0.37609004974365229 -0.40535125136375422 5.5000000000000009 1.5000000000000002 12.500000000000002 1.5000000000000002 2.5000000000000004 -0.67195332050323475 1.5000000000000002 2.5000000000000004 6.5000000000000009 1.5000000000000002 1.5000000000000002 9.5000000000000018 7.5000000000000009
decision_type=2 2 2 2 2 2 2 2 2 2 2 2 2 2 2 2 2 2 2 2 2 2 2 2 2 2 2 2 2 2
left_child=3 2 8 4 26 10 25 11 -2 -9 -6 -8 -12 14 20 16 28 18 -17 -19 22 -22 -5 -10 -25 -4 -1 -28 -15 -18
right_child=1 -3 6 13 5 -7 7 9 23 -11 12 -13 -14 15 -16 17 29 19 -20 -21 21 -23 -24 24 -26 -27 27 -29 -30 -31
leaf_value=0.023358960783738295 -0.0076568713694006099 0.012420970301069615 -0.034664781130722008 0.018478771284742023 0.0055718842590356185 0.00021782577174875688 -0.015113852694781793 0.026784642510218167 0.04180003217007551 -0.017820741906009539 -0.034589198221872043 -0.036541341222158963 0.011259027972158797 0.013330726534083204 0.034739398782182004 0.0060111146305810567 0.041225883340772734 0.012910396451605247 -0.017057066277541978 -0.021473174813930712 -0.05819697719168019 0.0022651863459478535 5.9568595165925173e-05 -0.033944755994847843 0.014349336007576766 -0.0044190025745102996 0.033408036262341539 -0.010344557964819529 -0.021904478982090952 0.017216287230371271
leaf_weight=563 2870 2317 1742 667 145 716 1159 219 90 198 1019 522 73 1236 184 3518 309 3386 546 146 185 2868 903 70 533 78 118 210 50 154
leaf_count=563 2870 2317 1742 667 145 716 1159 219 90 198 1019 522 73 1236 184 3518 309 3386 546 146 185 2868 903 70 533 78 118 210 50 154
internal_value=5.85671e-11 -0.00807784 -0.0144267 0.00465678 -0.00651889 -0.0171329 -0.0242432 -0.0163271 -0.0036321 0.00560511 -0.0271759 -0.0217677 -0.0315243 0.00690266 0.0030167 0.00890156 0.0175939 0.00690014 0.0029119 0.0114891 0.00175411 -0.00139859 0.0078848 0.0130362 0.00874306 -0.0333685 0.0167462 0.0053957 0.0119608 0.03324
internal_weight=26794 9798 7481 16996 2844 1953 3918 2098 3563 417 1237 1681 1092 14152 4807 9345 1749 7596 4064 3532 4623 3053 1570 693 603 1820 891 328 1286 463
internal_count=26794 9798 7481 16996 2844 1953 3918 2098 3563 417 1237 1681 1092 14152 4807 9345 1749 7596 4064 3532 4623 3053 1570 693 603 1820 891 328 1286 463
is_linear=0
shrinkage=0.05


Tree=26
num_leaves=31
num_cat=0
split_feature=2 7 0 7 7 2 7 4 7 4 4 4 7 0 0 4 4 4 4 7 0 0 4 4 4 0 0 4 0 7
split_gain=1024.72 231.239 144.704 134.625 171.339 136.727 82.7663 76.3459 116.259 75.6419 136.715 62.1832 58.7995 130.47 55.7559 53.6925 50.4078 45.5948 42.9073 31.4472 27.0946 26.2117 25.4029 67.5485 36.5386 24.0277 88.9643 23.7974 23.2434 34.4644
threshold=1.5000000000000002 0.36194251477718359 5.5000000000000009 -0.24604026228189466 -0.45411992073059076 1.0000000180025095e-35 1.0000000180025095e-35 10.500000000000002 0.10184292867779733 5.5000000000000009 7.5000000000000009 1.0000000180025095e-35 0.87563917040824901 1.0000000180025095e-35 1.0000000180025095e-35 7.5000000000000009 7.5000000000000009 12.500000000000002 11.500000000000002 -0.28180395066738123 3.5000000000000004 1.0000000180025095e-35 5.5000000000000009 6.5000000000000009 1.0000000180025095e-35 3.5000000000000004 4.5000000000000009 1.0000000180025095e-35 1.0000000180025095e-35 1.4283508062362673
decision_type=2 2 2 2 2 2 2 2 2 2 2 2 2 2 2 2 2 2 2 2 2 2 2 2 2 2 2 2 2 2
left_child=1 3 7 4 25 15 17 8 14 11 12 28 -11 -14 19 -6 -16 -5 20 -2 -12 -13 24 -24 -8 -1 -27 -7 -3 -30
right_child=2 9 -4 6 5 27 22 -9 -10 10 18 21 13 -15 16 -17 -18 -19 -20 -21 -22 -23 23 -25 -26 26 -28 -29 29 -31
leaf_value=0.0034949831299634429 0.042288856612591269 -0.022757240403443575 0.021923959926754638 0.0083872606119235783 -0.030686241363807057 -0.0076607135518872091 -0.010246760016994969 0.012323155002934277 -0.015324810704639849 -0.032115218621120094 -0.0034386435575778345 0.031972151582665517 0.0035493068397045137 -0.031942894594670326 0.00083695778127635193 0.012275697587227281 0.054159027211209569 -0.020343395021579152 0.028394642848889907 0.0075042232505831063 -0.025064121889127367 0.0024320434174018276 -0.038444499927337727 0.0062955155119705361 0.011700948696976623 -0.02376978049878337 0.0006534560105294643 0.023768057311988541 -0.014153257483367411 0.0037353412046205233
leaf_weight=1700 179 395 3161 3365 1310 1370 606 4516 726 1549 759 99 451 608 778 77 47 144 91 102 179 311 198 147 276 469 1819 63 918 381
leaf_count=1700 179 395 3161 3365 1310 1370 606 4516 726 1549 759 99 451 608 778 77 47 144 91 102 179 311 198 147 276 469 1819 63 918 381
internal_value=-3.81239e-11 -0.00725247 0.0131832 -0.00317415 -0.00767765 -0.0171105 0.00329963 0.00883071 0.000221589 -0.0154532 -0.0198184 -0.00790733 -0.0259076 -0.0168277 0.0104265 -0.0283012 0.0038747 0.00720823 -0.00438532 0.0296624 -0.00756547 0.0095649 -0.00787828 -0.0193814 -0.00337877 -0.0010075 -0.00435288 -0.00627899 -0.0121361 -0.00890649
internal_weight=26794 17285 9509 11544 6808 2820 4736 6348 1832 5741 3637 2104 2608 1059 1106 1387 825 3509 1029 281 938 410 1227 345 882 3988 2288 1433 1694 1299
internal_count=26794 17285 9509 11544 6808 2820 4736 6348 1832 5741 3637 2104 2608 1059 1106 1387 825 3509 1029 281 938 410 1227 345 882 3988 2288 1433 1694 1299
is_linear=0
shrinkage=0.05


Tree=27
num_leaves=31
num_cat=0
split_feature=2 7 7 7 4 4 7 4 4 5 4 4 5 5 4 4 7 4 5 4 4 5 5 4 4 4 4 5 4 7
split_gain=924.807 208.693 121.499 154.634 124.711 83.8164 74.6966 68.2669 123.385 92.374 65.6966 63.8207 100.564 58.8343 57.3125 56.1203 46.967 43.3997 41.1934 41.1493 38.7238 33.5656 28.4726 26.6121 22.9261 60.9625 32.9761 22.6284 49.5254 22.2634
threshold=1.5000000000000002 0.36194251477718359 -0.24604026228189466 -0.45411992073059076 4.5000000000000009 4.5000000000000009 1.0000000180025095e-35 5.5000000000000009 7.5000000000000009 87.500000000000014 7.5000000000000009 10.500000000000002 51.500000000000007 29.500000000000004 3.5000000000000004 1.0000000180025095e-35 -0.0607193075120449 1.5000000000000002 66.500000000000014 12.500000000000002 11.500000000000002 26.500000000000004 51.500000000000007 5.5000000000000009 5.5000000000000009 6.5000000000000009 1.0000000180025095e-35 7.5000000000000009 9.5000000000000018 -0.49313485622406
decision_type=2 2 2 2 2 2 2 2 2 2 2 2 2 2 2 2 2 2 2 2 2 2 2 2 2 2 2 2 2 2
left_child=1 2 3 13 21 16 19 15 9 18 -6 12 27 17 -15 22 29 -1 -9 -4 -10 -5 -3 -14 26 -26 -8 28 -7 -2
right_child=5 7 6 4 10 11 24 8 20 -11 -12 -13 23 14 -16 -17 -18 -19 -20 -21 -22 -23 -24 -25 25 -27 -28 -29 -30 -31
leaf_value=0.022338067960023113 0.015402252890392751 -0.018836722554800966 0.0079678975110565684 0.035011847293935715 -0.03039322074057518 0.050143416324076623 -0.0097344221106462226 -0.029606648812933963 -0.0071871940005840719 0.02604225464593405 0.010080127021588317 0.011572966985492969 0.015841499791763355 -0.0121678522577762 0.0013688189166274683 0.0090866538688040722 0.0075998685082315862 -0.007698543527929565 -0.013776823275900902 -0.019326225576353159 0.026974910489477956 -0.0075044926471829164 -0.0057790172500250953 -0.011727355058910777 -0.036522274867001207 0.0059807398950428269 0.011115901059963728 -0.020905011293045499 -0.029192917492418063 0.024886202467983856
leaf_weight=417 936 746 3365 48 1251 37 606 2004 938 87 109 4745 583 1218 2184 410 755 169 517 144 91 1412 948 103 198 147 276 482 42 1826
leaf_count=417 936 746 3365 48 1251 37 606 2004 938 87 109 4745 583 1218 2184 410 755 169 517 144 91 1412 948 103 198 147 276 482 42 1826
internal_value=-3.06599e-11 -0.00688985 -0.00301545 -0.00729377 -0.016255 0.012524 0.00313465 -0.0146805 -0.0188275 -0.0246122 -0.0271494 0.00892764 -0.0011382 -0.000957127 -0.00347764 -0.00751197 0.0186513 0.0136756 -0.0263603 0.00684782 -0.00416606 -0.0061067 -0.0115293 0.0117022 -0.00748436 -0.0184123 -0.00320983 -0.0168396 0.00796461 0.0216722
internal_weight=26794 17285 11544 6808 2820 9509 4736 5741 3637 2608 1360 5992 1247 3988 3402 2104 3517 586 2521 3509 1029 1460 1694 686 1227 345 882 561 79 2762
internal_count=26794 17285 11544 6808 2820 9509 4736 5741 3637 2608 1360 5992 1247 3988 3402 2104 3517 586 2521 3509 1029 1460 1694 686 1227 345 882 561 79 2762
is_linear=0
shrinkage=0.05


Tree=28
num_leaves=31
num_cat=0
split_feature=2 0 0 4 4 4 4 4 4 4 0 2 4 0 0 2 1 1 1 4 0 4 4 2 1 4 1 0 2 4
split_gain=834.639 182.009 120.791 85.9746 94.7299 79.5574 203.675 252.808 64.3813 59.8343 40.3606 39.1451 38.9123 44.3426 37.1512 33.5744 31.9771 21.5848 19.8377 27.7351 19.4718 18.0746 21.3539 13.6954 32.1098 13.5561 10.0899 5.92861 5.27417 4.39341
threshold=1.5000000000000002 4.5000000000000009 5.5000000000000009 5.5000000000000009 7.5000000000000009 1.0000000180025095e-35 1.5000000000000002 2.5000000000000004 10.500000000000002 9.5000000000000018 3.5000000000000004 1.0000000180025095e-35 7.5000000000000009 1.0000000180025095e-35 3.5000000000000004 1.0000000180025095e-35 1.0000000180025095e-35 1.0000000180025095e-35 1.0000000180025095e-35 4.5000000000000009 2.5000000000000004 7.5000000000000009 5.5000000000000009 1.0000000180025095e-35 1.0000000180025095e-35 11.500000000000002 1.0000000180025095e-35 1.0000000180025095e-35 1.0000000180025095e-35 13.500000000000002
decision_type=2 2 2 2 2 2 2 2 2 2 2 2 2 2 2 2 2 2 2 2 2 2 2 2 2 2 2 2 2 2
left_child=1 3 8 5 11 10 28 -8 9 12 15 16 13 -2 20 -1 -5 -12 -4 -20 -6 22 23 26 -25 -23 -3 -10 -7 -27
right_child=2 21 18 4 14 6 7 -9 27 -11 17 -13 -14 -15 -16 -17 -18 -19 19 -21 -22 25 -24 24 -26 29 -28 -29 -30 -31
leaf_value=-0.026327198348008098 0.01608711621802222 0.0022973549388810017 0.01629278341589797 -0.017573949635324423 -0.0011426643937640089 0.025499958732412967 -0.046435528797700298 0.0016572299061517869 0.0099703097223696104 -0.020243078818863357 -0.030228513973895789 -0.030396916850309305 0.046556131412776619 -0.0029991819551628204 -0.024935236933073524 -0.0067026564148385858 -0.0074178428757879031 -0.0023352032057651932 0.026198524119858985 -0.00073829165216788509 0.033829003354398222 0.019478334159522354 -0.026369852311646853 -0.00050512086487794819 0.011021655086534365 0.003161951651981769 -0.0080926613184917531 0.013962451150966988 0.038242111954664607 0.026127453233030715
leaf_weight=236 429 396 1735 3636 1363 474 326 1689 3206 304 342 481 52 1047 169 2849 985 87 1323 103 41 233 71 1952 875 390 570 1310 98 22
leaf_count=236 429 396 1735 3636 1363 474 326 1689 3206 304 342 481 52 1047 169 2849 985 87 1323 103 41 233 71 1952 875 390 570 1310 98 22
internal_value=-5.6338e-11 -0.00654535 0.0118978 -0.00959342 -0.0135147 -0.00530317 0.00135129 -0.00612353 0.00792122 1.54215e-05 -0.0102022 -0.0168221 0.00404591 0.00254826 -0.00278736 -0.00820392 -0.0154091 -0.0245718 0.0198838 0.0242529 -0.000121412 0.00209116 0.000797782 0.00130632 0.00306259 0.00983941 -0.0038334 0.0111283 0.0276831 0.00438826
internal_weight=26794 17285 9509 12776 6675 6101 2587 2015 6348 1832 3514 5102 1528 1476 1573 3085 4621 429 3161 1426 1404 4509 3864 3793 2827 645 966 4516 572 412
internal_count=26794 17285 9509 12776 6675 6101 2587 2015 6348 1832 3514 5102 1528 1476 1573 3085 4621 429 3161 1426 1404 4509 3864 3793 2827 645 966 4516 572 412
is_linear=0
shrinkage=0.05


Tree=29
num_leaves=31
num_cat=0
split_feature=2 0 3 0 4 4 4 4 4 4 4 0 0 4 4 0 0 2 4 4 4 2 0 4 4 0 0 3 0 4
split_gain=753.261 164.263 140.299 109.014 108.389 214.414 99.0688 65.7697 58.1041 54.0005 35.1184 40.0192 34.4421 23.7407 69.914 48.272 36.9662 32.9784 17.91 16.3124 19.2719 12.3601 12.5018 12.2344 8.79717 8.05927 5.35057 4.50421 4.22917 3.96505
threshold=1.5000000000000002 4.5000000000000009 1.0000000180025095e-35 5.5000000000000009 1.5000000000000002 1.0000000180025095e-35 2.5000000000000004 5.5000000000000009 10.500000000000002 9.5000000000000018 7.5000000000000009 1.0000000180025095e-35 3.5000000000000004 1.0000000180025095e-35 5.5000000000000009 1.0000000180025095e-35 1.0000000180025095e-35 1.0000000180025095e-35 7.5000000000000009 7.5000000000000009 5.5000000000000009 1.0000000180025095e-35 5.5000000000000009 11.500000000000002 7.5000000000000009 3.5000000000000004 1.0000000180025095e-35 1.5000000000000002 3.5000000000000004 13.500000000000002
decision_type=2 2 2 2 2 2 2 2 2 2 2 2 2 2 2 2 2 2 2 2 2 2 2 2 2 2 2 2 2 2
left_child=1 2 4 8 5 12 -6 -8 9 10 11 -2 -1 16 15 -15 17 -4 -5 20 21 -3 -23 -21 -16 -18 -10 -20 -7 -25
right_child=3 19 13 18 6 28 7 -9 26 -11 -12 -13 -14 14 24 -17 25 -19 27 23 -22 22 -24 29 -26 -27 -28 -29 -30 -31
leaf_value=-0.010236107903437265 0.0152827601307799 -0.0036417300951949194 -0.039830671696302798 0.019978086704773867 -0.04411375253786979 0.021655526553153434 -0.0042017743219272237 -0.018552940235582148 0.0094717942799524453 -0.019230925342631773 0.044228324398864066 -0.0028492229448668326 -0.031376072021765893 0.025318606751499741 -0.006151339939088946 -3.4861995691268757e-05 -0.0012296382227497671 -0.011589433282773553 -0.016260889988569987 0.01850441769384999 -0.025051358987537908 0.020455648675941084 0.0022793700879234695 0.0030038540861987246 0.00042356279602921276 -0.012441532651036352 0.013264328592704816 0.0079612251943303076 0.03232852928989307 0.024821080648424951
leaf_weight=876 429 966 120 2917 326 388 1000 3959 3206 304 52 1047 247 378 2038 373 1343 746 21 233 71 98 2729 390 678 182 1310 223 122 22
leaf_count=876 429 966 120 2917 326 388 1000 3959 3206 304 52 1047 247 378 2038 373 1343 746 21 233 71 98 2729 390 678 182 1310 223 122 22
internal_value=-4.50446e-11 -0.00621809 -0.00911375 0.0113029 -0.0139353 -0.00267624 -0.0174142 -0.015659 0.00752515 1.46502e-05 0.00384361 0.00242085 -0.0148858 -0.00341977 -0.000776413 0.0127263 -0.00725268 -0.0155028 0.0188896 0.0019866 0.000757893 0.00124101 0.00290946 0.00934744 -0.00451004 -0.00256771 0.0105719 0.00587653 0.0242087 0.00416885
internal_weight=26794 17285 12776 9509 6918 1633 5285 4959 6348 1832 1528 1476 1123 5858 3467 751 2391 866 3161 4509 3864 3793 2827 645 2716 1525 4516 244 510 412
internal_count=26794 17285 12776 9509 6918 1633 5285 4959 6348 1832 1528 1476 1123 5858 3467 751 2391 866 3161 4509 3864 3793 2827 645 2716 1525 4516 244 510 412
is_linear=0
shrinkage=0.05


Tree=30
num_leaves=31
num_cat=0
split_feature=0 3 1 7 3 7 7 7 7 7 7 0 1 7 7 7 0 7 7 7 0 0 0 3 7 7 7 7 0 7
split_gain=343.599 359.955 252.674 141.923 175.366 120.843 62.6772 60.8666 52.3582 48.2893 44.1735 43.9416 42.1159 48.7416 34.4094 32.5135 25.44 24.6072 32.9139 24.4069 40.5951 22.3886 18.7255 18.2796 16.4816 24.9461 19.5296 19.0688 16.8793 16.2637
threshold=5.5000000000000009 1.0000000180025095e-35 1.0000000180025095e-35 0.030315545387566093 1.5000000000000002 -0.70771703124046315 0.87563917040824901 -0.27855271100997919 -0.22653279453516004 1.0934725999832156 0.12785288691520694 3.5000000000000004 1.0000000180025095e-35 -2.0927473306655879 1.6234254837036135 1.0121914744377138 1.0000000180025095e-35 -0.55815973877906788 -0.47687864303588862 -1.7188541293144224 1.0000000180025095e-35 4.5000000000000009 1.0000000180025095e-35 1.0000000180025095e-35 -0.36958755552768702 -0.48663237690925593 -0.19076909869909284 -0.2883064448833465 6.5000000000000009 -0.75973692536354054
decision_type=2 2 2 2 2 2 2 2 2 2 2 2 2 2 2 2 2 2 2 2 2 2 2 2 2 2 2 2 2 2
left_child=1 2 5 11 14 -1 7 16 21 -8 -10 19 17 -14 15 -5 -4 23 -19 20 -3 -7 -16 -2 25 -15 27 -26 -28 -21
right_child=12 3 6 4 -6 8 9 -9 10 -11 -12 -13 13 24 22 -17 -18 18 -20 29 -22 -23 -24 -25 26 -27 28 -29 -30 -31
leaf_value=-0.00090312160169948397 0.0049354709157758015 0.036573035947214332 0.027224697338171601 -0.013280071512198481 0.005506663467973405 -0.026014476682346372 0.046219656882374172 -0.01048223769946152 0.00023647618012714156 0.0094234375273946486 -0.016896368732139105 -0.0017999355405135234 -0.010427823849349399 0.013212014970233752 -0.01793399405900226 -0.028882585382589879 0.0052887603765416295 -0.011557309126406576 0.0063727350128655784 -0.0016325865589046848 0.0020396716053912183 0.018272556111232602 0.0036967541669141453 0.021478920017272751 0.01614999969444442 0.027582647594552076 0.019441444410822979 -0.0040764373220089417 -0.012468330866911195 0.0085903234646565654
leaf_weight=1209 271 195 201 1494 2319 1789 159 538 423 203 3402 1222 178 571 137 430 386 280 2980 421 151 29 371 435 205 641 713 270 44 5127
leaf_count=1209 271 195 201 1494 2319 1789 159 538 423 203 3402 1222 178 571 137 430 386 280 2980 421 151 29 371 435 205 641 713 270 44 5127
internal_value=-2.0431e-11 -0.00323306 -0.0111941 0.00236117 -0.00433076 -0.0152486 0.00748895 0.00166594 -0.0183221 0.0255853 -0.0150017 0.00682904 0.00991609 0.0148328 -0.0137111 -0.0167671 0.0128 0.00666554 0.00483273 0.00861809 0.0215021 -0.025308 -0.00213674 0.0151287 0.0166726 0.0208123 0.0126 0.00465287 0.0175867 0.00781458
internal_weight=26794 20206 8339 11867 4751 6852 1487 1125 5643 362 3825 7116 6588 2622 2432 1924 587 3966 3260 5894 346 1818 508 706 2444 1212 1232 475 757 5548
internal_count=26794 20206 8339 11867 4751 6852 1487 1125 5643 362 3825 7116 6588 2622 2432 1924 587 3966 3260 5894 346 1818 508 706 2444 1212 1232 475 757 5548
is_linear=0
shrinkage=0.05


Tree=31
num_leaves=31
num_cat=0
split_feature=2 7 3 4 4 4 7 7 4 4 4 3 4 4 7 7 7 7 4 4 7 7 7 7 4 4 7 4 7 7
split_gain=641.652 148.988 156.244 154.141 128.103 99.5195 120.226 59.9635 54.7232 62.8463 69.4869 50.4408 48.9745 42.8656 37.196 27.9414 24.4108 38.6729 20.051 78.4431 24.2306 20.049 19.9994 33.7094 50.4798 20.9367 19.4421 18.4055 17.0558 16.0164
threshold=1.5000000000000002 0.36194251477718359 1.0000000180025095e-35 1.5000000000000002 1.0000000180025095e-35 2.5000000000000004 -0.44111494719982142 -0.22003030031919477 11.500000000000002 5.5000000000000009 6.5000000000000009 1.0000000180025095e-35 1.0000000180025095e-35 4.5000000000000009 -0.31106515228748316 -1.3579659461975095 -0.49313485622406 -0.67195332050323475 10.500000000000002 5.5000000000000009 -0.10948797687888144 -0.34357759356498713 -0.16801038384437558 -0.002196901739807799 11.500000000000002 1.0000000180025095e-35 1.6234254837036135 1.5000000000000002 -0.72722449898719776 1.2755423188209536
decision_type=2 2 2 2 2 2 2 2 2 2 2 2 2 2 2 2 2 2 2 2 2 2 2 2 2 2 2 2 2 2
left_child=1 2 3 4 14 -5 -7 13 9 12 11 -11 -3 16 -1 -6 17 28 19 -9 -21 -15 -4 24 -24 -25 -12 -14 -2 -22
right_child=7 8 22 5 15 6 -8 18 -10 10 26 -13 27 21 -16 -17 -18 -19 -20 20 29 -23 23 25 -26 -27 -28 -29 -30 -31
leaf_value=-0.014985869389177162 0.01473407906729101 -0.0098480286439088377 0.0004284593432578036 -0.04557239748433288 0.0048059076177988129 0.00080014830493781587 -0.02154509400396426 0.008469404020484685 0.026143433440190097 -0.01754281810465393 0.004771357720218054 -0.03414280769514038 0.034509148141519438 0.0059071378638771137 -0.00033239813891970996 0.031414095967244496 0.022654003124115571 0.0017233016268151363 0.0086174483780527139 -0.068788623162323523 0.0077186476154666814 0.014168274079474096 0.014489841438606025 -0.0097366739591125424 -0.016613512425201721 0.0043569621659247338 -0.010438929215680608 0.0049392133704640896 0.033905164270409127 -0.018169612233312087
leaf_weight=645 303 1694 3498 268 139 935 1690 1120 91 1869 287 606 62 1551 1318 340 1527 445 2536 21 72 1395 1300 374 145 892 784 348 188 351
leaf_count=645 303 1694 3498 268 139 935 1690 1120 91 1869 287 606 62 1551 1318 340 1527 445 2536 21 72 1395 1300 374 145 892 784 348 188 351
internal_value=5.06692e-11 -0.00573897 -0.00246536 -0.0087407 0.000509757 -0.0165491 -0.0135859 0.010432 -0.0123215 -0.0129411 -0.017003 -0.0216073 -0.00609513 0.0138889 -0.00514722 0.0236927 0.0187569 0.012399 0.00587152 0.00141904 -0.0163657 0.00981898 0.00292664 0.00615003 0.0113687 0.000193439 -0.00636297 0.00941076 0.0220745 -0.0137631
internal_weight=26794 17285 11544 5335 2442 2893 2625 9509 5741 5650 3546 2475 2104 5409 1963 479 2463 936 4100 1564 444 2946 6209 2711 1445 1266 1071 410 491 423
internal_count=26794 17285 11544 5335 2442 2893 2625 9509 5741 5650 3546 2475 2104 5409 1963 479 2463 936 4100 1564 444 2946 6209 2711 1445 1266 1071 410 491 423
is_linear=0
shrinkage=0.05


Tree=32
num_leaves=31
num_cat=0
split_feature=2 7 7 5 5 0 5 5 7 7 5 5 5 7 7 5 5 5 7 0 7 5 7 7 0 5 2 0 5 7
split_gain=579.091 134.461 97.2934 103.631 126.219 83.8529 68.8819 59.9776 59.0801 42.7563 43.5566 28.3995 25.2932 25.0711 25.0548 24.9669 22.1892 21.765 27.3863 20.4594 23.8964 19.0567 24.1194 37.6589 14.984 14.9484 13.114 13.1004 12.5238 16.2975
threshold=1.5000000000000002 0.36194251477718359 -0.22003030031919477 30.500000000000004 33.500000000000007 5.5000000000000009 67.500000000000014 87.500000000000014 1.0000000180025095e-35 1.5518980622291567 53.500000000000007 66.500000000000014 64.500000000000014 -0.20377407222986219 -0.67195332050323475 60.500000000000007 28.500000000000004 35.500000000000007 0.20913400501012805 1.5000000000000002 -0.1062367334961891 83.500000000000014 -0.40210001170635218 -0.39234627783298487 1.0000000180025095e-35 40.500000000000007 1.0000000180025095e-35 1.0000000180025095e-35 43.500000000000007 -0.48663237690925593
decision_type=2 2 2 2 2 2 2 2 2 2 2 2 2 2 2 2 2 2 2 2 2 2 2 2 2 2 2 2 2 2
left_child=1 2 3 -1 14 13 -6 9 -4 10 16 -12 27 21 -5 28 -3 18 -15 -19 -21 22 -2 -24 25 -10 -14 -11 29 -7
right_child=5 7 8 4 6 15 -8 -9 24 12 11 -13 26 17 -16 -17 -18 19 -20 20 -22 -23 23 -25 -26 -27 -28 -29 -30 -31
leaf_value=0.012115282429085248 0.0045494832258305756 0.014891210406606731 0.0068693936454553104 0.0061465608374472111 -0.0072977066358817597 0.012464309256220012 0.0082369890742341589 0.026105229028509661 0.02404752200096846 -0.016238017346886163 -0.021055762699358209 -0.0090423608431592587 0.024012126995438941 0.023518158654597675 -0.024932182540664372 0.0033923825119561595 -0.0092372660308285056 0.0057367697100502426 -0.01514330530049701 -0.059104790082201368 -0.0037105824554931714 0.035217238486640982 0.069907545038209909 0.012403027990808762 -0.001911651844432601 -0.015785398182324169 0.00097576691080368874 -0.0049883919098207882 0.015641653892685042 0.026692375387571843
leaf_weight=708 1459 104 3293 69 4314 282 855 103 25 370 2245 630 89 55 1078 323 1137 2785 274 25 88 72 29 1561 795 407 202 861 1853 703
leaf_count=708 1459 104 3293 69 4314 282 855 103 25 370 2245 630 89 55 1078 323 1137 2785 274 25 88 72 29 1561 795 407 202 861 1853 703
internal_value=-5.01859e-11 -0.00545202 -0.0023421 -0.00602432 -0.0080577 0.00991042 -0.00472813 -0.0117055 0.00338002 -0.0123962 -0.015044 -0.0184233 -0.0052358 0.00659716 -0.0230626 0.0165642 -0.00721522 0.00350697 -0.00868014 0.00489053 -0.0159659 0.0097923 0.00919191 0.0134519 -0.0059847 -0.0134803 0.00802125 -0.00836968 0.0180633 0.022619
internal_weight=26794 17285 11544 7024 6316 9509 5169 5741 4520 5638 4116 2875 1522 6348 1147 3161 1241 3227 329 2898 113 3121 3049 1590 1227 432 291 1231 2838 985
internal_count=26794 17285 11544 7024 6316 9509 5169 5741 4520 5638 4116 2875 1522 6348 1147 3161 1241 3227 329 2898 113 3121 3049 1590 1227 432 291 1231 2838 985
is_linear=0
shrinkage=0.05


Tree=33
num_leaves=31
num_cat=0
split_feature=2 4 4 6 2 6 1 4 6 4 4 4 6 6 1 6 4 4 6 1 4 4 4 4 6 4 6 4 4 6
split_gain=522.63 82.2542 144.328 105.967 52.206 51.7605 59.0093 47.3984 41.2551 90.7842 73.4668 36.0729 71.2032 33.1771 30.5783 29.6973 32.308 26.158 25.3162 20.2559 18.0251 23.8186 27.1414 15.5195 18.102 16.5133 15.4359 12.4875 12.2241 12.1869
threshold=1.5000000000000002 5.5000000000000009 7.5000000000000009 10.500000000000002 1.0000000180025095e-35 4.5000000000000009 1.0000000180025095e-35 4.5000000000000009 9.5000000000000018 2.5000000000000004 1.5000000000000002 10.500000000000002 8.5000000000000018 7.5000000000000009 1.0000000180025095e-35 6.5000000000000009 9.5000000000000018 5.5000000000000009 7.5000000000000009 1.0000000180025095e-35 1.0000000180025095e-35 1.5000000000000002 3.5000000000000004 10.500000000000002 1.5000000000000002 12.500000000000002 13.500000000000002 12.500000000000002 9.5000000000000018 6.5000000000000009
decision_type=2 2 2 2 2 2 2 2 2 2 2 2 2 2 2 2 2 2 2 2 2 2 2 2 2 2 2 2 2 2
left_child=1 5 3 18 14 20 8 13 10 -10 -7 12 15 -2 -5 16 -9 26 -3 -15 -1 -22 -23 24 -4 -25 -14 -13 -17 -8
right_child=7 2 23 4 -6 6 29 11 9 -11 -12 27 17 19 -16 28 -18 -19 -20 -21 21 22 -24 25 -26 -27 -28 -29 -30 -31
leaf_value=-0.012529360329628821 0.018089992000623428 -0.02496343737377061 0.019715582586391129 -0.0053998628971775207 -0.031409744030566185 -0.0053458982649949114 0.0093416222932130519 0.01224991283318224 -0.010463975804084336 0.014845230648113387 -0.021622486247088523 0.0085281881508837351 0.010321130887522914 0.0025935266493098954 0.0099199306591537164 -0.037833184369511025 -0.017925966561645131 -0.016763041536323724 -0.015825412581132819 0.014426624724536839 0.019151494603910437 -0.022278692573869982 0.024649708976550978 0.007468225003158426 -0.0063916200654243679 -0.0057679315539930385 0.032891176825682267 0.047170382170450123 -0.011869325490175364 0.0010361378620241935
leaf_weight=72 2067 1125 73 1110 154 3882 535 152 752 670 844 4724 509 760 461 136 213 80 2323 690 475 83 49 1112 734 299 89 21 68 2532
leaf_count=72 2067 1125 73 1110 154 3882 535 152 752 670 844 4724 509 760 461 136 213 80 2323 690 475 83 49 1112 734 299 89 21 68 2532
internal_value=3.04027e-12 -0.00517942 -0.00917011 -0.0137452 -0.00362775 -0.0021983 -0.00317998 0.0094149 -0.00600598 0.0014609 -0.00825268 0.00671041 -0.000857213 0.0140226 -0.000904367 -0.0138992 -0.00535957 0.0100881 -0.0188069 0.00822445 0.0111245 0.0139303 -0.0048583 0.00150038 -0.00403 0.0046634 0.0136802 0.00869921 -0.0291786 0.00248493
internal_weight=26794 17285 7391 5173 1725 9894 9215 9509 6148 1422 4726 5992 1247 3517 1571 569 365 678 3448 1450 679 607 132 2218 807 1411 598 4745 204 3067
internal_count=26794 17285 7391 5173 1725 9894 9215 9509 6148 1422 4726 5992 1247 3517 1571 569 365 678 3448 1450 679 607 132 2218 807 1411 598 4745 204 3067
is_linear=0
shrinkage=0.05


Tree=34
num_leaves=31
num_cat=0
split_feature=0 4 4 4 4 4 3 1 1 4 0 0 1 4 1 0 3 4 0 4 3 4 4 0 0 0 4 4 4 3
split_gain=246.838 316.914 119.901 67.6974 142.291 195.058 49.9933 195.83 108.998 71.4922 58.0196 34.7737 32.3211 55.8591 25.9946 17.7063 13.1486 11.6457 14.9443 25.9217 18.0205 10.4184 9.40567 6.51434 6.41306 8.04116 4.83167 4.71147 4.69031 7.93691
threshold=5.5000000000000009 10.500000000000002 5.5000000000000009 1.0000000180025095e-35 1.5000000000000002 2.5000000000000004 1.0000000180025095e-35 1.0000000180025095e-35 1.0000000180025095e-35 7.5000000000000009 1.0000000180025095e-35 1.0000000180025095e-35 1.0000000180025095e-35 4.5000000000000009 1.0000000180025095e-35 1.5000000000000002 1.0000000180025095e-35 1.0000000180025095e-35 6.5000000000000009 1.5000000000000002 1.0000000180025095e-35 12.500000000000002 5.5000000000000009 1.0000000180025095e-35 1.0000000180025095e-35 4.5000000000000009 11.500000000000002 8.5000000000000018 7.5000000000000009 1.0000000180025095e-35
decision_type=2 2 2 2 2 2 2 2 2 2 2 2 2 2 2 2 2 2 2 2 2 2 2 2 2 2 2 2 2 2
left_child=1 2 3 14 16 -6 7 9 23 -4 -9 -10 17 -14 15 -1 -5 -2 20 -20 -19 24 -22 -8 26 -26 -3 -21 -15 -30
right_child=12 21 6 4 5 -7 8 10 11 -11 -12 -13 13 28 -16 -17 -18 18 19 27 22 -23 -24 -25 25 -27 -28 -29 29 -31
leaf_value=-0.0080763282001905749 0.004477959259817278 0.0067399061580833254 -0.023151700844583185 0.021044742818459389 -0.038806685037550984 0.0019671612440513592 0.0082063355228546766 0.031138959451644816 -0.033173587725071584 -0.0077632002382098456 -0.0025263211598195515 -0.012130984297621952 0.015948701273311345 -0.0087800165707237112 -0.0014605041997008818 -0.018932420542218359 0.043712285541308425 -0.0049000283749199213 0.038553689907376586 -0.028035572463390876 0.033149171993136405 -0.0022016647589537535 0.015711671564804047 0.00088344936255687788 0.011993007625065069 0.0045242602372826323 -0.0066226822472568881 -0.0022053175338509457 -0.026741227541457524 0.0050172464037611351
leaf_weight=2324 3423 3453 2704 574 326 2926 482 253 295 1047 259 587 2191 223 1394 448 72 81 26 51 113 277 245 821 1411 484 69 27 22 186
leaf_count=2324 3423 3453 2704 574 326 2926 482 253 295 1047 259 587 2191 223 1394 448 72 81 26 51 113 277 245 821 1411 484 69 27 22 186
internal_value=7.61842e-12 -0.00274027 -0.00666262 -0.00259861 0.00213748 -0.00212025 -0.0117452 -0.0148971 -0.00559557 -0.0188564 0.0141091 -0.019169 0.00840467 0.0127119 -0.00703002 -0.00983085 0.0235712 0.00555709 0.0123598 -0.00468233 0.0163971 0.0072564 0.0212157 0.0035923 0.00774004 0.0100854 0.00647812 -0.0190943 -0.00374256 0.00165818
internal_weight=26794 20206 14512 8064 3898 3252 6448 4263 2185 3751 512 882 6588 2622 4166 2772 646 3966 543 104 439 5694 358 1303 5417 1895 3522 78 431 208
internal_count=26794 20206 14512 8064 3898 3252 6448 4263 2185 3751 512 882 6588 2622 4166 2772 646 3966 543 104 439 5694 358 1303 5417 1895 3522 78 431 208
is_linear=0
shrinkage=0.05


Tree=35
num_leaves=31
num_cat=0
split_feature=2 0 5 5 4 0 5 0 4 4 5 4 5 0 5 0 5 4 2 4 5 5 5 4 4 5 4 2 5 0
split_gain=437.874 92.5771 129.34 118.86 69.076 66.9468 62.6783 54.2224 48.3325 35.1903 53.0209 27.0609 24.1975 21.7397 21.3107 21.0307 18.0819 58.7228 17.5353 17.3749 16.3986 15.1386 14.0352 13.8941 13.5719 12.6724 11.7805 14.0695 13.5388 11.4318
threshold=1.5000000000000002 4.5000000000000009 66.500000000000014 30.500000000000004 8.5000000000000018 5.5000000000000009 50.500000000000007 1.0000000180025095e-35 1.5000000000000002 10.500000000000002 50.500000000000007 1.0000000180025095e-35 80.500000000000014 3.5000000000000004 61.500000000000007 3.5000000000000004 26.500000000000004 9.5000000000000018 1.0000000180025095e-35 7.5000000000000009 70.500000000000014 43.500000000000007 19.500000000000004 5.5000000000000009 2.5000000000000004 68.500000000000014 10.500000000000002 1.0000000180025095e-35 54.500000000000007 1.0000000180025095e-35
decision_type=2 2 2 2 2 2 2 2 2 2 2 2 2 2 2 2 2 2 2 2 2 2 2 2 2 2 2 2 2 2
left_child=1 2 3 8 6 9 -5 12 11 10 16 -1 25 23 19 -6 17 -2 -14 21 -12 -7 -3 -9 -10 -4 27 28 -24 -18
right_child=5 22 7 4 15 14 -8 13 24 -11 20 -13 18 -15 -16 -17 29 -19 -20 -21 -22 -23 26 -25 -26 -27 -28 -29 -30 -31
leaf_value=-0.017163332553226846 0.032402500303788592 0.027499567329719227 0.017158220762658331 -0.018003869815228904 0.0028106504877022805 0.022209028342082614 -0.0090960773433795637 0.006980925535268365 -0.029706045411819339 0.0080283531237524339 0.0044279138508863019 0.0200412659534 0.022097957035030553 -0.026024528695864881 0.0012101745582612116 -0.019171595188682198 -0.0049083792449285592 -0.018838602318569569 0.068209836405256519 0.0026412965198371399 0.020219613259126034 0.014250300545531294 -0.014092760792258999 -0.0042565454615852011 -0.0023139175899410834 0.0036560871228791189 0.007694930789595102 0.001897805419029151 -0.0012740826215228243 -0.018737768431339941
leaf_weight=54 97 51 261 3360 1006 907 4790 379 51 4516 757 515 199 94 273 122 240 132 23 230 210 1751 290 1003 399 520 591 2866 711 396
leaf_count=54 97 51 261 3360 1006 907 4790 379 51 4516 757 515 199 94 273 122 240 132 23 230 210 1751 290 1003 399 520 591 2866 711 396
internal_value=-1.2109e-11 -0.00474087 -0.00691473 -0.00938317 -0.0111635 0.00861773 -0.0127685 0.00333841 0.00682647 0.00565726 -0.000187648 0.0165104 0.0123089 -0.00275735 0.014563 0.000433138 -0.0091813 0.00286614 0.0268753 0.0158253 0.00785734 0.0169661 0.00141861 -0.00117478 -0.00541836 0.00816832 0.00112024 0.000115422 -0.00498779 -0.0135191
internal_weight=26794 17285 12776 10297 9278 9509 8150 2479 1019 6348 1832 569 1003 1476 3161 1128 865 229 222 2888 967 2658 4509 1382 450 781 4458 3867 1001 636
internal_count=26794 17285 12776 10297 9278 9509 8150 2479 1019 6348 1832 569 1003 1476 3161 1128 865 229 222 2888 967 2658 4509 1382 450 781 4458 3867 1001 636
is_linear=0
shrinkage=0.05


Tree=36
num_leaves=31
num_cat=0
split_feature=0 7 5 5 5 0 7 7 7 5 7 0 5 5 5 1 7 5 7 7 7 0 7 0 5 7 0 5 5 5
split_gain=201.585 101.307 76.0135 84.7262 83.8086 59.5393 78.6783 54.5519 46.7684 45.8483 45.2916 43.5618 42.7072 40.0863 33.2073 28.5272 34.7659 25.8517 21.6294 30.5526 29.6317 21.2384 19.9149 18.8788 18.043 17.3807 37.1529 16.8685 18.6913 13.0327
threshold=5.5000000000000009 0.030315545387566093 50.500000000000007 27.500000000000004 33.500000000000007 3.5000000000000004 -1.6261937022209165 1.4868732094764712 -0.29806017875671381 32.500000000000007 -0.65569707751274098 1.0000000180025095e-35 62.500000000000007 89.500000000000014 57.500000000000007 1.0000000180025095e-35 -2.0927473306655879 71.500000000000014 -0.55815973877906788 -0.41835623979568476 -0.38909503817558283 3.5000000000000004 -0.65569707751274098 1.0000000180025095e-35 44.500000000000007 -0.24604026228189466 4.5000000000000009 71.500000000000014 48.500000000000007 68.500000000000014
decision_type=2 2 2 2 2 2 2 2 2 2 2 2 2 2 2 2 2 2 2 2 2 2 2 2 2 2 2 2 2 2
left_child=1 2 3 22 10 6 12 9 -8 -3 -5 -6 -4 14 -11 18 27 21 29 -20 -21 23 -1 -9 -18 26 -7 28 -17 -2
right_child=15 7 5 4 11 25 8 17 -10 13 -12 -13 -14 -15 -16 16 24 -19 19 20 -22 -23 -24 -25 -26 -27 -28 -29 -30 -31
leaf_value=0.0077027266254498447 0.010899536689793217 0.014504842907340252 -0.013485808820143098 0.006887332623655611 0.0032778176464539621 -0.025221498174757013 -0.0054619750074658005 -0.0064282953212380341 0.0080798022829363589 -0.0070701321444911454 -0.019959805346112733 -0.0074237897678426819 0.031027075304807007 0.024126198523479296 -0.014713924509166046 -0.045293069723993544 0.01992274548474135 0.023539582646141449 -0.0071060741271235447 0.022197411822481663 0.0038162226900491873 -0.017063302431326876 0.02638079038405718 0.0025781501099796157 0.010452021455999735 0.017724747219266975 -0.0021012752365754542 -0.03615383671803607 0.0071467463973810723 0.036459988070203474
leaf_weight=475 652 198 61 182 2039 217 815 883 2929 3201 1148 1782 462 85 2555 20 708 105 589 241 2430 209 204 1706 1736 78 872 45 113 54
leaf_count=475 652 198 61 182 2039 217 815 883 2929 3201 1148 1782 462 85 2555 20 708 105 589 241 2430 209 204 1706 1736 78 872 45 113 54
internal_value=-2.33355e-11 -0.00247638 0.000678058 -0.00328741 -0.00547585 0.00493251 0.00766958 -0.00644994 0.00513201 -0.00915762 -0.016286 -0.00171309 0.0258353 -0.00995974 -0.0104631 0.00759527 0.0116418 -0.000817236 0.00492003 0.00320169 0.00547473 -0.00173127 0.0133144 -0.000493573 0.0131956 -0.00507528 -0.00670834 -0.00969214 -0.00073894 0.0128546
internal_weight=26794 20206 11264 5830 5151 5434 4267 8942 3744 6039 1330 3821 523 5841 5756 6588 2622 2903 3966 3260 2671 2798 679 2589 2444 1167 1089 178 133 706
internal_count=26794 20206 11264 5830 5151 5434 4267 8942 3744 6039 1330 3821 523 5841 5756 6588 2622 2903 3966 3260 2671 2798 679 2589 2444 1167 1089 178 133 706
is_linear=0
shrinkage=0.05


Tree=37
num_leaves=31
num_cat=0
split_feature=4 4 1 7 7 6 7 7 7 7 6 6 4 4 6 6 4 6 7 7 7 4 7 4 4 7 7 7 7 7
split_gain=141.048 277.728 94.1195 85.6608 173.224 74.0623 58.1503 68.9303 122.931 50.5347 33.3146 30.9042 58.1837 43.982 23.7299 21.4936 20.875 20.6726 19.1345 17.5782 15.9058 19.1588 44.4563 14.0575 10.8362 10.1749 9.86113 18.3553 16.0659 9.78633
threshold=10.500000000000002 5.5000000000000009 1.0000000180025095e-35 0.069330483675003066 -0.10948797687888144 1.5000000000000002 0.87563917040824901 1.0934725999832156 1.0902213454246523 1.4868732094764712 4.5000000000000009 13.500000000000002 2.5000000000000004 1.5000000000000002 6.5000000000000009 10.500000000000002 1.0000000180025095e-35 10.500000000000002 -0.64269211888313282 -0.19402033835649488 -0.74022945761680592 12.500000000000002 0.96342280507087719 11.500000000000002 6.5000000000000009 -0.015201881062239407 0.86588546633720409 0.58952966332435619 1.5518980622291567 0.36194251477718359
decision_type=2 2 2 2 2 2 2 2 2 2 2 2 2 2 2 2 2 2 2 2 2 2 2 2 2 2 2 2 2 2
left_child=1 2 10 4 5 -3 17 8 -8 -9 16 13 -13 -12 -4 -6 -1 24 -18 -7 -2 23 -23 -22 -5 -17 27 -16 -28 -25
right_child=20 3 14 6 15 19 7 9 -10 -11 11 12 -14 -15 26 25 18 -19 -20 -21 21 22 -24 29 -26 -27 28 -29 -30 -31
leaf_value=-0.015371442117835754 -0.00019155023449889938 0.022998805390670896 0.01442351403119021 -0.020205255837518143 0.019243108053828714 -0.018690338097272267 -0.0080833547336400541 -0.028404235896884667 0.05238975553677 -0.0088018445475163479 -0.00064327342399336633 -0.028888211523493131 0.030730560765265535 -0.0097136077955924313 0.0057610849361495707 0.012292836447031453 0.0049676498070132377 -0.032983412543820728 0.022418823124515069 -0.056828215249603797 0.007574131618968691 -0.014326394993764492 0.035590283383022656 0.01481700517848367 -0.0010599594909506732 0.0011453340337384378 -0.018171815910675335 0.031233711406174636 0.012562769534013852 0.040487526321694972
leaf_weight=78 748 111 958 1409 401 1191 305 449 116 1228 6264 54 169 1699 3984 325 390 333 263 31 4755 236 55 320 78 553 106 72 71 42
leaf_count=78 748 111 958 1409 401 1191 305 449 116 1228 6264 54 169 1699 3984 325 390 333 263 31 4755 236 55 320 78 553 106 72 71 42
internal_value=-1.19752e-11 -0.0019813 0.00196482 -0.0105068 -0.0034931 -0.0161058 -0.0151827 -0.00950924 0.00857907 -0.0140502 -0.00115115 -0.00206442 0.0162937 -0.00257854 0.00731737 0.00965209 0.00907601 -0.0217227 0.0119962 -0.0196578 0.00664231 0.00758753 -0.00489197 0.00829723 -0.019201 0.00527169 0.00570913 0.00621326 -0.00584325 0.0177954
internal_weight=26794 20638 14108 6530 2612 1333 3918 2098 421 1677 8917 8186 223 7963 5191 1279 731 1820 653 1222 6156 5408 291 5117 1487 878 4233 4056 177 362
internal_count=26794 20638 14108 6530 2612 1333 3918 2098 421 1677 8917 8186 223 7963 5191 1279 731 1820 653 1222 6156 5408 291 5117 1487 878 4233 4056 177 362
is_linear=0
shrinkage=0.05


Tree=38
num_leaves=31
num_cat=0
split_feature=2 3 4 4 4 0 4 4 0 4 0 4 4 0 4 4 0 4 4 0 0 2 4 0 0 0 0 4 3 2
split_gain=356.918 70.4582 86.409 104.661 81.3221 56.0944 42.3208 56.5443 37.4818 28.7237 26.9754 26.4308 26.198 28.0914 13.4281 12.324 14.6922 10.9141 26.5564 57.0498 48.04 17.8719 10.5321 10.3051 7.65537 7.31076 5.41631 3.57257 3.56058 3.21464
threshold=1.5000000000000002 1.0000000180025095e-35 1.5000000000000002 1.0000000180025095e-35 2.5000000000000004 5.5000000000000009 6.5000000000000009 5.5000000000000009 4.5000000000000009 10.500000000000002 3.5000000000000004 9.5000000000000018 7.5000000000000009 1.0000000180025095e-35 7.5000000000000009 7.5000000000000009 5.5000000000000009 5.5000000000000009 1.0000000180025095e-35 1.0000000180025095e-35 1.0000000180025095e-35 1.0000000180025095e-35 12.500000000000002 3.5000000000000004 3.5000000000000004 1.0000000180025095e-35 1.0000000180025095e-35 6.5000000000000009 1.5000000000000002 1.0000000180025095e-35
decision_type=2 2 2 2 2 2 2 2 2 2 2 2 2 2 2 2 2 2 2 2 2 2 2 2 2 2 2 2 2 2
left_child=1 2 3 8 -4 9 7 -6 10 11 -1 12 13 -2 -7 17 22 18 20 -20 -3 27 25 -8 29 -17 -11 -19 -16 -5
right_child=5 15 4 24 6 14 23 -9 -10 26 -12 -13 -14 -15 28 16 -18 21 19 -21 -22 -23 -24 -25 -26 -27 -28 -29 -30 -31
leaf_value=-0.0074335428817508924 0.012015813513548225 -0.013158457832129706 -0.03522584225501102 0.013866378359103338 -0.0028848397185498331 0.014165068539437839 0.0020538782787070027 -0.015607924062955338 0.0011380321658469661 0.0061058119118779543 -0.026142240872395486 -0.013674550004438252 0.037349218638757099 -0.0031755867351799202 -0.017727632927043099 -0.0014437179989545256 0.01607082987456717 -0.0032727415062970217 0.021867666522499232 -0.0007400315282447002 0.00013582924946302168 -0.02422610048732135 -0.0087157209684824988 -0.0077252566749866323 0.029146005526644449 0.008870307740321097 0.0099215744176452073 -0.012666751536819213 0.0038082814490372494 0.026453885586621862
leaf_weight=876 429 866 327 328 1232 2917 793 2999 1209 3206 247 304 52 1047 21 320 201 1870 378 1066 3156 113 209 408 149 371 1310 107 223 60
leaf_count=876 429 866 327 328 1232 2917 793 2999 1209 3206 247 304 52 1047 21 320 201 1870 378 1066 3156 113 209 408 149 371 1310 107 223 60
internal_value=-2.72578e-11 -0.00428024 -0.00747789 -0.000388594 -0.0110096 0.00778042 -0.00955182 -0.0119032 -0.00497128 0.0050705 -0.0115485 -0.000210131 0.00246865 0.0012398 0.0132225 -0.00109331 0.00384882 -0.00181344 -0.000638391 0.00517805 -0.00272664 -0.00488656 0.00111923 -0.00126826 0.0195124 0.00409391 0.00721269 -0.00378117 0.00195478 0.0158129
internal_weight=26794 17285 8628 2869 5759 9509 5432 4231 2332 6348 1123 1832 1528 1476 3161 8657 1101 7556 5466 1444 4022 2090 900 1201 537 691 4516 1977 244 388
internal_count=26794 17285 8628 2869 5759 9509 5432 4231 2332 6348 1123 1832 1528 1476 3161 8657 1101 7556 5466 1444 4022 2090 900 1201 537 691 4516 1977 244 388
is_linear=0
shrinkage=0.05


Tree=39
num_leaves=31
num_cat=0
split_feature=2 7 7 7 4 6 7 4 4 4 4 7 4 4 4 7 7 4 6 7 7 4 4 4 6 4 4 7 7 6
split_gain=322.119 79.827 77.8703 61.6805 42.7279 42.6837 39.682 38.7112 44.8471 48.9215 37.6521 37.1474 32.6971 29.88 24.6177 19.5642 33.7333 17.4915 15.8298 21.0994 15.109 14.6694 33.6312 26.3304 14.5384 32.9857 14.715 12.8196 18.0091 16.4654
threshold=1.5000000000000002 0.36194251477718359 -0.22003030031919477 -0.45411992073059076 4.5000000000000009 15.500000000000002 1.0000000180025095e-35 11.500000000000002 5.5000000000000009 6.5000000000000009 1.0000000180025095e-35 -0.22003030031919477 12.500000000000002 7.5000000000000009 4.5000000000000009 -0.49313485622406 -0.67195332050323475 1.0000000180025095e-35 13.500000000000002 -0.34357759356498713 -0.72722449898719776 5.5000000000000009 6.5000000000000009 1.0000000180025095e-35 13.500000000000002 4.5000000000000009 1.5000000000000002 -0.35333132743835444 -0.23303528130054471 9.5000000000000018
decision_type=2 2 2 2 2 2 2 2 2 2 2 2 2 2 2 2 2 2 2 2 2 2 2 2 2 2 2 2 2 2
left_child=1 2 3 24 17 7 12 8 10 -10 -3 14 -4 -6 15 16 20 -5 19 -16 -2 23 -23 -8 26 -26 -1 29 -29 -17
right_child=11 5 6 4 13 -7 21 -9 9 -11 -12 -13 -14 -15 18 27 -18 -19 -20 -21 -22 22 -24 -25 25 -27 -28 28 -30 -31
leaf_value=0.0024459884347945147 0.010237199022214117 -0.0074505365309756313 0.0073743182092348069 -0.0061130609679086664 -0.019030644496281945 0.027154467356057817 -0.0066366577247890003 0.022947760835126209 -0.017393544814958493 -0.0045389386724310433 0.0094692162627895843 0.0038019039926126957 -0.016989925461125998 0.0079131531105044155 0.0022016590884282755 0.021220535029792709 -0.0018611213109414146 0.017304104304362446 0.02816406702839358 0.010793422526916938 0.028280992990736154 -0.026418143838192479 0.0051507428126111882 0.011994589762795932 -0.036513390524252773 0.018992182213280882 -0.0040247471917367987 0.0060453247063773745 0.034704341407632455 -0.018322162212872948
leaf_weight=1399 303 1694 3149 1574 1266 81 606 91 2396 1071 408 4100 144 112 1465 1054 445 84 86 1395 188 198 147 276 31 196 2362 382 64 27
leaf_count=1399 303 1694 3149 1574 1266 81 606 91 2396 1071 408 4100 144 112 1465 1054 445 84 86 1395 188 198 147 276 31 196 2362 382 64 27
internal_value=-1.63803e-11 -0.00406623 -0.00167002 -0.00496425 -0.0103343 -0.00888454 0.00344917 -0.00940029 -0.00992888 -0.0134226 -0.0041664 0.0073914 0.00630889 -0.0168407 0.0101122 0.0138013 0.00810951 -0.00492667 0.00702796 0.0063924 0.017146 -0.00422571 -0.0129671 -0.000806471 -0.000876119 0.0114121 -0.00161779 0.0172902 0.0101578 0.0202329
internal_weight=26794 17285 11544 7024 3036 5741 4520 5660 5569 3467 2102 9509 3293 1378 5409 2463 936 1658 2946 2860 491 1227 345 882 3988 227 3761 1527 446 1081
internal_count=26794 17285 11544 7024 3036 5741 4520 5660 5569 3467 2102 9509 3293 1378 5409 2463 936 1658 2946 2860 491 1227 345 882 3988 227 3761 1527 446 1081
is_linear=0
shrinkage=0.05


Tree=40
num_leaves=31
num_cat=0
split_feature=0 4 7 7 7 4 4 4 6 0 7 6 0 6 7 7 7 4 7 4 0 6 6 7 7 7 7 7 7 7
split_gain=145.442 194.149 93.8796 94.6924 88.2314 72.2878 53.0195 96.5804 46.9765 44.7407 39.6774 31.6794 18.1509 18.1849 15.4027 15.0782 14.7998 10.6983 26.7933 13.9974 9.12302 8.30302 10.8952 23.3449 13.9883 12.7595 24.3216 15.105 8.54967 8.25743
threshold=5.5000000000000009 10.500000000000002 0.030315545387566093 -0.17776411771774289 -0.99057531356811512 1.5000000000000002 5.5000000000000009 1.0000000180025095e-35 16.500000000000004 1.0000000180025095e-35 1.0902213454246523 7.5000000000000009 3.5000000000000004 4.5000000000000009 0.79760929942131054 -0.74022945761680592 -0.073724288493394838 12.500000000000002 0.96342280507087719 11.500000000000002 4.5000000000000009 13.500000000000002 9.5000000000000018 1.6851991415023806 -1.1856499910354612 -0.34357759356498713 -0.40535125136375422 -0.15825664997100827 -0.92555043101310719 0.15061160176992419
decision_type=2 2 2 2 2 2 2 2 2 2 2 2 2 2 2 2 2 2 2 2 2 2 2 2 2 2 2 2 2 2
left_child=1 2 3 4 9 -6 7 11 10 -1 -8 -4 16 -14 -9 -3 -5 19 -19 -17 -21 22 24 28 -2 26 -26 -27 -24 -30
right_child=21 15 6 12 5 -7 8 14 -10 -11 -12 -13 13 -15 -16 17 -18 18 -20 20 -22 -23 23 -25 25 27 -28 -29 29 -31
leaf_value=0.017275762543090181 -0.0082563675932170871 -0.0012023252281212072 -0.016545170461910959 0.016925897714244423 -0.0013678771019269833 -0.015461619478174171 -0.018787508998653404 0.018529438310425517 0.027298797219991684 -0.0003093787304812069 -0.0085421215974633025 -0.0045415051782833676 0.025672436244785785 -0.02961720050200178 0.0027732329258502303 0.0064594869759968809 0.0066082060636790179 -0.010475915161888519 0.030771473655477166 0.023323174480659268 0.0067466728247435482 0.027170997186719132 0.0051349155258300699 0.046856285572052007 0.0073632215124518957 0.0018959184327281588 0.019024728882829089 0.008786931995720287 -0.011929557623437769 0.0077046206604470232
leaf_weight=469 148 691 900 463 1632 2056 2038 406 70 1581 1762 1412 20 58 251 4387 1394 219 48 213 136 48 215 25 2074 1669 570 1519 252 68
leaf_count=469 148 691 900 463 1632 2056 2038 406 70 1581 1762 1412 20 58 251 4387 1394 219 48 213 136 48 215 25 2074 1669 570 1519 252 68
internal_value=3.201e-11 -0.00210345 -0.00517348 -0.00137679 -0.00460235 -0.00922491 -0.00943317 -0.00440695 -0.0132892 0.00371376 -0.0140369 -0.00921421 0.00818821 -0.0154404 0.0125099 0.00572096 0.00918068 0.00667719 -0.00306065 0.00722617 0.0168636 0.00645149 0.00629942 -0.000369501 0.00692393 0.00730917 0.00987724 0.00517931 -0.00257631 -0.00775729
internal_weight=26794 20206 14512 7673 5738 3688 6839 2969 3870 2050 3800 2312 1935 78 657 5694 1857 5003 267 4736 349 6588 6540 560 5980 5832 2644 3188 535 320
internal_count=26794 20206 14512 7673 5738 3688 6839 2969 3870 2050 3800 2312 1935 78 657 5694 1857 5003 267 4736 349 6588 6540 560 5980 5832 2644 3188 535 320
is_linear=0
shrinkage=0.05


Tree=41
num_leaves=31
num_cat=0
split_feature=0 4 4 6 0 4 6 6 4 0 0 3 3 4 0 6 4 0 4 6 4 3 6 6 3 6 4 0 6 0
split_gain=131.262 175.219 63.0217 49.3247 62.2467 64.0091 47.5945 33.7186 31.8135 45.0981 24.4859 34.3533 20.4438 14.3378 14.2426 14.1691 12.1731 7.54326 15.2975 8.73318 12.1908 7.59012 7.37943 10.2641 21.5668 7.19962 5.44968 6.3397 7.31812 4.95041
threshold=5.5000000000000009 10.500000000000002 5.5000000000000009 9.5000000000000018 2.5000000000000004 2.5000000000000004 4.5000000000000009 10.500000000000002 7.5000000000000009 4.5000000000000009 1.0000000180025095e-35 1.0000000180025095e-35 1.0000000180025095e-35 2.5000000000000004 4.5000000000000009 18.500000000000004 1.0000000180025095e-35 6.5000000000000009 1.5000000000000002 8.5000000000000018 8.5000000000000018 2.5000000000000004 13.500000000000002 12.500000000000002 1.5000000000000002 5.5000000000000009 12.500000000000002 1.0000000180025095e-35 9.5000000000000018 4.5000000000000009
decision_type=2 2 2 2 2 2 2 2 2 2 2 2 2 2 2 2 2 2 2 2 2 2 2 2 2 2 2 2 2 2
left_child=1 2 3 6 5 -5 16 8 12 -10 15 -12 -4 -6 -8 -9 -1 21 -19 20 -20 22 23 25 -25 -2 27 28 -3 -29
right_child=17 26 7 4 13 -7 14 10 9 -11 11 -13 -14 -15 -16 -17 -18 18 19 -21 -22 -23 -24 24 -26 -27 -28 29 -30 -31
leaf_value=-0.015991751480847596 0.00090820634452622769 0.0048449806193182803 -0.015475633059746126 -0.00067008124838972144 -0.020797429464461392 0.019420510942266461 -0.0069942305332601849 0.0020694270634658979 -0.0060209891528060291 0.035983562530429274 -0.029716323306537326 -0.0038696447075102372 -0.0070358437585443193 -0.0038596364270409474 0.00394740273806987 0.026186799319155182 0.0096291440082904023 0.024562151155301505 -0.058187517594723473 -0.0025021116866113303 -0.0069675664999522269 0.032370707339474135 0.025812446913914756 0.021020663082599641 -0.039783692178981644 0.0068575619499995468 -0.001405562604912002 0.0096133656742451896 -0.011962617917522563 0.003753214120038777
leaf_weight=50 558 3456 2573 759 151 830 4595 669 1060 68 151 865 995 724 318 67 637 35 21 77 26 28 48 25 35 5735 277 1411 66 484
leaf_count=50 558 3456 2573 759 151 830 4595 669 1060 68 151 865 995 724 318 67 637 35 21 77 26 28 48 25 35 5735 277 1411 66 484
internal_value=-2.02104e-11 -0.00199828 -0.00491481 -0.00196843 0.0039268 0.00982406 -0.00456233 -0.00859961 -0.0108081 -0.0034888 -0.00268005 -0.00771103 -0.013122 -0.00678262 -0.00628602 0.00426489 0.00776445 0.00612891 -0.00462945 -0.012869 -0.0298531 0.00639499 0.00628136 0.00613379 -0.0144485 0.00633003 0.00543491 0.0057847 0.00453002 0.00811663
internal_weight=26794 20206 14512 8064 2464 1589 5600 6448 4696 1128 1752 1016 3568 875 4913 736 687 6588 159 124 47 6429 6401 6353 60 6293 5694 5417 3522 1895
internal_count=26794 20206 14512 8064 2464 1589 5600 6448 4696 1128 1752 1016 3568 875 4913 736 687 6588 159 124 47 6429 6401 6353 60 6293 5694 5417 3522 1895
is_linear=0
shrinkage=0.05


Tree=42
num_leaves=31
num_cat=0
split_feature=2 7 7 7 0 7 4 4 4 4 4 4 7 4 4 7 0 4 7 0 4 0 0 0 0 4 7 7 7 4
split_gain=253.239 57.8808 65.9278 48.4617 43.0588 32.0849 29.751 29.5321 28.0815 30.725 29.0371 27.3309 23.5397 22.6387 19.9979 53.7794 27.8323 24.9727 18.2 17.8096 16.4027 15.1814 14.6143 13.6149 41.5547 11.3597 18.6382 15.4007 14.3219 11.3264
threshold=1.5000000000000002 0.36194251477718359 -0.22003030031919477 -0.45411992073059076 5.5000000000000009 1.0000000180025095e-35 4.5000000000000009 11.500000000000002 5.5000000000000009 7.5000000000000009 1.0000000180025095e-35 12.500000000000002 0.87563917040824901 7.5000000000000009 10.500000000000002 0.10184292867779733 1.0000000180025095e-35 7.5000000000000009 -0.28180395066738123 1.0000000180025095e-35 1.0000000180025095e-35 3.5000000000000004 1.0000000180025095e-35 3.5000000000000004 4.5000000000000009 7.5000000000000009 0.12785288691520694 -0.22003030031919477 -0.49313485622406 5.5000000000000009
decision_type=2 2 2 2 2 2 2 2 2 2 2 2 2 2 2 2 2 2 2 2 2 2 2 2 2 2 2 2 2 2
left_child=1 2 3 23 14 11 20 8 10 12 22 -4 -10 -8 15 16 18 -18 -2 -12 -5 -11 -3 -1 -25 26 27 28 -6 -7
right_child=4 7 5 6 25 29 13 -9 9 21 19 -13 -14 -15 -16 -17 17 -19 -20 -21 -22 -23 -24 24 -26 -27 -28 -29 -30 -31
leaf_value=0.0024168582136878877 0.029910310753230942 -0.01489877768025934 0.0066908841698328017 -0.0059925685497577716 0.0074543094911323042 -0.00075137501813750092 -0.016691439851013561 0.020548831565039501 -0.017597515887554961 -2.8837816998342909e-05 0.026822418692248939 -0.015584485704635477 -0.0079247510456194274 0.0067613650092555738 0.0059668378695041241 -0.01080037338649386 -5.318745218440627e-05 0.037477904859375445 0.0034477354976914678 0.0024728587759700622 0.016683998805127064 -0.016216339528373334 -0.0039159853995029891 -0.016760964477573758 -6.9080691332538914e-05 0.00095799800693668186 0.025019396303488706 0.001153845832643785 0.015542398694968455 -0.011436860814852561
leaf_weight=1700 179 395 3149 1574 891 882 1266 91 1549 759 99 144 1059 112 4516 726 778 47 102 311 84 179 1299 469 1819 244 258 349 1419 345
leaf_count=1700 179 395 3149 1574 891 882 1266 91 1549 759 99 144 1059 112 4516 726 778 47 102 311 84 179 1299 469 1819 244 258 349 1419 345
internal_value=3.04305e-11 -0.00360537 -0.00156495 -0.00459607 0.00655366 0.00314535 -0.00935604 -0.00770823 -0.00816334 -0.0108786 -0.00358717 0.0057168 -0.0136698 -0.0147853 0.00417941 -0.000226733 0.00671401 0.00208495 0.0203047 0.00835239 -0.0048437 -0.00311792 -0.00647691 -0.00097239 -0.00349063 0.0113217 0.0121886 0.0109436 0.0124227 -0.00375585
internal_weight=26794 17285 11544 7024 9509 4520 3036 5741 5650 3546 2104 3293 2608 1378 6348 1832 1106 825 281 410 1658 938 1694 3988 2288 3161 2917 2659 2310 1227
internal_count=26794 17285 11544 7024 9509 4520 3036 5741 5650 3546 2104 3293 2608 1378 6348 1832 1106 825 281 410 1658 938 1694 3988 2288 3161 2917 2659 2310 1227
is_linear=0
shrinkage=0.05


Tree=43
num_leaves=31
num_cat=0
split_feature=4 4 1 7 7 5 5 5 4 4 5 5 7 7 5 7 4 7 4 7 7 7 7 5 7 4 7 4 7 4
split_gain=80.2865 152.465 75.4386 56.4116 110.754 49.3403 43.4942 46.8953 56.0121 52.2146 42.4637 29.7114 29.1609 177.743 36.0797 16.5051 15.6283 21.3858 15.0905 14.518 26.436 22.8311 17.5481 12.7485 10.7779 11.3704 31.6251 11.4765 7.38316 7.04039
threshold=10.500000000000002 5.5000000000000009 1.0000000180025095e-35 0.069330483675003066 -0.10948797687888144 9.5000000000000018 27.500000000000004 71.500000000000014 2.5000000000000004 1.5000000000000002 87.500000000000014 73.500000000000014 1.0902213454246523 1.0934725999832156 62.500000000000007 -0.19402033835649488 1.5000000000000002 -1.3579659461975095 3.5000000000000004 -0.86702802777290333 -0.34032635390758509 -0.47687864303588862 -0.29480892419815058 91.500000000000014 -0.74022945761680592 12.500000000000002 0.96342280507087719 11.500000000000002 0.36194251477718359 13.500000000000002
decision_type=2 2 2 2 2 2 2 2 2 2 2 2 2 2 2 2 2 2 2 2 2 2 2 2 2 2 2 2 2 2
left_child=1 2 6 4 5 -3 16 9 -9 -8 12 -6 14 -14 -5 -7 17 -1 -18 23 21 -21 -22 -4 29 27 -27 -26 -29 -2
right_child=24 3 19 10 11 15 7 8 -10 -11 -12 -13 13 -15 -16 -17 18 -19 -20 20 22 -23 -24 -25 25 26 -28 28 -30 -31
leaf_value=-0.0026997638659344778 -0.0015882640545572897 0.019402859831513197 0.00040218928918734536 -0.011598280275018823 0.017918903478057326 -0.014178230587443219 -0.0012884015553015641 -0.016015552901393497 0.02364291011480869 -0.011667380347151306 0.022734256105666813 0.0022957397752608627 0.052140214730953351 -0.011884461963894635 -0.025486707380223073 -0.050567751262860838 -0.018422941917669963 0.019524240333997057 0.018588216993070783 0.0062742926732263678 -0.0099224680812599574 0.018547181637081838 0.0057167984251070116 0.0252455631615939 0.0056828349154368126 -0.0117817809203466 0.030319481288844891 0.012331252760737358 0.034628214527453696 0.0235395998685974
leaf_weight=144 719 113 1181 1341 499 1188 6254 121 337 1503 88 780 116 1655 718 32 80 436 42 706 195 818 2237 54 4755 236 55 320 42 29
leaf_count=144 719 113 1181 1341 499 1188 6254 121 337 1503 88 780 116 1655 718 32 80 436 42 706 195 818 2237 54 4755 236 55 320 42 29
internal_value=-3.13828e-11 -0.00149482 0.00142896 -0.00781161 -0.0021199 -0.0122051 -0.00136069 -0.00238149 0.0131655 -0.00329944 -0.0116061 0.00839109 -0.0123951 -0.00769086 -0.0164414 -0.0151327 0.010585 0.0140066 -0.0056814 0.00622098 0.00769839 0.0128617 0.00446283 0.00148846 0.00501137 0.00578945 -0.0038245 0.00633619 0.0149182 -0.000614055
internal_weight=26794 20638 14108 6530 2612 1333 8917 8215 458 7757 3918 1279 3830 1771 2059 1220 702 580 122 5191 3956 1524 2432 1235 6156 5408 291 5117 362 748
internal_count=26794 20638 14108 6530 2612 1333 8917 8215 458 7757 3918 1279 3830 1771 2059 1220 702 580 122 5191 3956 1524 2432 1235 6156 5408 291 5117 362 748
is_linear=0
shrinkage=0.05


Tree=44
num_leaves=31
num_cat=0
split_feature=0 4 5 5 5 4 0 4 5 4 5 4 1 4 5 4 1 4 5 5 4 5 4 0 5 5 4 5 4 0
split_gain=102.72 131.833 81.0366 65.5352 62.7657 64.9219 61.0819 54.154 31.9089 29.0928 25.9224 17.5166 17.0758 36.9113 17.8511 17.0342 20.5865 15.1958 13.13 11.3274 8.32374 7.62452 13.2333 9.41253 6.52889 6.17063 8.01567 6.07776 3.14038 2.93533
threshold=5.5000000000000009 10.500000000000002 66.500000000000014 30.500000000000004 50.500000000000007 5.5000000000000009 1.0000000180025095e-35 8.5000000000000018 48.500000000000007 1.0000000180025095e-35 67.500000000000014 1.5000000000000002 1.0000000180025095e-35 4.5000000000000009 44.500000000000007 5.5000000000000009 1.0000000180025095e-35 6.5000000000000009 71.500000000000014 71.500000000000014 10.500000000000002 42.500000000000007 1.5000000000000002 6.5000000000000009 56.500000000000007 47.500000000000007 10.500000000000002 83.500000000000014 5.5000000000000009 1.0000000180025095e-35
decision_type=2 2 2 2 2 2 2 2 2 2 2 2 2 2 2 2 2 2 2 2 2 2 2 2 2 2 2 2 2 2
left_child=1 2 3 7 8 -6 15 9 -5 -1 11 -8 18 14 -14 27 -17 -12 20 25 21 22 -2 -23 29 26 -15 -4 -27 -3
right_child=12 24 6 4 5 -7 10 -9 -10 -11 17 -13 13 19 -16 16 -18 -19 -20 -21 -22 23 -24 -25 -26 28 -28 -29 -30 -31
leaf_value=-0.021039683717500535 0.0063531767842657854 0.0045118861250012078 0.015891425489336346 -0.010214529320090163 0.0008700313516154792 -0.0098928843359579396 -0.0022174683599067587 -0.01185934895682814 -0.0222384629215466 0.013421396822997315 -0.001664951613574891 -0.041195662519229313 0.018194032003314722 -0.040453884992748504 0.0082781587031863363 -0.00072964954545329285 0.017700456146387353 0.033109670132398607 0.031853769104927779 -0.024786475410715478 0.011778614639471385 0.0011299730531852568 -0.018893896150230259 -0.02196649389134513 0.0010403291162349117 0.0082054615476168692 -0.0050639458175282927 0.028792790888061262 -0.002608984521236913 0.0071080157106882258
leaf_weight=66 1336 2958 392 3926 3082 2569 49 364 642 850 1719 70 642 20 1549 380 252 32 40 61 256 2235 54 45 1013 125 80 119 145 1723
leaf_count=66 1336 2958 392 3926 3082 2569 49 364 642 850 1719 70 642 20 1549 380 252 32 40 61 256 2235 54 45 1013 125 80 119 145 1723
internal_value=-1.41421e-12 -0.00176773 -0.00429753 -0.0062101 -0.00754601 -0.0040229 0.0030017 0.00445529 -0.0119044 0.0109384 -0.00256411 -0.0251458 0.00542178 0.0085525 0.0111837 0.0121076 0.00661906 -0.00102944 0.003352 -0.00482318 0.00306161 0.00245356 0.00537236 0.000674122 0.00467986 -0.00153193 -0.0121419 0.0188959 0.0023977 0.00546748
internal_weight=26794 20206 14512 11499 10219 5651 3013 1280 4568 916 1870 119 6588 2622 2191 1143 632 1751 3966 431 3926 3670 1390 2280 5694 370 100 511 270 4681
internal_count=26794 20206 14512 11499 10219 5651 3013 1280 4568 916 1870 119 6588 2622 2191 1143 632 1751 3966 431 3926 3670 1390 2280 5694 370 100 511 270 4681
is_linear=0
shrinkage=0.05


Tree=45
num_leaves=31
num_cat=0
split_feature=2 7 7 7 0 7 4 4 4 4 4 4 4 7 4 0 0 0 7 4 7 4 0 0 7 7 7 4 7 0
split_gain=201.925 43.4823 57.6452 39.2794 36.3732 26.107 23.0983 23.0216 20.3063 26.9165 25.6907 19.6458 19.5481 17.2442 17.0019 15.3531 15.2336 36.1396 14.4413 26.6897 18.6367 16.6084 13.2298 12.8347 12.5912 11.5946 33.832 16.6495 12.3468 17.7569
threshold=1.5000000000000002 0.36194251477718359 -0.21677906066179273 -0.49313485622406 5.5000000000000009 1.0000000180025095e-35 12.500000000000002 11.500000000000002 5.5000000000000009 7.5000000000000009 1.0000000180025095e-35 4.5000000000000009 1.0000000180025095e-35 0.87563917040824901 7.5000000000000009 1.0000000180025095e-35 3.5000000000000004 4.5000000000000009 -0.20377407222986219 10.500000000000002 0.10184292867779733 4.5000000000000009 1.0000000180025095e-35 3.5000000000000004 -0.073724288493394838 -0.40210001170635218 -0.39234627783298487 7.5000000000000009 -0.89628919959068287 4.5000000000000009
decision_type=2 2 2 2 2 2 2 2 2 2 2 2 2 2 2 2 2 2 2 2 2 2 2 2 2 2 2 2 2 2
left_child=1 2 3 16 18 6 -4 8 10 13 22 12 -5 -10 -13 -12 -1 -18 25 20 21 -20 -3 -11 -21 28 -27 -28 29 -2
right_child=4 7 5 11 -6 -7 -8 -9 9 23 15 14 -14 -15 -16 -17 17 -19 19 24 -22 -23 -24 -25 -26 26 27 -29 -30 -31
leaf_value=0.0028598636546760619 0.016675644875900699 -0.014017085418505949 0.0061872337251674438 -0.0061387448391535138 0.010234394152505669 -0.0032599619369629014 -0.014292375351457547 0.018173124952303187 -0.015460540138857212 0.00061777077336742404 0.025093540775994162 -0.014470340258479115 0.016700102731350613 -0.0071816599018286083 0.0048471697315806521 0.0024855626028213035 -0.016079035400116182 -0.00022328962974607053 0.018922049415460419 -0.0030058593894582396 -0.0096118742869754793 -0.0081453875864593728 -0.0035674908350813665 -0.014266115959796162 0.0061762198710385305 0.062595722837180928 -0.010219352434834709 0.0095475464078686612 -0.00093503856746897515 0.00029457092145188698
leaf_weight=1616 317 395 3138 1747 3161 1227 144 91 1549 759 99 1283 99 1059 125 311 455 1710 126 471 726 103 1299 179 1801 29 115 1446 868 346
leaf_count=1616 317 395 3138 1747 3161 1227 144 91 1549 759 99 1283 99 1059 125 311 455 1710 126 471 726 103 1299 179 1801 29 115 1446 868 346
internal_value=-3.74542e-11 -0.00321943 -0.00145092 -0.00427958 0.00585212 0.0029624 0.00528868 -0.00677554 -0.00717737 -0.00948632 -0.00328595 -0.00830689 -0.00491391 -0.0120988 -0.0127554 0.00794456 -0.000813607 -0.00355556 0.00366996 0.00132463 -0.00568902 0.00674761 -0.00600408 -0.00222254 0.00427272 0.00609493 0.00908541 0.0080913 0.00298921 0.00812685
internal_weight=26794 17285 11544 7035 9509 4509 3282 5741 5650 3546 2104 3254 1846 2608 1408 410 3781 2165 6348 3227 955 229 1694 938 2272 3121 1590 1561 1531 663
internal_count=26794 17285 11544 7035 9509 4509 3282 5741 5650 3546 2104 3254 1846 2608 1408 410 3781 2165 6348 3227 955 229 1694 938 2272 3121 1590 1561 1531 663
is_linear=0
shrinkage=0.05


Tree=46
num_leaves=31
num_cat=0
split_feature=2 0 0 6 0 6 0 0 6 4 6 6 4 6 4 0 6 4 4 2 4 4 4 4 4 4 6 2 0 2
split_gain=182.237 32.8268 28.7761 27.2942 35.0544 34.1419 24.3261 31.4568 18.2422 16.2463 15.9166 12.8928 12.2439 26.222 14.5814 18.3241 10.6336 31.1775 12.6208 10.5631 10.0313 9.04627 13.3566 8.88484 30.318 25.8184 8.57625 8.67276 9.6273 7.93509
threshold=1.5000000000000002 5.5000000000000009 4.5000000000000009 10.500000000000002 1.0000000180025095e-35 4.5000000000000009 1.0000000180025095e-35 3.5000000000000004 7.5000000000000009 1.0000000180025095e-35 13.500000000000002 8.5000000000000018 10.500000000000002 8.5000000000000018 5.5000000000000009 4.5000000000000009 4.5000000000000009 9.5000000000000018 4.5000000000000009 1.0000000180025095e-35 7.5000000000000009 1.5000000000000002 3.5000000000000004 2.5000000000000004 5.5000000000000009 1.5000000000000002 15.500000000000002 1.0000000180025095e-35 5.5000000000000009 1.0000000180025095e-35
decision_type=2 2 2 2 2 2 2 2 2 2 2 2 2 2 2 2 2 2 2 2 2 2 2 2 2 2 2 2 2 2
left_child=2 12 3 5 10 21 11 -8 9 -3 29 -7 13 16 15 -15 17 -2 -18 -12 26 -1 -23 25 -25 -6 27 -4 -29 -5
right_child=1 8 20 4 23 6 7 -9 -10 -11 19 -13 -14 14 -16 -17 18 -19 -20 -21 -22 22 -24 24 -26 -27 -28 28 -30 -31
leaf_value=0.0085126745605809875 0.023067479235416449 0.01424603206920529 -0.0048623346089057204 0.0064100988171704445 0.0034639645026064026 -0.011476115739329162 -0.0021138377275393412 -0.01328073639349097 0.0048930399412319761 -0.00082893817634064357 0.015871880654659536 -0.0060898236565377368 0.0048850703561790984 0.01493955700632954 -0.013781829326180743 -0.00091214636926668772 -0.0019864932169611519 -0.014409255317877978 -0.014808509166679404 0.053344810594405448 0.0061478871963701626 -0.019657490871812604 0.0040600727162145214 0.014344308799955735 -0.0061357366468178711 -0.027840893733841573 0.026500505491577349 0.015101109550080517 1.6096947648908983e-05 -0.0058726572088926331
leaf_weight=504 110 1754 976 738 126 2398 4049 747 1208 199 180 2070 4516 460 80 302 392 112 376 21 645 82 215 215 1133 138 29 110 2749 160
leaf_count=504 110 1754 976 738 126 2398 4049 747 1208 199 180 2070 4516 460 80 302 392 112 376 21 645 82 215 215 1133 138 29 110 2749 160
internal_value=1.8639e-11 0.00555951 -0.00305846 -0.00427043 0.000182538 -0.00546984 -0.00632613 -0.00385314 0.00972267 0.01271 0.00706843 -0.00898068 0.00348646 3.87899e-05 0.00652516 0.00865712 -0.0054779 0.0041603 -0.00826394 0.019787 0.000375612 0.00443369 -0.00248821 -0.004512 -0.00286926 -0.0128999 -0.000587927 -0.000792768 0.000596493 0.00422163
internal_weight=26794 9509 17285 12776 2711 10065 9264 4796 3161 1953 1099 4468 6348 1832 842 762 990 222 768 201 4509 801 297 1612 1348 264 3864 3835 2859 898
internal_count=26794 9509 17285 12776 2711 10065 9264 4796 3161 1953 1099 4468 6348 1832 842 762 990 222 768 201 4509 801 297 1612 1348 264 3864 3835 2859 898
is_linear=0
shrinkage=0.05


Tree=47
num_leaves=31
num_cat=0
split_feature=2 3 4 4 4 0 4 4 0 0 4 4 0 4 4 3 3 0 0 4 0 4 4 0 0 2 4 4 0 0
split_gain=164.469 32.1206 35.3318 75.4986 72.9498 29.6262 22.8038 25.69 21.3418 20.8143 11.0501 14.3771 15.626 13.378 9.30912 8.66512 8.59842 8.58129 8.33863 7.42 9.89684 6.73873 17.2854 39.6902 33.779 11.3267 5.64337 4.49967 4.99707 4.08453
threshold=1.5000000000000002 1.0000000180025095e-35 1.5000000000000002 1.0000000180025095e-35 2.5000000000000004 5.5000000000000009 6.5000000000000009 4.5000000000000009 4.5000000000000009 3.5000000000000004 10.500000000000002 5.5000000000000009 1.0000000180025095e-35 1.0000000180025095e-35 7.5000000000000009 1.0000000180025095e-35 1.5000000000000002 3.5000000000000004 3.5000000000000004 7.5000000000000009 5.5000000000000009 5.5000000000000009 1.0000000180025095e-35 1.0000000180025095e-35 1.0000000180025095e-35 1.0000000180025095e-35 9.5000000000000018 12.500000000000002 1.0000000180025095e-35 1.0000000180025095e-35
decision_type=2 2 2 2 2 2 2 2 2 2 2 2 2 2 2 2 2 2 2 2 2 2 2 2 2 2 2 2 2 2
left_child=1 2 3 8 -4 10 7 -6 9 -1 11 12 13 -2 -7 -14 26 -8 -5 21 27 22 24 -24 -3 -23 -13 28 -21 -12
right_child=5 19 4 18 6 14 17 -9 -10 -11 29 16 15 -15 -16 -17 -18 -19 -20 20 -22 25 23 -25 -26 -27 -28 -29 -30 -31
leaf_value=-0.0057719830217075928 0.0031952101620845498 -0.010821428318406408 -0.030258722122493753 0.012510114570932743 0.0088884559290482359 0.010021304138157348 0.0031699556314614269 -0.0085850232479279791 0.0001864194428406477 -0.022205879853714094 0.003679608133242892 0.0012848759945201216 -0.0061339080813172086 0.021896299316237371 -0.00014524196625732985 0.0036921349767595531 -0.031990856252377853 -0.005753869960950825 0.026425511431067736 -0.0017931607773061843 0.013112113577086682 -0.0028472840952153237 0.018224078008600774 -0.00063284984385720536 0.00032632373528948734 -0.019123469048902903 -0.0095459048426786656 -0.0055876778833608204 0.0067340039967081064 0.0069932101555577417
leaf_weight=876 222 866 327 388 222 2917 793 4009 1209 247 3206 199 407 168 244 500 32 408 149 320 201 1977 378 1066 3156 113 304 209 371 1310
leaf_count=876 222 866 327 388 222 2917 793 4009 1209 247 3206 199 407 168 244 500 32 408 149 320 201 1977 378 1066 3156 113 304 209 371 1310
internal_value=-1.00164e-11 -0.00290553 -0.00506455 -0.000531336 -0.00732289 0.00528154 -0.00594218 -0.00766819 -0.00442355 -0.00938656 0.00331214 3.68503e-05 0.00288164 0.0112511 0.00923654 -0.000717126 -0.00685976 0.000138381 0.0163712 -0.00075375 0.00308103 -0.00131252 -0.000389205 0.00430338 -0.00207396 -0.00372729 -0.00526096 0.000840755 0.0027851 0.00464082
internal_weight=26794 17285 8628 2869 5759 9509 5432 4231 2332 1123 6348 1832 1297 390 3161 907 535 1201 537 8657 1101 7556 5466 1444 4022 2090 503 900 691 4516
internal_count=26794 17285 8628 2869 5759 9509 5432 4231 2332 1123 6348 1832 1297 390 3161 907 535 1201 537 8657 1101 7556 5466 1444 4022 2090 503 900 691 4516
is_linear=0
shrinkage=0.05


Tree=48
num_leaves=31
num_cat=0
split_feature=0 4 1 3 3 4 4 4 4 0 4 0 4 4 0 4 0 1 4 4 0 4 3 4 4 0 4 0 3 3
split_gain=69.1118 89.5937 47.8788 66.3972 45.9553 62.3601 40.8487 91.7951 45.6501 28.3673 33.2604 27.9737 26.1506 29.4697 20.228 17.3948 16.8377 14.1742 30.5826 11.8418 9.61858 16.6459 12.8013 9.66852 3.39365 2.66588 4.78686 3.44594 4.2982 2.23548
threshold=5.5000000000000009 10.500000000000002 1.0000000180025095e-35 1.0000000180025095e-35 1.0000000180025095e-35 5.5000000000000009 1.5000000000000002 1.0000000180025095e-35 2.5000000000000004 1.0000000180025095e-35 5.5000000000000009 1.0000000180025095e-35 1.0000000180025095e-35 2.5000000000000004 1.0000000180025095e-35 7.5000000000000009 4.5000000000000009 1.0000000180025095e-35 4.5000000000000009 1.0000000180025095e-35 6.5000000000000009 1.5000000000000002 1.0000000180025095e-35 5.5000000000000009 8.5000000000000018 1.0000000180025095e-35 12.500000000000002 4.5000000000000009 1.5000000000000002 1.5000000000000002
decision_type=2 2 2 2 2 2 2 2 2 2 2 2 2 2 2 2 2 2 2 2 2 2 2 2 2 2 2 2 2 2
left_child=1 2 3 6 9 16 7 -1 -8 10 -4 -7 14 -14 -5 -11 -6 19 -19 -2 22 -22 -21 -24 -23 29 27 28 -27 -3
right_child=17 25 4 12 5 11 8 -9 -10 15 -12 -13 13 -15 -16 -17 -18 18 -20 20 21 24 23 -25 -26 26 -28 -29 -30 -31
leaf_value=-0.010952440027961422 0.0014733219022689912 -0.0046324568430101999 0.0070624758270837161 -0.013029772603497717 0.0054597300976749422 -0.026334584877605285 -0.02865310130064859 0.014562935554292411 -0.0093087112851863371 -4.6157977201741128e-05 0.030042110898590876 -0.0074612204109602556 0.035413413556913541 0.0028035425269286015 -0.0011803571667233326 0.035561058297753335 -0.0047829026364798709 0.0096946047455865585 -0.0048755328855064018 -0.0052897470961554829 0.030396065631738078 -0.023388559590367713 0.028820592699061454 0.011141119966264434 -0.0014663822448777932 0.012110415624044732 -0.00093276787477135012 0.0024971557916481568 0.0057743190451655293 0.0032238784350944213
leaf_weight=916 3423 93 417 489 1312 295 326 573 4730 726 253 587 72 1835 1367 36 578 2191 431 81 26 51 113 245 27 359 274 484 1052 3432
leaf_count=916 3423 93 417 489 1312 295 326 573 4730 726 253 587 72 1835 1367 36 578 2191 431 81 26 51 113 245 27 359 274 484 1052 3432
internal_value=1.58949e-12 -0.00144999 -0.0035355 -0.0053696 0.000961609 -0.00279574 -0.00841237 -0.00113356 -0.010556 0.00823491 0.0157399 -0.0137737 -7.72896e-05 0.00403475 -0.00430232 0.00163607 0.00232733 0.00444724 0.00729959 0.0025615 0.00942122 -0.00425107 0.0126602 0.0167215 -0.0158001 0.00386526 0.00524448 0.00613765 0.00738641 0.0030166
internal_weight=26794 20206 14512 10308 4204 2772 6545 1489 5056 1432 670 882 3763 1907 1856 762 1890 6588 2622 3966 543 104 439 358 78 5694 2169 1895 1411 3525
internal_count=26794 20206 14512 10308 4204 2772 6545 1489 5056 1432 670 882 3763 1907 1856 762 1890 6588 2622 3966 543 104 439 358 78 5694 2169 1895 1411 3525
is_linear=0
shrinkage=0.05


Tree=49
num_leaves=31
num_cat=0
split_feature=0 4 7 7 1 4 7 4 4 7 7 1 7 0 0 0 1 4 7 7 7 7 7 7 7 7 7 7 4 7
split_gain=62.3734 80.8583 53.7587 64.9406 48.4058 44.4611 36.8014 25.2848 70.4973 27.1202 49.9037 20.2189 15.6526 15.3221 13.937 13.5893 12.7922 27.6008 39.4946 19.0958 28.4042 18.1556 12.6671 11.431 9.54284 17.577 13.203 8.60583 8.50009 8.16451
threshold=5.5000000000000009 10.500000000000002 0.030315545387566093 -0.17776411771774289 1.0000000180025095e-35 1.5000000000000002 -0.18101536482572553 5.5000000000000009 1.0000000180025095e-35 0.87563917040824901 1.0934725999832156 1.0000000180025095e-35 -0.15825664997100827 1.0000000180025095e-35 4.5000000000000009 1.5000000000000002 1.0000000180025095e-35 4.5000000000000009 0.040069280192255981 -0.55815973877906788 -0.41835623979568476 -0.38909503817558283 0.79760929942131054 -0.74022945761680592 -0.37609004974365229 -0.48663237690925593 -0.19076909869909284 -0.42810997366905207 10.500000000000002 -0.47687864303588862
decision_type=2 2 2 2 2 2 2 2 2 2 2 2 2 2 2 2 2 2 2 2 2 2 2 2 2 2 2 2 2 2
left_child=1 2 3 4 5 -1 -6 8 14 11 -11 -9 13 -5 -4 -14 19 18 24 -2 27 -22 -10 -3 25 -18 -26 29 -23 -21
right_child=16 23 7 12 6 -7 -8 9 22 10 -12 -13 15 -15 -16 -17 17 -19 -20 20 21 28 -24 -25 26 -27 -28 -29 -30 -31
leaf_value=0.00069623434679188568 0.0098887864322775576 -0.0023560854039921843 -0.0078991816212376897 -0.011552684416881565 0.0045984800758117539 -0.010445768600457891 -0.038058276639248323 -0.01091874012653136 0.016800829495522401 0.010115964660126209 -0.0092412737278420951 -0.023710204012795749 0.0067922084867084957 0.025357600361059763 0.014915248534331719 -0.014440942905206658 0.0038988735000501486 -0.004631756268238558 0.033208198700123613 -0.013721813862118454 0.016100306878411269 0.00082670527153610974 0.0025121517775212026 0.0045045802938113982 -0.0017450520764127628 0.016282589023915658 0.010646201588742204 -0.034761484399918587 0.011586836607195438 -0.0016255638277385947
leaf_weight=1413 706 691 2243 33 1829 2444 52 1405 406 417 1652 396 1633 190 69 79 551 431 159 280 241 2230 251 5003 515 597 369 31 200 278
leaf_count=1413 706 691 2243 33 1829 2444 52 1405 406 417 1652 396 1633 190 69 79 551 431 159 280 241 2230 251 5003 515 597 369 31 200 278
internal_value=-7.31559e-12 -0.00137749 -0.00335873 -0.00048567 -0.00315686 -0.00636393 0.00341924 -0.00658215 -0.00311116 -0.00924504 -0.00533989 -0.0137313 0.00743543 0.0198955 -0.0072183 0.00581241 0.00422488 0.00693461 0.00920987 0.00243342 0.000818857 0.00301052 0.011342 0.003672 0.00733205 0.0103388 0.00342732 -0.0091199 0.00171231 -0.00769537
internal_weight=26794 20206 14512 7673 5738 3857 1881 6839 2969 3870 2069 1801 1935 223 2312 1712 6588 2622 2191 3966 3260 2671 657 5694 2032 1148 884 589 2430 558
internal_count=26794 20206 14512 7673 5738 3857 1881 6839 2969 3870 2069 1801 1935 223 2312 1712 6588 2622 2191 3966 3260 2671 657 5694 2032 1148 884 589 2430 558
is_linear=0
shrinkage=0.05


Tree=50
num_leaves=31
num_cat=0
split_feature=2 5 0 0 0 5 6 5 5 0 0 6 5 5 5 5 5 2 0 6 5 5 5 5 6 5 5 5 6 6
split_gain=129.46 33.9649 42.2778 36.9378 23.5112 22.7489 16.1476 15.7718 15.3291 15.6793 24.4223 14.4829 23.8328 12.1312 11.1993 13.0734 9.37946 9.23368 9.09438 7.20288 6.91408 6.35834 5.2905 6.12468 5.0529 5.13441 4.45574 4.28953 6.92777 3.92723
threshold=1.5000000000000002 66.500000000000014 1.0000000180025095e-35 1.0000000180025095e-35 5.5000000000000009 30.500000000000004 7.5000000000000009 50.500000000000007 26.500000000000004 4.5000000000000009 3.5000000000000004 11.500000000000002 67.500000000000014 76.500000000000014 83.500000000000014 70.500000000000014 70.500000000000014 1.0000000180025095e-35 6.5000000000000009 5.5000000000000009 66.500000000000014 47.500000000000007 67.500000000000014 76.500000000000014 4.5000000000000009 43.500000000000007 69.500000000000014 62.500000000000007 8.5000000000000018 9.5000000000000018
decision_type=2 2 2 2 2 2 2 2 2 2 2 2 2 2 2 2 2 2 2 2 2 2 2 2 2 2 2 2 2 2
left_child=1 2 5 14 16 -1 24 21 18 10 -10 22 -13 -14 15 -3 26 -16 -4 -11 -8 -7 -5 -24 -6 -26 27 -2 -29 -18
right_child=4 3 8 11 6 7 20 -9 9 19 -12 12 13 -15 17 -17 29 -19 -20 -21 -22 -23 23 -25 25 -27 -28 28 -30 -31
leaf_value=0.0060039279502627722 0.0023692028497409377 0.013773718359767671 0.0046628105374316459 -0.0073451621850709557 -0.01006786456730749 -0.010334476152486722 0.0048200765298679477 -0.0055179114135447847 -0.0025340371947293796 -0.0058927091890972789 -0.012115351303169097 -0.052178325448875074 -0.010859059990925702 0.00027672506212604852 0.017253904486593058 0.0010987844229675828 -0.005434112716466189 0.053181648433674122 0.035438489101827141 0.00093197571357312077 -0.00872466709573292 -0.018182556703338629 0.0075680918586178625 -0.0010981028118441183 0.013939688661713282 0.0087748017823464641 -0.0077255813118356931 -0.0014937205298338086 0.012879219766871031 0.01439383734336115
leaf_weight=296 5614 414 603 115 28 1810 1105 2382 4178 435 791 27 433 562 169 400 28 20 25 3476 103 301 507 341 951 974 104 128 243 231
leaf_count=296 5614 414 603 115 28 1810 1105 2382 4178 435 791 27 433 562 169 400 28 20 25 3476 103 301 507 341 951 974 104 128 243 231
internal_value=-2.40065e-12 -0.00257781 -0.00359106 0.00227041 0.00468582 -0.00742219 0.00820909 -0.0083067 -0.0016614 -0.0021953 -0.00405926 -0.00168131 -0.00582707 -0.0045693 0.0100911 0.00754525 0.0029314 0.0210558 0.00588796 0.000172902 0.00366519 -0.0114535 0.00271846 0.00408322 0.0110197 0.0113264 0.00253501 0.00271331 0.00792036 0.0122503
internal_weight=26794 17285 14297 2988 9509 4789 3161 4493 9508 8880 4969 1985 1022 995 1003 814 6348 189 628 3911 1208 2111 963 848 1953 1925 6089 5985 371 259
internal_count=26794 17285 14297 2988 9509 4789 3161 4493 9508 8880 4969 1985 1022 995 1003 814 6348 189 628 3911 1208 2111 963 848 1953 1925 6089 5985 371 259
is_linear=0
shrinkage=0.05


Tree=51
num_leaves=31
num_cat=0
split_feature=0 4 6 4 6 0 6 4 0 0 4 6 6 4 4 3 4 3 6 6 3 4 0 6 0 6 3 0 4 0
split_gain=50.7811 69.1368 30.4596 26.4426 25.7625 40.7358 20.6825 14.1741 27.4245 24.6705 7.44002 6.97507 5.66771 6.80953 6.12845 19.258 9.71684 5.61127 13.2838 5.60361 5.18378 8.80291 3.73932 3.11721 3.10816 5.36677 3.08337 2.97149 2.40697 2.75067
threshold=5.5000000000000009 10.500000000000002 14.500000000000002 5.5000000000000009 9.5000000000000018 2.5000000000000004 4.5000000000000009 7.5000000000000009 4.5000000000000009 2.5000000000000004 2.5000000000000004 13.500000000000002 9.5000000000000018 4.5000000000000009 1.5000000000000002 1.5000000000000002 1.0000000180025095e-35 1.5000000000000002 12.500000000000002 5.5000000000000009 1.0000000180025095e-35 5.5000000000000009 6.5000000000000009 14.500000000000002 1.0000000180025095e-35 9.5000000000000018 1.0000000180025095e-35 6.5000000000000009 12.500000000000002 4.5000000000000009
decision_type=2 2 2 2 2 2 2 2 2 2 2 2 2 2 2 2 2 2 2 2 2 2 2 2 2 2 2 2 2 2
left_child=1 2 3 4 6 -6 -1 9 -9 -5 -4 12 14 26 16 22 19 27 -19 -2 -12 -22 -16 24 25 -3 -14 -15 29 -26
right_child=11 23 10 7 5 -7 -8 8 -10 -11 20 -13 13 17 15 -17 -18 18 -20 -21 21 -23 -24 -25 28 -27 -28 -29 -30 -31
leaf_value=0.0048110047400199705 -0.00039518210728697124 0.0028705640636199192 -0.014622062089620158 -0.0064323415112790749 0.0079510497879604156 -0.0059895846988369103 -0.004451193038661717 -0.0027314578362573894 0.030021406893673188 -0.030367060146209868 0.02312212145634901 0.022802589259420834 0.00033623045851297756 0.013429826871595449 -0.0088058429963702844 0.0058092917328309499 0.033530526197162173 0.0088177569160858803 -0.025788002325729892 0.0050451817269697649 0.016144248889074387 -0.0077170299193649386 -0.023855011672380248 -0.01264852538704872 0.0067325540282142694 -0.011416939328904195 -0.010682544966180952 -0.0039670615146557486 0.00034078255983510392 0.0023642988710987482
leaf_weight=687 525 3458 24 5065 1471 814 4913 1063 68 110 107 48 99 135 157 405 29 75 44 4808 136 54 56 30 1411 67 177 30 244 484
leaf_count=687 525 3458 24 5065 1471 814 4913 1063 68 110 107 48 99 135 157 405 29 75 44 4808 136 54 56 30 1411 67 177 30 244 484
internal_value=1.15297e-11 -0.00124291 -0.00307493 -0.00341945 -0.00148929 0.00298489 -0.00331492 -0.0058329 -0.000762232 -0.0069411 0.0121559 0.00381211 0.00367273 -0.00113723 0.00412316 -0.000591642 0.00466657 0.00429815 -0.00397765 0.00450961 0.0143197 0.00936262 -0.0127624 0.00342626 0.0035114 0.002599 -0.00673016 0.0102668 0.00501501 0.00561686
internal_weight=26794 20206 14512 14191 7885 2285 5600 6306 1131 5175 321 6588 6540 560 5980 618 5362 284 119 5333 297 190 213 5694 5664 3525 276 165 2139 1895
internal_count=26794 20206 14512 14191 7885 2285 5600 6306 1131 5175 321 6588 6540 560 5980 618 5362 284 119 5333 297 190 213 5694 5664 3525 276 165 2139 1895
is_linear=0
shrinkage=0.05


Tree=52
num_leaves=31
num_cat=0
split_feature=2 7 3 0 7 0 7 7 7 7 7 7 7 7 7 7 7 7 7 3 7 0 7 3 7 7 7 7 7 3
split_gain=110.12 27.7478 48.9597 20.4377 19.0519 29.3723 23.1543 16.0763 35.1778 127.808 15.4485 16.8136 13.8546 13.796 12.6347 11.7922 10.398 9.7637 30.9983 24.2588 10.9858 13.1188 9.15346 7.99998 7.79948 23.8017 13.6638 11.7709 13.6692 8.29827
threshold=1.5000000000000002 0.36194251477718359 1.0000000180025095e-35 5.5000000000000009 -0.19727158546447751 1.0000000180025095e-35 -0.70771703124046315 1.5518980622291567 1.0934725999832156 1.0902213454246523 -0.16801038384437558 -0.002196901739807799 -0.65569707751274098 -0.16475913673639295 1.0121914744377138 -0.20377407222986219 1.6234254837036135 -0.40210001170635218 -0.39234627783298487 1.0000000180025095e-35 -0.89628919959068287 4.5000000000000009 -0.18101536482572553 1.5000000000000002 -0.49313485622406 -0.55815973877906788 -0.44761744141578669 -0.41835623979568476 -0.38259252905845637 1.5000000000000002
decision_type=2 2 2 2 2 2 2 2 2 2 2 2 2 2 2 2 2 2 2 2 2 2 2 2 2 2 2 2 2 2
left_child=1 2 4 15 6 -6 -1 8 9 14 22 -12 -8 -7 -3 17 -9 20 -19 -20 21 -2 -4 -18 25 29 -26 -28 -29 -5
right_child=3 7 10 24 5 13 12 16 -10 -11 11 -13 -14 -15 -16 -17 23 18 19 -21 -22 -23 -24 -25 26 -27 27 28 -30 -31
leaf_value=-0.0010650505111296337 0.014221432729778133 -0.0057008983956483295 0.00042162668904886964 0.010965645286504419 -0.011232938863991638 0.016138116551327266 -0.025650926350866361 0.013026295315414186 -0.01653514268198069 0.046922916790534709 0.0085722956146036238 0.00067980936621749814 -0.0081863027559550185 0.0020198285404236273 -0.018851384285059711 0.0005666100846829778 -0.00083135907364247866 0.058841842888244268 -0.019143813608084308 0.0081749537798213 -0.0016744020632908077 0.00014133705714491405 -0.01174869620497051 -0.013419343139144724 0.02158075786996266 -0.0084584382247082941 -0.0020244870502691978 0.017597485898339402 0.0070616600896591178 -0.0070282440011699993
leaf_weight=1430 317 3122 3336 582 366 229 119 124 763 116 1445 1266 2483 708 194 3227 1282 29 86 1475 868 346 162 140 203 279 257 397 1371 72
leaf_count=1430 317 3122 3336 582 366 229 119 124 763 116 1445 1266 2483 708 194 3227 1282 29 86 1475 868 346 162 140 203 279 257 397 1371 72
internal_value=-1.30043e-11 -0.00237748 -0.000964726 0.00432166 -0.00447754 0.00077852 -0.00617611 -0.00521823 -0.00682446 -0.00466559 0.00205361 0.00488661 -0.00898503 0.0054703 -0.00647026 0.00268593 -0.000859799 0.00487722 0.00762145 0.00666988 0.00202725 0.00687345 -0.000142007 -0.00207068 0.00760658 0.00376856 0.0092138 0.00797405 0.00942745 0.00898467
internal_weight=26794 17285 11544 9509 5335 1303 4032 5741 4195 3432 6209 2711 2602 937 3316 6348 1546 3121 1590 1561 1531 663 3498 1422 3161 933 2228 2025 1768 654
internal_count=26794 17285 11544 9509 5335 1303 4032 5741 4195 3432 6209 2711 2602 937 3316 6348 1546 3121 1590 1561 1531 663 3498 1422 3161 933 2228 2025 1768 654
is_linear=0
shrinkage=0.05


Tree=53
num_leaves=31
num_cat=0
split_feature=2 0 6 4 4 6 0 4 6 2 6 4 6 4 6 6 0 6 6 4 6 0 0 6 4 6 0 6 6 0
split_gain=99.3829 18.445 17.1385 17.9133 31.5598 20.7409 25.6883 21.6537 14.9472 19.9423 13.8914 13.2908 6.85708 10.3297 12.4922 8.45868 8.09286 5.18647 5.01109 4.83907 4.63558 4.43113 11.012 4.33084 3.61495 3.30496 3.62028 1.99417 1.99176 1.32939
threshold=1.5000000000000002 5.5000000000000009 16.500000000000004 7.5000000000000009 5.5000000000000009 9.5000000000000018 2.5000000000000004 1.5000000000000002 7.5000000000000009 1.0000000180025095e-35 7.5000000000000009 1.0000000180025095e-35 12.500000000000002 10.500000000000002 8.5000000000000018 4.5000000000000009 4.5000000000000009 6.5000000000000009 5.5000000000000009 5.5000000000000009 1.5000000000000002 4.5000000000000009 3.5000000000000004 10.500000000000002 11.500000000000002 6.5000000000000009 1.0000000180025095e-35 5.5000000000000009 18.500000000000004 4.5000000000000009
decision_type=2 2 2 2 2 2 2 2 2 2 2 2 2 2 2 2 2 2 2 2 2 2 2 2 2 2 2 2 2 2
left_child=2 12 3 4 5 7 -7 -1 18 -10 11 17 13 14 15 -2 -16 27 -6 29 -5 22 -22 -12 -23 -15 -27 -3 -4 -14
right_child=1 10 28 20 8 6 -8 -9 9 -11 23 -13 19 25 16 -17 -18 -19 -20 -21 21 24 -24 -25 -26 26 -28 -29 -30 -31
leaf_value=-0.0013668544504332181 0.0039382424993704805 0.0093386645559181049 0.0090030946733000196 0.014196295585891564 -0.010365844089751957 0.007318162336896545 -0.0035005105203840961 -0.0083344183579486392 -0.0034458534431106324 -0.01427680743951543 0.0039828288537432669 -0.0024125879208075265 0.020909697605187405 0.001854260139535881 0.0085374992180133093 -0.0071428275668116228 -0.0025452912454561327 0.0084848620392458073 -0.023275642559783143 -0.0036615214177540371 0.0014390641710167514 0.010449877188144493 -0.012095030361907722 -0.0062178842365012872 0.0022844047569308104 0.0034559223173692014 0.0074580047256838453 0.015154411867240862 0.021921747847061072 0.0098558853380382068
leaf_weight=6234 222 187 52 73 1044 1326 936 1358 3486 484 1093 199 85 1777 413 768 274 871 81 35 1358 202 169 115 412 1936 798 696 70 40
leaf_count=6234 222 187 52 73 1044 1326 936 1358 3486 484 1093 199 85 1777 413 768 274 871 81 35 1358 202 169 115 412 1936 798 696 70 40
internal_value=1.44463e-12 0.00410558 -0.0022586 -0.00239134 -0.00301299 -0.00136104 0.00284147 -0.00261316 -0.00620795 -0.0047663 0.00722625 0.00983308 0.00255163 0.00228739 -0.0010631 -0.00465798 0.00411729 0.0112224 -0.0112953 0.0127713 0.00180604 0.00138358 -5.88153e-05 0.00301173 0.00497077 0.00353296 0.00462405 0.0139228 0.0164154 0.0173725
internal_weight=26794 9509 17285 17163 14949 9854 2262 7592 5095 3970 3161 1953 6348 6188 1677 990 687 1754 1125 160 2214 2141 1527 1208 614 4511 2734 883 122 125
internal_count=26794 9509 17285 17163 14949 9854 2262 7592 5095 3970 3161 1953 6348 6188 1677 990 687 1754 1125 160 2214 2141 1527 1208 614 4511 2734 883 122 125
is_linear=0
shrinkage=0.05


Tree=54
num_leaves=31
num_cat=0
split_feature=2 3 4 4 4 4 4 0 0 0 4 0 4 4 0 3 0 3 4 2 4 0 0 0 3 0 0 4 4 4
split_gain=89.6931 18.6116 19.6397 58.9988 58.6414 17.9746 20.4132 16.6466 13.1831 17.4593 7.61969 7.1152 5.60305 10.0014 11.5412 11.8942 7.52912 7.15684 5.09701 26.4844 22.5907 16.8532 9.93622 9.61599 12.1059 8.23819 7.91976 5.49925 4.92212 4.59343
threshold=1.5000000000000002 1.0000000180025095e-35 1.5000000000000002 2.5000000000000004 1.0000000180025095e-35 4.5000000000000009 6.5000000000000009 5.5000000000000009 4.5000000000000009 3.5000000000000004 7.5000000000000009 3.5000000000000004 10.500000000000002 5.5000000000000009 1.0000000180025095e-35 1.0000000180025095e-35 1.5000000000000002 1.5000000000000002 1.0000000180025095e-35 1.0000000180025095e-35 2.5000000000000004 1.0000000180025095e-35 5.5000000000000009 1.0000000180025095e-35 1.5000000000000002 5.5000000000000009 6.5000000000000009 5.5000000000000009 3.5000000000000004 9.5000000000000018
decision_type=2 2 2 2 2 2 2 2 2 2 2 2 2 2 2 2 2 2 2 2 2 2 2 2 2 2 2 2 2 2
left_child=1 2 4 -4 8 28 -7 12 9 -1 -9 -6 13 14 15 -2 -16 29 19 21 -20 -3 -23 24 -21 27 -27 -22 -5 -15
right_child=7 18 3 5 11 6 -8 10 -10 -11 -12 -13 -14 17 16 -17 -18 -19 20 23 25 22 -24 -25 -26 26 -28 -29 -30 -31
leaf_value=-0.0044297748290217107 0.019694830126294013 -0.031220970879658128 -0.026099281219426625 0.00532653064975007 0.010920581416186119 -0.0065378945588652169 0.00089323206300925069 0.0075749317170291991 -0.00021641332889601631 -0.019481044391882779 -0.0016229471016186673 0.023774683183440379 0.0033701767211500172 0.001703868158853112 -0.0051688065923555949 0.0020612896504751117 0.0039422966079896912 -0.028588195389602333 0.030601267539145008 -0.003487564485654189 0.0024334148490077548 0.0086589303049549923 -0.021259014175406526 0.00044316250296279217 -0.022769046110171144 0.0095577995998648371 -0.007567825574973007 -0.0016388678802670609 0.022369427390788732 -0.0080675876144117569
leaf_weight=876 168 120 327 165 388 4009 1201 2917 1209 247 244 149 4516 199 455 222 452 32 62 653 1152 64 49 3043 93 382 82 2957 57 304
leaf_count=876 168 120 327 165 388 4009 1201 2917 1209 247 244 149 4516 199 455 222 452 32 62 653 1152 64 49 3043 93 382 82 2957 57 304
internal_value=-1.11638e-11 -0.00214567 -0.00378912 -0.00547286 -0.000409317 -0.00423117 -0.00482488 0.0039003 -0.0038396 -0.00774025 0.00686494 0.0144872 0.00242405 9.17848e-05 0.00246449 0.00965728 -0.000628323 -0.00566037 -0.000507732 -0.00181014 0.000622429 -0.0181718 -0.00431434 -0.000804 -0.00589129 0.000215981 0.00653129 -0.000497162 0.00970241 -0.00420174
internal_weight=26794 17285 8628 5759 2869 5432 5210 9509 2332 1123 3161 537 6348 1832 1297 390 907 535 8657 4022 4635 233 113 3789 746 4573 464 4109 222 503
internal_count=26794 17285 8628 5759 2869 5432 5210 9509 2332 1123 3161 537 6348 1832 1297 390 907 535 8657 4022 4635 233 113 3789 746 4573 464 4109 222 503
is_linear=0
shrinkage=0.05


Tree=55
num_leaves=31
num_cat=0
split_feature=2 7 7 7 7 4 4 7 7 7 1 7 4 4 4 7 1 1 7 7 4 4 7 7 2 4 4 4 7 7
split_gain=80.948 23.8346 41.346 24.3028 17.8373 20.5773 17.1038 16.45 17.7545 27.4778 14.9288 22.3083 13.0684 19.4764 18.817 14.9238 12.5985 9.36917 19.2301 28.1736 14.9942 8.00795 7.93151 7.75823 7.27225 7.26303 19.1139 17.9927 7.24205 6.85126
threshold=1.5000000000000002 0.36194251477718359 -0.21677906066179273 -0.49313485622406 1.0000000180025095e-35 12.500000000000002 11.500000000000002 -0.22003030031919477 -0.40535125136375422 -0.38259252905845637 1.0000000180025095e-35 -0.48663237690925593 5.5000000000000009 6.5000000000000009 1.0000000180025095e-35 1.0934725999832156 1.0000000180025095e-35 1.0000000180025095e-35 -0.54515478014945973 -0.457371175289154 7.5000000000000009 5.5000000000000009 -0.26229648292064661 1.0349501967430117 1.0000000180025095e-35 5.5000000000000009 6.5000000000000009 2.5000000000000004 1.6234254837036135 -0.23303528130054471
decision_type=2 2 2 2 2 2 2 2 2 2 2 2 2 2 2 2 2 2 2 2 2 2 2 2 2 2 2 2 2 2
left_child=1 2 3 -1 5 21 12 8 17 16 22 -12 14 15 24 -14 -10 18 20 -20 -2 -4 -5 -16 -3 27 -27 -6 -15 -11
right_child=7 6 4 10 25 -7 -8 -9 9 29 11 -13 13 28 23 -17 -18 -19 19 -21 -22 -23 -24 -25 -26 26 -28 -29 -30 -31
leaf_value=-0.00039836348617686645 0.011466321877010972 -0.01484961421862498 0.0034802897808423952 -0.007126936996452754 -0.0041701794752804274 -0.013550118713303368 0.01683309690637903 0.0013166381660206445 0.014257079674817118 0.0059414423105834824 -0.033589009393719914 0.001960209582440467 -0.0072855884831831141 0.0055587572420424808 0.014427815357589031 -0.01676316544006554 0.034089490458483002 0.0061287023640039552 -0.019378735435892559 0.0010541159121229362 -0.0014849669387225529 0.0085542683806201589 -0.015772492555432664 0.00066781269259081461 -0.0032121822756607356 -0.018426027321115587 0.0053732341193422984 0.011753963991645648 -0.0037244189652074983 0.019975064614030359
leaf_weight=3781 487 147 1716 2182 636 144 91 4100 206 1964 47 723 1947 287 210 528 131 1318 242 557 413 1422 302 200 1547 198 147 246 784 91
leaf_count=3781 487 147 1716 2182 636 144 91 4100 206 1964 47 723 1947 287 210 528 131 1318 242 557 413 1422 302 200 1547 198 147 246 784 91
internal_value=-9.29536e-12 -0.00203839 -0.000729041 -0.00312465 0.00300862 0.00493148 -0.00467122 0.00370528 0.00551587 0.00873303 -0.00629248 -0.000209678 -0.00501758 -0.00686987 -0.00189579 -0.00930747 0.0219664 0.00296517 0.000511063 -0.00513456 0.00552312 0.00577959 -0.00817805 0.00771562 -0.00422204 -0.00213468 -0.00828547 0.000271248 -0.00123677 0.00656288
internal_weight=26794 17285 11544 7035 4509 3282 5741 9509 5409 2392 3254 770 5650 3546 2104 2475 337 3017 1699 799 900 3138 2484 410 1694 1227 345 882 1071 2055
internal_count=26794 17285 11544 7035 4509 3282 5741 9509 5409 2392 3254 770 5650 3546 2104 2475 337 3017 1699 799 900 3138 2484 410 1694 1227 345 882 1071 2055
is_linear=0
shrinkage=0.05


Tree=56
num_leaves=31
num_cat=0
split_feature=2 7 7 7 6 7 7 7 7 7 7 7 6 0 6 6 0 2 0 7 2 6 7 7 0 0 6 6 6 7
split_gain=73.0556 21.5107 37.3482 22.0681 20.6821 16.0473 14.8544 15.2892 25.368 14.614 29.3652 119.577 18.2365 14.5128 13.176 12.2696 10.9679 28.2546 9.99763 9.78728 9.36088 8.06745 8.01467 22.8932 10.6204 13.4081 12.2267 6.89131 6.03242 5.64073
threshold=1.5000000000000002 0.36194251477718359 -0.22003030031919477 -0.49313485622406 15.500000000000002 1.0000000180025095e-35 -0.20377407222986219 -0.40535125136375422 -0.38259252905845637 1.4868732094764712 1.0934725999832156 1.0902213454246523 9.5000000000000018 1.0000000180025095e-35 7.5000000000000009 3.5000000000000004 1.0000000180025095e-35 1.0000000180025095e-35 1.5000000000000002 -0.48663237690925593 1.0000000180025095e-35 13.500000000000002 -0.10948797687888144 -0.11599046736955641 3.5000000000000004 1.5000000000000002 5.5000000000000009 11.500000000000002 9.5000000000000018 0.088837951421737685
decision_type=2 2 2 2 2 2 2 2 2 2 2 2 2 2 2 2 2 2 2 2 2 2 2 2 2 2 2 2 2 2
left_child=1 2 3 16 9 -4 7 21 14 10 11 -3 13 -11 18 -5 17 -1 -9 -17 -14 -2 23 -8 25 26 -24 -18 -10 -7
right_child=6 4 5 15 -6 29 22 8 28 12 -12 -13 20 -15 -16 19 27 -19 -20 -21 -22 -23 24 -25 -26 -27 -28 -29 -30 -31
leaf_value=3.1104321925786999e-06 0.0023740282642446511 -0.0062227807814359461 0.0046712488407704344 0.017634158799881807 0.020648770512622081 -0.0071281282499957681 -0.0019077200975251248 0.057768399718527999 0.0066019024409786605 -0.012103338836585983 -0.015671333727765493 0.045440239330817915 0.018452762757314722 -0.00014730925787175372 0.0053168232811941323 -0.025912184327367756 -0.00062045989670512797 0.023663124821814565 0.023751731943533139 -0.0060071213258551318 0.0026559967390312523 0.017911078047743719 -0.0091157508211054568 -0.050627420894801614 0.0076373191371022697 -0.036448038710902138 0.0022631113835451327 -0.0068799877092800337 -0.0082198403880629749 0.00022548953831561357
leaf_weight=597 2931 3250 3293 54 81 376 679 24 2073 368 704 116 148 818 97 63 2490 160 216 3126 256 86 263 25 714 24 2306 534 71 851
leaf_count=597 2931 3250 3293 54 81 376 679 24 2073 368 704 116 148 818 97 63 2490 160 216 3126 256 86 263 25 714 24 2306 534 71 851
internal_value=-1.74308e-12 -0.00193647 -0.000692589 -0.002974 -0.00443766 0.00285269 0.00352002 0.00520795 0.00811555 -0.00479667 -0.00638467 -0.00444236 -0.000731814 -0.00385711 0.0208681 -0.00600015 -0.000378445 0.00500391 0.0271534 -0.00640035 0.00844293 0.00281691 0.00120632 -0.00363782 0.00223755 0.00075069 0.00109821 -0.00172581 0.00611107 -0.00202794
internal_weight=26794 17285 11544 7024 5741 4520 9509 5498 2481 5660 4070 3366 1590 1186 337 3243 3781 757 240 3189 404 3017 4011 704 3307 2593 2569 3024 2144 1227
internal_count=26794 17285 11544 7024 5741 4520 9509 5498 2481 5660 4070 3366 1590 1186 337 3243 3781 757 240 3189 404 3017 4011 704 3307 2593 2569 3024 2144 1227
is_linear=0
shrinkage=0.05


Tree=57
num_leaves=31
num_cat=0
split_feature=2 7 7 7 4 7 4 7 7 7 4 4 4 0 0 0 0 0 4 0 7 2 4 7 7 0 4 7 4 7
split_gain=65.9326 19.4134 33.7068 19.9165 14.9594 14.4827 18.5392 13.4061 13.7985 22.8946 12.2157 17.7425 17.0385 12.1279 11.3703 10.0032 21.4722 9.14236 9.11339 25.3154 8.18042 8.47521 7.43502 7.23324 20.6611 9.58489 21.8166 11.5726 10.4869 15.0176
threshold=1.5000000000000002 0.36194251477718359 -0.22003030031919477 -0.49313485622406 11.500000000000002 1.0000000180025095e-35 12.500000000000002 -0.20377407222986219 -0.40535125136375422 -0.38259252905845637 5.5000000000000009 7.5000000000000009 1.0000000180025095e-35 1.0000000180025095e-35 1.0000000180025095e-35 3.5000000000000004 4.5000000000000009 3.5000000000000004 1.0000000180025095e-35 5.5000000000000009 -0.48663237690925593 1.0000000180025095e-35 5.5000000000000009 -0.10948797687888144 -0.11599046736955641 3.5000000000000004 10.500000000000002 0.10184292867779733 9.5000000000000018 0.10184292867779733
decision_type=2 2 2 2 2 2 2 2 2 2 2 2 2 2 2 2 2 2 2 2 2 2 2 2 2 2 2 2 2 2
left_child=1 2 3 15 10 6 22 8 -2 18 12 13 -3 -12 -14 -1 -17 -13 19 -10 -5 -22 -4 24 -9 26 27 -25 29 -27
right_child=7 4 5 20 -6 -7 -8 23 9 -11 11 17 14 -15 -16 16 -18 -19 -20 -21 21 -23 -24 25 -26 28 -28 -29 -30 -31
leaf_value=0.0026172364992483985 0.0026760683067960402 -0.0037350632948629117 0.0030339393230839804 -0.023123067820614036 0.015895388481094615 -0.0019265447754053114 -0.01310617523360836 -0.0018123340497372209 0.07367895651947369 0.005805516961367746 -0.0054281541850531084 0.0019640536799846518 0.02238238956591096 -0.012296783225306633 0.0029265854954968942 -0.012234654850678282 -1.2890419455831299e-05 -0.010597784002441601 -0.012070769594893569 0.018073024609613988 -0.0081871558643157091 -0.0029972725395922798 0.0079156791171528934 0.0073610312133298621 -0.048096052289009095 0.00049997848506212576 0.0039019037275863479 -0.0084683698791175061 -0.00065587164625123323 0.019217326251932686
leaf_weight=1616 3017 1694 1726 66 91 1227 144 679 22 2144 1460 759 99 1148 311 455 1710 179 21 294 1433 1744 1423 138 25 176 1748 707 264 274
leaf_count=1616 3017 1694 1726 66 91 1227 144 679 22 2144 1460 759 99 1148 311 455 1710 179 21 294 1433 1744 1423 138 25 176 1748 707 264 274
internal_value=-5.98353e-12 -0.00183965 -0.00065796 -0.0028253 -0.00421578 0.00271005 0.00443769 0.00334402 0.00494755 0.00770977 -0.00453969 -0.00633054 -0.00152147 -0.00845162 0.00762445 -0.000359523 -0.00258144 -0.000433141 0.0198247 0.0219443 -0.00570014 -0.00533819 0.00523995 0.00114601 -0.00345593 0.00212567 0.000713156 -0.00588321 0.00725545 0.0118968
internal_weight=26794 17285 11544 7024 5741 4520 3293 9509 5498 2481 5650 3546 2104 2608 410 3781 2165 938 337 316 3243 3177 3149 4011 704 3307 2593 845 714 450
internal_count=26794 17285 11544 7024 5741 4520 3293 9509 5498 2481 5650 3546 2104 2608 410 3781 2165 938 337 316 3243 3177 3149 4011 704 3307 2593 845 714 450
is_linear=0
shrinkage=0.05


Tree=58
num_leaves=31
num_cat=0
split_feature=0 4 7 3 7 0 4 4 4 3 7 0 7 0 7 7 7 7 7 4 3 7 7 7 7 7 7 3 3 7
split_gain=27.4832 37.3351 34.1422 53.0457 31.6836 27.0443 26.7663 15.6159 54.8787 51.5069 14.7398 13.8688 11.9934 11.5736 10.2485 9.11777 7.88261 6.51005 6.36097 17.6381 13.1971 7.51364 42.0871 7.75864 14.6275 8.50228 19.5137 9.19315 7.57451 17.1916
threshold=5.5000000000000009 10.500000000000002 0.030315545387566093 1.0000000180025095e-35 -0.99057531356811512 3.5000000000000004 7.5000000000000009 5.5000000000000009 1.0000000180025095e-35 1.0000000180025095e-35 0.87563917040824901 1.0000000180025095e-35 -0.24929150938987729 4.5000000000000009 0.79760929942131054 -1.1336300969123838 -1.0393440127372739 -0.49313485622406 0.12785288691520694 5.5000000000000009 1.0000000180025095e-35 -0.2883064448833465 -0.28180395066738123 -0.40535125136375422 -0.3858437836170196 -0.55815973877906788 -0.48663237690925593 1.5000000000000002 1.5000000000000002 -0.054216818884015076
decision_type=2 2 2 2 2 2 2 2 2 2 2 2 2 2 2 2 2 2 2 2 2 2 2 2 2 2 2 2 2 2
left_child=1 2 3 4 16 17 -6 8 13 10 -9 -11 -7 -4 -10 -3 -1 -5 21 20 -20 23 -23 25 -25 27 -27 -2 29 -24
right_child=18 15 7 5 6 12 -8 9 14 11 -12 -13 -14 -15 -16 -17 -18 -19 19 -21 -22 22 28 24 -26 26 -28 -29 -30 -31
leaf_value=0.0030701591065887316 0.0067942048556202603 -0.0075592271333368476 -0.0063459201162239095 0.010843243001023867 -0.0074208033106714574 -0.0046416325376839492 0.023037038154497341 -0.007726433193928902 0.015560379676954374 -0.028228151494327964 -0.00079086196699355382 -0.013885306092748129 0.019427126375111667 0.014444322149822678 0.0027080161851344713 0.0029141139207586155 0.026051244567124512 0.0052534847024101571 0.02440372636425309 -0.0035142204596150424 0.0070303100906987347 -0.03174081965722144 0.0022669166364076847 0.016271363677423083 0.0033809048345007386 -0.0088681006186356361 0.003901313049235871 -0.0058404063121471781 0.011004607743711738 -0.012159170254004842
leaf_weight=863 1085 216 2243 680 2858 878 74 1427 406 244 1654 545 55 69 251 5478 39 2226 160 259 345 100 1704 316 725 465 839 166 189 235
leaf_count=863 1085 216 2243 680 2858 878 74 1427 406 244 1654 545 55 69 251 5478 39 2226 160 259 345 100 1704 316 725 465 839 166 189 235
internal_value=3.52999e-12 -0.000914368 -0.00226064 2.89889e-05 -0.00413103 0.00418359 -0.00665209 -0.00482949 -0.00210172 -0.00692219 -0.00400315 -0.0183209 -0.00322279 -0.00572545 0.0106503 0.00251681 0.0040638 0.00656148 0.00280445 0.00709407 0.0125348 0.00224173 -3.9852e-05 0.00365535 0.00729386 0.00217289 -0.000652197 0.00511767 0.00144986 0.000518525
internal_weight=26794 20206 14512 7673 3834 3839 2932 6839 2969 3870 3081 789 933 2312 657 5694 902 2906 6588 764 505 5824 2228 3596 1041 2555 1304 1251 2128 1939
internal_count=26794 20206 14512 7673 3834 3839 2932 6839 2969 3870 3081 789 933 2312 657 5694 902 2906 6588 764 505 5824 2228 3596 1041 2555 1304 1251 2128 1939
is_linear=0
shrinkage=0.05


Tree=59
num_leaves=31
num_cat=0
split_feature=2 1 3 4 4 4 4 4 3 4 4 4 3 2 4 1 3 4 4 2 4 3 3 4 4 4 4 2 4 3
split_gain=55.4468 19.551 32.3041 24.7701 53.1487 41.9788 24.2679 22.1235 21.1693 22.1544 22.1394 24.5229 20.0563 18.2431 15.8218 13.2664 12.726 9.7964 10.8438 8.25082 20.8335 6.62669 5.92093 13.7076 7.28988 5.8819 5.70416 4.38241 2.96751 2.82114
threshold=1.5000000000000002 1.0000000180025095e-35 1.0000000180025095e-35 1.5000000000000002 1.0000000180025095e-35 2.5000000000000004 7.5000000000000009 1.0000000180025095e-35 1.0000000180025095e-35 5.5000000000000009 5.5000000000000009 6.5000000000000009 1.5000000000000002 1.0000000180025095e-35 2.5000000000000004 1.0000000180025095e-35 1.5000000000000002 7.5000000000000009 5.5000000000000009 1.0000000180025095e-35 4.5000000000000009 1.0000000180025095e-35 1.0000000180025095e-35 4.5000000000000009 1.0000000180025095e-35 3.5000000000000004 4.5000000000000009 1.0000000180025095e-35 4.5000000000000009 1.5000000000000002
decision_type=2 2 2 2 2 2 2 2 2 2 2 2 2 2 2 2 2 2 2 2 2 2 2 2 2 2 2 2 2 2
left_child=1 2 3 4 -1 -5 -7 27 10 19 -3 13 -11 -12 -9 22 17 18 21 20 -10 -17 23 24 -2 -16 -21 29 -18 -4
right_child=15 8 7 5 -6 6 -8 14 9 12 11 -13 -14 -15 25 16 28 -19 -20 26 -22 -23 -24 -25 -26 -27 -28 -29 -30 -31
leaf_value=-0.0050278705649556225 0.0014030703784454381 0.0018674182353830818 -0.0081114915685662845 -0.024224191573663865 0.013210760417576062 -0.0076266360195153 0.0011111248545886297 0.028503245352617196 -0.02403500998112303 -0.011005460516106041 0.029287027565344254 0.00014897804029608491 0.0017319166423494941 -0.0033200779992442297 -0.013236993618986823 0.011376162679465396 0.0069492027336835035 0.02224632967947 -0.0063210991092411614 0.0042548360143271824 0.0010924303429583981 0.0054651313273387687 0.0026396622110157969 -0.0072279176103211872 0.016906481118695367 0.0032977541469638018 0.027102626993187835 -0.0024256710351474326 -0.0030949727100779453 -0.026363339965554101
leaf_weight=1594 779 1104 114 327 533 3572 1022 62 93 834 245 179 491 52 55 794 90 109 145 1121 730 1177 5386 543 84 2435 28 2668 402 26
leaf_count=1594 779 1104 114 327 533 3572 1022 62 93 834 245 179 491 52 55 794 90 109 145 1121 730 1177 5386 543 84 2435 28 2668 402 26
internal_value=1.61062e-12 -0.00168703 -0.00274128 -0.00496611 -0.000457494 -0.00691487 -0.0056828 0.000184207 0.000995193 -0.00128524 0.00575378 0.0147675 -0.00628542 0.023578 0.00355376 0.0030666 0.00601939 0.0076285 0.00687551 0.00207442 -0.001747 0.00784634 0.00188539 -0.001004 0.00291209 0.00293253 0.00481161 -0.00287815 -0.00125762 -0.0115011
internal_weight=26794 17285 12408 7048 2127 4921 4594 5360 4877 3297 1580 476 1325 297 2552 9509 2717 2225 2116 1972 823 1971 6792 1406 863 2490 1149 2808 492 140
internal_count=26794 17285 12408 7048 2127 4921 4594 5360 4877 3297 1580 476 1325 297 2552 9509 2717 2225 2116 1972 823 1971 6792 1406 863 2490 1149 2808 492 140
is_linear=0
shrinkage=0.05


Tree=60
num_leaves=31
num_cat=0
split_feature=2 5 5 3 5 0 5 0 0 0 5 3 0 2 2 5 3 5 0 3 5 3 3 5 5 0 0 5 5 5
split_gain=50.0407 23.2001 17.6071 15.0699 14.662 13.3678 11.4023 12.187 10.9932 10.516 10.4544 9.6517 8.86414 7.70236 6.72817 6.50369 6.49277 6.48049 6.47474 6.12209 5.89968 10.747 5.65203 9.40461 8.058 5.58319 5.80158 4.15609 3.71537 3.47754
threshold=1.5000000000000002 83.500000000000014 27.500000000000004 1.0000000180025095e-35 66.500000000000014 1.0000000180025095e-35 51.500000000000007 4.5000000000000009 5.5000000000000009 1.0000000180025095e-35 43.500000000000007 1.0000000180025095e-35 4.5000000000000009 1.0000000180025095e-35 1.0000000180025095e-35 70.500000000000014 1.0000000180025095e-35 65.500000000000014 6.5000000000000009 1.5000000000000002 33.500000000000007 1.0000000180025095e-35 1.0000000180025095e-35 50.500000000000007 47.500000000000007 3.5000000000000004 1.0000000180025095e-35 29.500000000000004 44.500000000000007 44.500000000000007
decision_type=2 2 2 2 2 2 2 2 2 2 2 2 2 2 2 2 2 2 2 2 2 2 2 2 2 2 2 2 2 2
left_child=1 2 16 4 12 -6 7 -5 15 13 20 28 -4 -3 -8 22 18 29 -1 -11 21 -10 23 24 -2 26 -24 -27 -12 -13
right_child=8 9 3 6 5 -7 14 -9 10 19 11 17 -14 -15 -16 -17 -18 -19 -20 -21 -22 -23 25 -25 -26 27 -28 -29 -30 -31
leaf_value=0.0026246571271953583 -0.0030912504017442189 0.015017541136438326 -0.0055469262153070333 -0.0061621442818111712 0.01002901848270233 -0.0036102980752889865 -0.00084706706635285654 2.2758092314526033e-05 -0.01599522032538208 -0.0011418786565750693 -0.0054457959700741024 0.012198268404851359 -0.0012638346076825182 0.047831189073622229 0.0028633366769225573 0.0094734792257785 0.01741549929038131 -0.011407876191752972 0.027531397135721315 0.01587296270201324 0.011030725961935267 0.014057601724440852 0.001378086157921016 0.0059225766092095679 -0.019392197818473678 0.016495283790256665 0.005216417737203531 -0.005496108012296763 0.0084843675236905714 0.0010920175053423041
leaf_weight=777 640 169 5401 1635 344 376 2990 1553 59 207 51 75 1556 20 2066 259 93 101 27 71 866 60 3351 269 86 23 1394 326 779 1170
leaf_count=777 640 169 5401 1635 344 376 2990 1553 59 207 51 75 1556 20 2066 259 93 101 27 71 866 60 3351 269 86 23 1394 326 779 1170
internal_value=-8.24384e-13 -0.00160268 -0.00190792 -0.00229193 -0.00388602 0.00290626 -0.000807477 -0.00314924 0.00291327 0.00939015 0.00532245 0.00338783 -0.00458897 0.0184899 0.000669091 0.00171361 0.00490786 0.000772909 0.00346108 0.00320364 0.00959629 -0.000842537 0.00138354 -0.00206327 -0.00502222 0.00205679 0.00250572 -0.00404682 0.00762842 0.00176107
internal_weight=26794 17285 16818 15921 7677 720 8244 3188 9509 467 3161 2176 6957 189 5056 6348 897 1346 804 278 985 119 6089 995 726 5094 4745 349 830 1245
internal_count=26794 17285 16818 15921 7677 720 8244 3188 9509 467 3161 2176 6957 189 5056 6348 897 1346 804 278 985 119 6089 995 726 5094 4745 349 830 1245
is_linear=0
shrinkage=0.05


Tree=61
num_leaves=31
num_cat=0
split_feature=1 4 6 4 4 4 6 6 6 6 7 7 4 4 7 4 6 7 6 4 7 7 7 4 4 7 7 7 6 7
split_gain=28.7832 36.2991 23.086 25.0565 65.979 46.1384 40.0492 15.8049 14.3679 22.5286 24.0811 24.5024 22.8583 16.8494 18.5532 16.3933 13.0599 10.9661 10.2235 10.1009 10.0684 7.7739 7.35963 6.61845 6.14633 7.38847 6.64674 8.23259 7.85226 5.99739
threshold=1.0000000180025095e-35 10.500000000000002 14.500000000000002 1.5000000000000002 1.0000000180025095e-35 2.5000000000000004 4.5000000000000009 11.500000000000002 11.500000000000002 10.500000000000002 1.0902213454246523 1.0934725999832156 5.5000000000000009 5.5000000000000009 -0.024955614469945427 7.5000000000000009 5.5000000000000009 -1.1336300969123838 6.5000000000000009 8.5000000000000018 1.2267736196517947 -0.51914480328559864 -0.37609004974365229 2.5000000000000004 11.500000000000002 -0.15825664997100827 -0.34357759356498713 -0.20377407222986219 9.5000000000000018 1.3763308525085451
decision_type=2 2 2 2 2 2 2 2 2 2 2 2 2 2 2 2 2 2 2 2 2 2 2 2 2 2 2 2 2 2
left_child=1 2 3 4 16 20 -6 -7 9 12 13 -12 18 -11 -15 -14 -1 -3 21 -17 -5 -2 -20 -4 26 -26 28 -28 -19 -10
right_child=8 17 23 5 6 7 -8 -9 29 10 11 -13 15 14 -16 19 -18 24 22 -21 -22 -23 -24 -25 25 -27 27 -29 -30 -31
leaf_value=-0.0086582151800255261 -0.0010615826243883931 -0.0086191195264123215 -0.0098524461388587951 -0.027352571709633951 0.0078523290710738654 -0.0046528926548793509 0.037103138732051615 0.0035332453636559716 -0.0040783595303440353 0.012564804180655923 0.041573798990455171 0.0086353625598448239 -0.0076496015777148697 0.013526258995193101 -0.024617421264119914 0.021517880946870835 -0.001271055592662924 -0.0012113997498576744 0.0057916156462067487 0.00075558636436855132 -0.00042714358569355686 0.011014078652461698 0.0010726470856856931 0.017593136582091367 0.0044141413626106645 0.016620999111788361 0.0061778219348358988 0.0012920516051391218 -0.032997534247115261 0.01199131308333768
leaf_weight=671 160 211 25 263 520 5990 151 654 914 253 116 110 794 53 80 63 5523 681 1471 835 40 798 1885 181 481 167 1415 2207 20 62
leaf_count=671 160 211 25 263 520 5990 151 654 914 253 116 110 794 53 80 63 5523 681 1471 835 40 798 1885 181 481 167 1415 2207 20 62
internal_value=-2.08861e-11 -0.00103064 -0.00235246 -0.00260026 -0.000457963 -0.00471727 0.0144349 -0.00384709 0.00260577 0.00344098 0.0125798 0.0255418 0.00250975 0.00499066 -0.00941731 -0.00241563 -0.00207131 0.00254507 0.00444154 0.00221218 -0.0237981 0.00899727 0.00314106 0.0142624 0.00301894 0.00756004 0.00233825 0.00320077 -0.00211828 -0.00305754
internal_weight=26794 19200 14018 13812 6865 6947 671 6644 7594 6618 612 226 6006 386 133 1692 6194 5182 4314 898 303 958 3356 206 4971 648 4323 3622 701 976
internal_count=26794 19200 14018 13812 6865 6947 671 6644 7594 6618 612 226 6006 386 133 1692 6194 5182 4314 898 303 958 3356 206 4971 648 4323 3622 701 976
is_linear=0
shrinkage=0.05


Tree=62
num_leaves=31
num_cat=0
split_feature=2 5 5 5 0 5 3 5 0 5 0 3 5 2 5 3 0 5 3 5 3 3 5 5 0 0 2 5 5 0
split_gain=42.2614 19.7636 14.8141 13.4347 20.9927 14.4264 10.2818 10.6803 10.1105 9.58758 8.9919 8.67842 8.29754 6.95467 5.84587 5.77566 5.85303 5.74856 5.55043 5.07212 9.66808 4.86118 8.34853 7.21723 5.12286 5.38683 4.57309 3.66811 3.35662 3.28594
threshold=1.5000000000000002 83.500000000000014 27.500000000000004 50.500000000000007 1.0000000180025095e-35 48.500000000000007 1.0000000180025095e-35 66.500000000000014 5.5000000000000009 43.500000000000007 1.0000000180025095e-35 1.0000000180025095e-35 43.500000000000007 1.0000000180025095e-35 70.500000000000014 1.0000000180025095e-35 6.5000000000000009 65.500000000000014 1.5000000000000002 33.500000000000007 1.0000000180025095e-35 1.0000000180025095e-35 50.500000000000007 47.500000000000007 3.5000000000000004 1.0000000180025095e-35 1.0000000180025095e-35 29.500000000000004 44.500000000000007 1.0000000180025095e-35
decision_type=2 2 2 2 2 2 2 2 2 2 2 2 2 2 2 2 2 2 2 2 2 2 2 2 2 2 2 2 2 2
left_child=1 2 15 4 12 -6 7 -5 14 19 13 28 -4 -3 21 16 -1 -13 -12 20 -10 22 23 -2 25 -23 -8 -26 -11 -24
right_child=8 10 3 6 5 -7 26 -9 9 11 18 17 -14 -15 -16 -17 -18 -19 -20 -21 -22 24 29 -25 27 -27 -28 -29 -30 -31
leaf_value=0.0023374874353051626 -0.0029431554016218797 0.013788216203980193 -0.0058922608366718037 -0.0043329065678814503 -0.00091177042051656168 -0.008962329919011372 -0.00064032467130754596 0.0025126245427236427 -0.014970474039851609 -0.0052708610636638667 -0.0011851041096348118 0.001586130903556898 -0.012786574828510162 0.044968556649982928 0.0088837470907833001 0.016294001715047465 0.026018260474558231 -0.010816866587294211 0.015015876979212944 0.010410562003787267 0.013533934798712533 0.0011816581259159349 0.015331360818101811 -0.018370256858856179 0.015290132173053597 0.0048802464393116508 0.0023510359846959758 -0.0053699134823300548 0.0079696944903101721 0.0024220161241543135
leaf_weight=777 640 169 1573 2731 4402 637 3061 720 59 51 207 1245 604 20 259 93 27 101 71 866 60 3351 65 86 23 1394 2193 326 779 204
leaf_count=777 640 169 1573 2731 4402 637 3061 720 59 51 207 1245 604 20 259 93 27 101 71 866 60 3351 65 86 23 1394 2193 326 779 204
internal_value=1.54748e-11 -0.00147284 -0.00175458 -0.00210681 -0.00370208 -0.00192947 -0.00078441 -0.00290469 0.00267726 0.0049877 0.00867321 0.00313502 -0.00780506 0.0170877 0.00152677 0.00449728 0.00313274 0.000655445 0.00295256 0.00908053 -0.000598503 0.00121384 -0.00198275 -0.00477061 0.00183822 0.00226824 0.000608258 -0.00400836 0.00715612 0.00554137
internal_weight=26794 17285 16818 15921 7216 5039 8705 3451 9509 3161 467 2176 2177 189 6348 897 804 1346 278 985 119 6089 995 726 5094 4745 5254 349 830 269
internal_count=26794 17285 16818 15921 7216 5039 8705 3451 9509 3161 467 2176 2177 189 6348 897 804 1346 278 985 119 6089 995 726 5094 4745 5254 349 830 269
is_linear=0
shrinkage=0.05


Tree=63
num_leaves=31
num_cat=0
split_feature=2 7 7 7 7 4 4 4 7 7 7 7 7 7 7 0 7 0 2 7 4 0 7 7 7 4 4 7 7 0
split_gain=38.141 13.4323 27.246 14.0652 12.8767 17.5719 15.6688 11.2217 10.6307 11.3161 17.9531 9.09612 27.3561 86.6615 8.4395 7.95764 8.10678 7.95545 23.0035 7.51622 7.51406 24.2136 6.74049 10.4781 11.1449 8.72916 6.95696 6.41174 17.7427 7.80638
threshold=1.5000000000000002 0.41071118414402014 -0.22003030031919477 -0.49313485622406 -0.0086993912700563652 12.500000000000002 5.5000000000000009 11.500000000000002 -0.20377407222986219 -0.40535125136375422 -0.38259252905845637 1.4868732094764712 1.0934725999832156 1.0902213454246523 -0.48663237690925593 1.0000000180025095e-35 0.16686782985925677 1.0000000180025095e-35 1.0000000180025095e-35 -0.2883064448833465 1.0000000180025095e-35 5.5000000000000009 -0.56466224789619435 -0.49313485622406 -0.44761744141578669 6.5000000000000009 7.5000000000000009 -0.10948797687888144 -0.11599046736955641 3.5000000000000004
decision_type=2 2 2 2 2 2 2 2 2 2 2 2 2 2 2 2 2 2 2 2 2 2 2 2 2 2 2 2 2 2
left_child=1 2 3 17 5 6 -4 11 9 22 20 12 13 -3 -5 16 -6 18 -1 -16 21 -11 25 26 -25 -2 -24 28 -10 -29
right_child=8 7 4 14 15 -7 -8 -9 27 10 -12 -13 -14 -15 19 -17 -18 -19 -20 -21 -22 -23 23 24 -26 -27 -28 29 -30 -31
leaf_value=-0.00025996379377674333 0.0064093525139478809 -0.0046177439852526361 0.0030801209997148794 -0.022516423435599515 -0.013146659766736369 -0.012160507286211618 0.011561028461989267 0.014196835956379271 -0.0022235533378233744 0.069721834090622992 0.0047864961954650455 -0.00047481860913386304 -0.013921410154217091 0.039396035106017677 -0.0030518390921262985 0.001337017729274593 -0.00039240230969717299 -0.0014792119208534864 0.021088538189796963 -0.0086759649471738979 -0.011760951741598547 0.015339468666479042 -0.0099265702253606841 0.010835130104000269 -0.0010926047522903826 -0.0017528487260853199 0.0086110041468893585 0.00023369524371612716 -0.045114021160639825 0.0061379020528444577
leaf_weight=597 1163 3117 1697 66 219 144 802 89 679 22 2144 1564 703 116 2386 1521 289 3024 160 791 21 294 356 270 713 456 59 2593 25 714
leaf_count=597 1163 3117 1697 66 219 144 802 89 679 22 2144 1564 703 116 2386 1521 289 3024 160 791 21 294 356 270 713 456 59 2593 25 714
internal_value=1.69607e-11 -0.0013992 -0.000435683 -0.00240385 0.0025233 0.00482323 0.00580188 -0.00341553 0.0025434 0.00397133 0.00647277 -0.00370053 -0.0049823 -0.00303853 -0.00481975 -0.000472607 -0.00589079 -0.000331703 0.00425227 -0.00445212 0.0172009 0.0191256 0.00191429 -0.000629007 0.00218358 0.00411042 -0.00729111 0.000586086 -0.00374665 0.00150845
internal_weight=26794 17285 11696 7024 4672 2643 2499 5589 9509 5498 2481 5500 3936 3233 3243 2029 508 3781 757 3177 337 316 3017 1398 983 1619 415 4011 704 3307
internal_count=26794 17285 11696 7024 4672 2643 2499 5589 9509 5498 2481 5500 3936 3233 3243 2029 508 3781 757 3177 337 316 3017 1398 983 1619 415 4011 704 3307
is_linear=0
shrinkage=0.05


Tree=64
num_leaves=31
num_cat=0
split_feature=7 7 7 7 6 5 5 5 5 0 7 0 7 7 5 5 5 7 5 0 5 5 0 7 0 6 6 5 5 6
split_gain=18.4783 16.8002 24.8187 74.1881 21.1851 22.8474 15.9564 11.5227 11.9735 19.9991 41.3807 14.8137 42.8144 25.1702 14.9725 12.7106 12.3685 12.2536 11.7373 10.3765 8.66236 7.96477 7.72988 6.71072 6.60239 7.58192 5.72809 5.527 5.62627 3.59055
threshold=0.41071118414402014 1.4868732094764712 1.0934725999832156 1.0902213454246523 9.5000000000000018 88.500000000000014 71.500000000000014 10.500000000000002 57.500000000000007 4.5000000000000009 -2.0927473306655879 3.5000000000000004 -1.6261937022209165 -0.30131141841411585 65.500000000000014 71.500000000000014 62.500000000000007 0.12785288691520694 42.500000000000007 3.5000000000000004 29.500000000000004 58.500000000000007 1.5000000000000002 0.58952966332435619 1.0000000180025095e-35 9.5000000000000018 12.500000000000002 26.500000000000004 39.500000000000007 8.5000000000000018
decision_type=2 2 2 2 2 2 2 2 2 2 2 2 2 2 2 2 2 2 2 2 2 2 2 2 2 2 2 2 2 2
left_child=7 2 3 4 23 -6 20 -1 9 10 22 12 16 -14 29 -16 -10 18 -11 -12 -3 27 -9 -2 25 -22 -23 -4 -29 -13
right_child=1 6 21 -5 5 -7 -8 8 11 17 19 14 13 -15 15 -17 -18 -19 -20 -21 24 26 -24 -25 -26 -27 -28 28 -30 -31
leaf_value=0.013872865348442641 -0.0038894185419487133 -0.0072103285086752471 0.019139969758689406 0.03742623272640952 -0.0094332222446694425 0.01966173096861638 0.019480663799756284 -0.035414689550213894 -0.0078010695853403637 0.004831731639579874 -0.00064005255724421464 0.011079928760423142 -0.009811779938330295 0.0041689445828218619 -0.010035509316247351 0.0018633497875804703 0.020538876777428133 0.015160054213766542 7.5385022783299591e-05 -0.0075046605512673371 -0.0044532683043926559 -0.01748815911112633 -0.013222297521737906 0.001595899734316104 0.0026932435320965297 0.010730588520559112 -0.00044973127743495368 -0.018418270858907789 -0.0052682463315074542 0.0024542883802918004
leaf_weight=169 859 351 20 116 1359 71 111 99 42 1988 6552 147 369 2524 559 375 462 175 3732 601 709 414 65 1589 1959 93 56 99 456 673
leaf_count=169 859 351 20 116 1359 71 111 99 42 1988 6552 147 369 2524 559 375 462 175 3732 601 709 414 65 1589 1959 93 56 99 456 673
internal_value=5.11948e-12 -0.00196653 -0.00376973 -0.00197482 -0.0031534 -0.00798865 0.000852675 0.000876726 0.000757119 -4.00848e-05 -0.00178617 0.0028019 0.00472864 0.00238571 -0.000929651 -0.00525813 0.0181772 0.0021272 0.00172846 -0.00121682 0.000188244 -0.0106299 -0.0266189 -0.000328891 0.00112881 -0.00269255 -0.015458 -0.00668336 -0.00761393 0.00400059
internal_weight=26794 8262 5039 3994 3878 1430 3223 18532 18363 13212 7317 5151 3397 2893 1754 934 504 5895 5720 7153 3112 1045 164 2448 2761 802 470 575 555 820
internal_count=26794 8262 5039 3994 3878 1430 3223 18532 18363 13212 7317 5151 3397 2893 1754 934 504 5895 5720 7153 3112 1045 164 2448 2761 802 470 575 555 820
is_linear=0
shrinkage=0.05


Tree=65
num_leaves=31
num_cat=0
split_feature=2 1 4 6 4 4 4 1 6 4 4 6 6 2 4 2 6 4 4 6 6 4 4 6 6 4 6 6 4 6
split_gain=33.8238 13.7565 16.3556 13.5135 13.3928 55.6314 38.7934 9.97377 8.52608 12.0056 10.9717 7.9228 24.4417 12.6852 16.6766 9.10401 6.93236 6.41251 5.19089 4.97476 4.36372 4.06748 4.40174 4.00226 3.79229 3.23049 3.20267 2.96829 6.18525 2.82258
threshold=1.5000000000000002 1.0000000180025095e-35 7.5000000000000009 14.500000000000002 1.5000000000000002 1.0000000180025095e-35 2.5000000000000004 1.0000000180025095e-35 4.5000000000000009 5.5000000000000009 11.500000000000002 11.500000000000002 10.500000000000002 1.0000000180025095e-35 1.0000000180025095e-35 1.0000000180025095e-35 6.5000000000000009 10.500000000000002 4.5000000000000009 12.500000000000002 9.5000000000000018 4.5000000000000009 5.5000000000000009 11.500000000000002 12.500000000000002 12.500000000000002 16.500000000000004 2.5000000000000004 9.5000000000000018 6.5000000000000009
decision_type=2 2 2 2 2 2 2 2 2 2 2 2 2 2 2 2 2 2 2 2 2 2 2 2 2 2 2 2 2 2
left_child=1 2 3 4 5 -1 -6 19 -9 23 17 12 13 14 -3 25 -15 -11 -5 20 27 -22 -23 29 -25 -14 -13 28 -2 -10
right_child=7 11 -4 18 6 -7 -8 8 9 10 -12 26 15 16 -16 -17 -18 -19 -20 -21 21 22 -24 24 -26 -27 -28 -29 -30 -31
leaf_value=-0.0031713408609939501 0.012432858736856896 -0.02021887429466894 0.0025110418808513453 -0.0071660729994376506 -0.022189272390125265 0.013118125812425436 -0.0037986403716863864 0.02678637225604193 0.010701158861956644 -0.011488275100978522 0.03045401920378208 -0.0045770460084147216 0.015391330486993496 0.0071397223950049179 -0.0015527695249309549 -0.0054345989543380163 0.00092485227020215025 0.00029225630857917953 0.015924467950970904 0.014728109279404517 -0.0086240381393447949 0.01409920902886227 -0.0044407283372873826 -0.0047866714958217926 0.0096126910749086136 -0.0042503494557670574 0.011362363945227117 0.001686804532304554 -0.012350423845280078 0.0060297878437141125
leaf_weight=4401 34 131 1603 30 303 595 5347 44 413 169 25 700 432 647 1382 66 1464 365 129 69 209 51 86 144 67 22 33 6246 97 1490
leaf_count=4401 34 131 1603 30 303 595 5347 44 413 169 25 700 432 647 1382 66 1464 365 129 69 209 51 86 144 67 22 33 6246 97 1490
internal_value=-1.11919e-11 -0.00131763 -0.00220197 -0.00290117 -0.00311727 -0.00123134 -0.0047849 0.00239513 0.00495541 0.00459605 -0.00192038 0.000932268 0.00177984 0.000325272 -0.00316894 0.011917 0.00282965 -0.00343604 0.0115678 0.00137095 0.00123386 -0.00423488 0.002461 0.00631917 -0.000214362 0.0144395 -0.00385945 0.00153058 -0.00591812 0.0070436
internal_weight=26794 17285 12408 10805 10646 4996 5650 9509 2717 2673 559 4877 4144 3624 1513 520 2111 534 159 6792 6723 346 137 2114 211 454 733 6377 131 1903
internal_count=26794 17285 12408 10805 10646 4996 5650 9509 2717 2673 559 4877 4144 3624 1513 520 2111 534 159 6792 6723 346 137 2114 211 454 733 6377 131 1903
is_linear=0
shrinkage=0.05


Tree=66
num_leaves=31
num_cat=0
split_feature=2 5 1 5 0 5 0 1 0 5 5 0 0 2 5 0 5 5 0 0 5 5 5 5 5 1 5 5 5 5
split_gain=30.526 15.036 13.0419 12.7687 14.1474 26.8195 16.1575 9.00133 6.91968 6.89604 7.47617 29.8904 16.4124 5.84328 5.52161 5.05485 7.6414 5.20071 4.26657 17.0856 10.5507 4.33827 4.02125 3.62902 3.23984 3.22907 3.21226 2.77638 1.719 1.49723
threshold=1.5000000000000002 83.500000000000014 1.0000000180025095e-35 31.500000000000004 4.5000000000000009 68.500000000000014 3.5000000000000004 1.0000000180025095e-35 1.0000000180025095e-35 81.500000000000014 66.500000000000014 4.5000000000000009 1.0000000180025095e-35 1.0000000180025095e-35 27.500000000000004 3.5000000000000004 61.500000000000007 8.5000000000000018 3.5000000000000004 5.5000000000000009 45.500000000000007 41.500000000000007 44.500000000000007 77.500000000000014 46.500000000000007 1.0000000180025095e-35 11.500000000000002 94.500000000000014 35.500000000000007 8.5000000000000018
decision_type=2 2 2 2 2 2 2 2 2 2 2 2 2 2 2 2 2 2 2 2 2 2 2 2 2 2 2 2 2 2
left_child=1 2 3 26 6 -6 -5 15 13 10 12 -12 -4 25 -9 17 24 -2 21 20 -20 -16 -21 28 -17 -3 29 -10 -19 -1
right_child=7 8 9 4 5 -7 -8 14 27 -11 11 -13 -14 -15 18 16 -18 23 19 22 -22 -23 -24 -25 -26 -27 -28 -29 -30 -31
leaf_value=0.0045174845863647497 -0.01308949154934713 0.017149309444034266 -0.0049901321489631244 -0.0032617907466437066 -0.00095875669669298863 0.02121843660295579 -0.011130313501478389 0.024438835917306799 0.00050133175181248525 -0.020481309206470066 0.0096046552835271359 -0.010848150553348928 0.0021580143906248126 0.040535681173205378 -0.0010465943770461971 0.0063440546647361446 -0.0065355100540508484 -0.0031345452794498256 -0.026411766153095026 0.0097907887211837116 -0.0029027562654770382 0.0087871519263487182 0.0038975441004341174 0.012372242765357862 0.0020265559658930155 0.0027588379928139878 0.0016254710500565991 0.014593115094594839 0.00072902796429812544 0.015737895718317664
leaf_weight=58 70 108 1181 7454 2558 144 715 35 237 38 755 234 2509 20 132 989 174 308 56 404 323 746 1021 65 775 61 1111 41 4411 61
leaf_count=58 70 108 1181 7454 2558 144 715 35 237 38 755 234 2509 20 132 989 174 308 56 404 323 746 1021 65 775 61 1111 41 4411 61
internal_value=1.2589e-11 -0.00125175 -0.00149749 -0.0023668 -0.00291313 0.000223151 -0.00395049 0.00227538 0.00759799 0.000732641 0.000904928 0.00476547 -0.00012978 0.0149795 0.00470764 0.0013024 0.00346113 0.00044051 0.00445014 0.00305888 -0.00637638 0.00730873 0.00556833 0.000638482 0.00444719 0.0119551 0.00246173 0.00257962 0.00047686 0.0102691
internal_weight=26794 17285 16818 12101 10871 2702 8169 9509 467 4717 4679 989 3690 189 2717 6792 1938 4854 2682 1804 379 878 1425 4784 1764 169 1230 278 4719 119
internal_count=26794 17285 16818 12101 10871 2702 8169 9509 467 4717 4679 989 3690 189 2717 6792 1938 4854 2682 1804 379 878 1425 4784 1764 169 1230 278 4719 119
is_linear=0
shrinkage=0.05


Tree=67
num_leaves=31
num_cat=0
split_feature=1 4 0 5 5 5 4 5 5 4 0 4 0 5 0 5 5 5 5 0 0 4 5 5 0 5 0 5 5 5
split_gain=19.4333 25.821 21.1296 19.0219 18.0166 13.6344 18.2504 15.3576 12.1872 13.3128 13.3116 12.2475 9.54201 8.54713 6.31195 6.25867 21.2789 6.62664 6.23838 8.7927 5.93685 5.32778 3.89041 6.64379 22.0935 6.16107 3.10956 3.09007 2.82642 2.29867
threshold=1.0000000180025095e-35 10.500000000000002 4.5000000000000009 83.500000000000014 71.500000000000014 31.500000000000004 1.5000000000000002 50.500000000000007 26.500000000000004 5.5000000000000009 2.5000000000000004 10.500000000000002 1.0000000180025095e-35 44.500000000000007 1.0000000180025095e-35 66.500000000000014 67.500000000000014 61.500000000000007 38.500000000000007 6.5000000000000009 1.0000000180025095e-35 13.500000000000002 92.500000000000014 70.500000000000014 4.5000000000000009 58.500000000000007 5.5000000000000009 52.500000000000007 8.5000000000000018 31.500000000000004
decision_type=2 2 2 2 2 2 2 2 2 2 2 2 2 2 2 2 2 2 2 2 2 2 2 2 2 2 2 2 2 2
left_child=1 2 3 5 18 6 -1 -7 20 22 15 13 -5 -12 27 17 -17 -11 26 -20 -2 -13 23 25 -25 -10 -4 -3 -22 -16
right_child=8 14 4 12 -6 7 -8 -9 9 10 11 21 -14 -15 29 16 -18 -19 19 -21 28 -23 -24 24 -26 -27 -28 -29 -30 -31
leaf_value=0.0071368289477545636 0.0018917111291860541 0.0018045888279921249 0.017859898750172104 0.016926759220950771 0.019715325071639013 -0.0068391617710858296 -0.0047575488662105342 -0.0025060800565796281 0.0026861589763680668 0.000866777013871535 -0.044538539648056034 -0.0052923231605023864 9.9754593605120523e-05 -0.014954769208539024 -0.0029204039850263199 0.023430962370087703 0.00013809243814716526 -0.0066919789322604055 -9.5458116775054097e-05 -0.021440058916198965 0.022438671295531093 0.021779891131445767 0.016345654686161303 0.010372336486396095 -0.01294300269372043 0.0068337395429228067 0.0039690976396044046 -0.0015967944627787089 0.046704633701592689 0.0047475171382124932
leaf_weight=645 24 2209 43 168 126 3534 645 4853 3510 899 32 199 169 103 103 120 536 428 3147 49 30 20 57 179 235 1202 639 957 20 1913
leaf_count=645 24 2209 43 168 126 3534 645 4853 3510 899 32 199 169 103 103 120 536 428 3147 49 30 20 57 179 235 1202 639 957 20 1913
internal_value=1.34033e-11 -0.000846855 -0.00196169 -0.00318918 0.00110824 -0.00359584 0.00118964 -0.0043319 0.00214111 0.00194242 -0.00119056 -0.0101219 0.00848829 -0.0219672 0.00216893 0.000403832 0.00439898 -0.00157116 0.000503677 -0.000422706 0.0223332 -0.00281997 0.00335507 0.00321062 -0.00286222 0.00374418 0.00484491 0.000776439 0.0321451 0.00435575
internal_weight=26794 19200 14018 10014 4004 9677 1290 8387 7594 7520 2337 354 337 135 5182 1983 656 1327 3878 3196 74 219 5183 5126 414 4712 682 3166 50 2016
internal_count=26794 19200 14018 10014 4004 9677 1290 8387 7594 7520 2337 354 337 135 5182 1983 656 1327 3878 3196 74 219 5183 5126 414 4712 682 3166 50 2016
is_linear=0
shrinkage=0.05


Tree=68
num_leaves=31
num_cat=0
split_feature=2 7 7 7 7 7 4 7 4 7 7 4 4 4 0 4 0 7 7 7 0 0 4 0 7 7 7 7 4 4
split_gain=25.7654 9.98147 25.1988 13.1791 26.5964 13.8573 12.3592 13.2118 14.0224 12.3519 11.6292 10.353 9.81695 13.5149 17.894 13.451 9.14857 8.57462 11.0023 15.2579 8.23188 8.09798 6.68497 21.7175 6.10845 6.05325 9.35637 10.1647 7.17249 6.34237
threshold=1.5000000000000002 0.36194251477718359 -0.22003030031919477 -0.2883064448833465 -0.29480892419815058 -0.28505519032478327 12.500000000000002 -0.0086993912700563652 5.5000000000000009 -0.29155768454074854 -0.32407012581825251 11.500000000000002 5.5000000000000009 6.5000000000000009 1.0000000180025095e-35 1.0000000180025095e-35 1.0000000180025095e-35 -0.20377407222986219 -0.40535125136375422 -0.38259252905845637 1.0000000180025095e-35 3.5000000000000004 1.0000000180025095e-35 5.5000000000000009 -0.15500540286302564 -0.56466224789619435 -0.49313485622406 -0.43786370754241938 6.5000000000000009 7.5000000000000009
decision_type=2 2 2 2 2 2 2 2 2 2 2 2 2 2 2 2 2 2 2 2 2 2 2 2 2 2 2 2 2 2
left_child=1 2 3 4 10 -5 7 8 -4 -6 -1 12 15 14 -14 -3 -17 18 25 22 -7 -15 23 -20 -19 28 29 -28 -2 -27
right_child=17 11 6 5 9 20 -8 -9 -10 -11 -12 -13 13 21 -16 16 -18 24 19 -21 -22 -23 -24 -25 -26 26 27 -29 -30 -31
leaf_value=-0.001287567843873659 0.0055096048545829075 -0.0023843610954506394 0.0029756996028007503 -0.044888724274933345 0.029861613313610459 0.0067146462763316541 -0.0090332492716312159 -6.4310895096037762e-05 0.010998687482432596 -0.0028226664153541011 -0.0097089581580556573 0.013876847292368228 -0.0030643458381717937 0.0020343217476907712 -0.011651067544694962 0.02094649604399397 0.0034946745926726884 -0.004965917034160214 0.065462322668595752 0.0042848303928730638 -0.009011083753136211 -0.0091655579490547128 -0.011587850671882432 0.013959235928083145 0.0010511359857222713 -0.0098773633485353882 0.0076154620602981969 -0.0026997055748854003 -0.0018891058504602388 0.0078224503443087064
leaf_weight=5652 1163 1694 1697 25 98 95 217 1804 802 41 442 91 1410 873 1065 99 311 479 22 2144 671 198 21 294 3532 356 409 574 456 59
leaf_count=5652 1163 1694 1697 25 98 95 217 1804 802 41 442 91 1410 873 1065 99 311 479 22 2144 671 198 21 294 3532 356 409 574 456 59
internal_value=3.50509e-12 -0.00115001 -0.000302691 -0.00217664 -0.0014051 -0.00825634 0.0026094 0.00319654 0.0055505 0.0202209 -0.00189837 -0.00285381 -0.00312327 -0.00472869 -0.00675924 -0.000417567 0.00770865 0.00209044 0.00337287 0.00583939 -0.00706076 -3.62442e-05 0.0157295 0.0175449 0.00033257 0.00134455 -0.00106561 0.00159216 0.00342572 -0.007361
internal_weight=26794 17285 11544 7024 6233 791 4520 4303 2499 139 6094 5741 5650 3546 2475 2104 410 9509 5498 2481 766 1071 337 316 4011 3017 1398 983 1619 415
internal_count=26794 17285 11544 7024 6233 791 4520 4303 2499 139 6094 5741 5650 3546 2475 2104 410 9509 5498 2481 766 1071 337 316 4011 3017 1398 983 1619 415
is_linear=0
shrinkage=0.05


Tree=69
num_leaves=31
num_cat=0
split_feature=7 4 7 7 7 6 4 5 7 5 4 4 4 6 4 4 7 5 7 7 5 5 5 5 5 4 7 7 7 7
split_gain=13.8377 16.0731 12.6571 18.5669 60.168 16.9735 16.3481 9.48074 19.3043 19.642 13.484 28.2584 9.36472 10.3946 17.983 12.7978 11.3264 11.2953 10.5983 8.91716 8.55521 7.97791 7.93377 7.47155 6.82167 5.76157 5.21572 7.83669 6.62529 5.25008
threshold=0.41071118414402014 11.500000000000002 1.5518980622291567 1.0934725999832156 1.0902213454246523 9.5000000000000018 8.5000000000000018 57.500000000000007 -1.3579659461975095 26.500000000000004 8.5000000000000018 1.5000000000000002 10.500000000000002 10.500000000000002 4.5000000000000009 2.5000000000000004 -0.080226775258779512 67.500000000000014 -0.34357759356498713 -0.65569707751274098 67.500000000000014 29.500000000000004 51.500000000000007 26.500000000000004 75.500000000000014 1.5000000000000002 -0.44111494719982142 -0.17451287060976026 1.0000000180025095e-35 -0.23953776806592939
decision_type=2 2 2 2 2 2 2 2 2 2 2 2 2 2 2 2 2 2 2 2 2 2 2 2 2 2 2 2 2 2
left_child=7 2 3 4 5 -2 23 8 22 19 11 -11 13 15 18 16 -9 -17 -15 25 -16 -4 -1 -5 -23 -10 -14 29 -29 -28
right_child=1 -3 21 6 -6 -7 -8 12 9 10 -12 -13 26 14 20 17 -18 -19 -20 -21 -22 24 -24 -25 -26 -27 27 28 -30 -31
leaf_value=-0.010455009111008551 -0.00034657953560112418 0.017026172975589216 -0.006515297596218131 0.017523166313767432 0.033630945713355627 -0.0072353701193455652 0.00061136229768461617 0.0052456605916709779 0.0091974281743033865 0.00081227889695242514 0.0029058351111656174 -0.0056299092711593309 -0.013536041012965142 -0.021067225571749802 -0.0045050986749785287 0.01247941775181971 -0.0073394674784181997 -0.024733403573433559 -0.00070479756279856086 0.016314353117495347 0.0039883748634578229 0.0011009334476065767 -0.00038109446797081282 -0.013405530631231767 0.01702721825382416 -0.0042332727877118703 0.0053750822753753777 -0.0073955881179930353 0.0072401524793822324 0.032746934484351765
leaf_weight=587 2392 113 350 20 116 1428 319 1015 207 6408 3176 2318 100 133 350 704 217 21 123 262 1939 2630 293 825 69 130 86 341 100 22
leaf_count=587 2392 113 350 20 116 1428 319 1015 207 6408 3176 2318 100 133 350 704 217 21 123 262 1939 2630 293 825 69 130 86 341 100 22
internal_value=2.04295e-12 -0.00170178 -0.00196147 -0.0034851 -0.0018445 -0.00292176 -0.00903271 0.000758692 5.70239e-05 0.000560898 0.000116273 -0.000899043 0.00258145 0.0033909 0.0012841 0.0061307 0.00302896 0.0114015 -0.0112837 0.0093955 0.00268968 0.000587071 -0.00710085 -0.0126735 0.00150809 0.00401645 -0.00303358 -0.00112057 -0.00407683 0.0109508
internal_weight=26794 8262 8149 5100 3936 3820 1164 18532 13381 12501 11902 8726 5151 4502 2545 1957 1232 725 256 599 2289 3049 880 845 2699 337 649 549 441 108
internal_count=26794 8262 8149 5100 3936 3820 1164 18532 13381 12501 11902 8726 5151 4502 2545 1957 1232 725 256 599 2289 3049 880 845 2699 337 649 549 441 108
is_linear=0
shrinkage=0.05


Tree=70
num_leaves=31
num_cat=0
split_feature=2 5 4 5 5 0 4 4 4 4 0 5 4 2 4 4 5 4 5 4 0 5 5 0 0 5 5 0 4 5
split_gain=22.1614 11.8761 9.21695 15.5096 25.7919 20.7715 16.3935 8.30475 8.54784 8.25983 6.8997 7.26032 9.2356 5.69987 5.51918 7.02289 4.14462 4.03136 13.4076 11.4401 6.54768 3.68229 5.7156 3.31258 3.24962 2.93878 2.67771 2.675 2.59635 2.51408
threshold=1.5000000000000002 83.500000000000014 7.5000000000000009 30.500000000000004 51.500000000000007 5.5000000000000009 5.5000000000000009 1.0000000180025095e-35 1.5000000000000002 12.500000000000002 5.5000000000000009 43.500000000000007 1.0000000180025095e-35 1.0000000180025095e-35 12.500000000000002 13.500000000000002 61.500000000000007 1.0000000180025095e-35 50.500000000000007 4.5000000000000009 1.0000000180025095e-35 30.500000000000004 9.5000000000000018 1.0000000180025095e-35 5.5000000000000009 94.500000000000014 33.500000000000007 1.0000000180025095e-35 10.500000000000002 20.500000000000004
decision_type=2 2 2 2 2 2 2 2 2 2 2 2 2 2 2 2 2 2 2 2 2 2 2 2 2 2 2 2 2 2
left_child=1 2 3 7 5 -5 -6 -1 -9 10 17 12 26 23 21 24 -13 18 20 29 -2 22 -4 -3 -16 -25 -12 -23 -21 -19
right_child=9 13 14 4 6 -7 -8 8 -10 -11 11 16 -14 -15 15 -17 -18 19 -20 28 -22 27 -24 25 -26 -27 -28 -29 -30 -31
leaf_value=-0.010050364504683258 -0.00074553158195627919 0.010631879976022019 0.010558280677887033 -0.0069165131457959265 0.0018672364209029121 -0.00079937306685386406 -0.0026895339238288325 0.0099406090688621898 -0.0030171987614566517 0.033261901140213011 0.0011357289711290068 0.0029900069718371437 -0.0086215827838484072 0.025629647384900908 -0.0057151534083105492 0.020811958651756869 -0.0036086021652462319 0.0036074110240276371 0.0038259571729052175 -0.0010713167479333393 -0.017415882945255919 0.00044647033916224823 -0.0050098627429693366 -0.00054337857291102414 -0.025865462003275753 0.014499453111171821 0.0097750253890659649 0.0050478733380433715 0.001576354195758498 0.023300554251796765
leaf_weight=81 91 169 74 3699 4228 2221 3702 535 167 21 101 1902 83 37 221 24 272 21 316 1166 167 441 290 223 22 38 801 1113 4497 71
leaf_count=81 91 169 74 3699 4228 2221 3702 535 167 21 101 1902 83 37 221 24 272 21 316 1166 167 441 290 223 22 38 801 1113 4497 71
internal_value=-1.69359e-12 -0.00106655 -0.00128495 -0.00173726 -0.0021243 -0.00462155 -0.000260023 0.00510891 0.00685805 0.00193873 0.0018694 0.00377789 0.007339 0.00679848 0.00174418 -0.00499102 0.00216442 0.000916813 -0.00307891 0.00131534 -0.011536 0.00268177 -0.00184491 0.00517812 -0.00753946 0.00164677 0.00880765 0.00374207 0.0010312 0.0188054
internal_weight=26794 17285 16818 14633 13850 5920 7930 783 702 9509 9488 3159 985 467 2185 267 2174 6329 574 5755 258 1918 364 430 243 261 902 1554 5663 92
internal_count=26794 17285 16818 14633 13850 5920 7930 783 702 9509 9488 3159 985 467 2185 267 2174 6329 574 5755 258 1918 364 430 243 261 902 1554 5663 92
is_linear=0
shrinkage=0.05


Tree=71
num_leaves=31
num_cat=0
split_feature=2 6 7 7 7 7 7 4 7 4 4 6 7 4 7 7 7 6 7 7 7 7 7 6 7 4 4 4 7 7
split_gain=20.0007 7.96624 9.41568 20.9737 12.0663 23.6456 12.3739 10.0833 12.637 8.53197 17.9464 15.3542 9.5781 7.45449 7.50736 9.80518 13.5858 10.0421 5.50319 8.26718 7.2726 5.40326 4.89344 4.49466 12.8546 4.29998 4.61372 2.46233 2.00349 1.48693
threshold=1.5000000000000002 18.500000000000004 0.41071118414402014 -0.22003030031919477 -0.2883064448833465 -0.29480892419815058 -0.28505519032478327 12.500000000000002 -0.0086993912700563652 7.5000000000000009 5.5000000000000009 8.5000000000000018 1.7989926934242251 12.500000000000002 -0.20377407222986219 -0.40535125136375422 -0.38259252905845637 7.5000000000000009 -0.56466224789619435 -0.49313485622406 -0.72722449898719776 -0.15825664997100827 -0.36958755552768702 5.5000000000000009 0.69682070612907421 11.500000000000002 12.500000000000002 9.5000000000000018 -0.13224669545888898 0.088837951421737685
decision_type=2 2 2 2 2 2 2 2 2 2 2 2 2 2 2 2 2 2 2 2 2 2 2 2 2 2 2 2 2 2
left_child=1 2 3 4 5 -1 -6 8 -5 10 11 -4 -12 14 15 18 17 -17 20 -20 -2 -16 -18 24 -23 27 -27 -11 -25 -9
right_child=13 -3 9 7 6 -7 -8 29 -10 25 12 -13 -14 -15 21 16 22 -19 19 -21 -22 23 -24 28 -26 26 -28 -29 -30 -31
leaf_value=-0.0017313293777597742 0.00098925824354018435 0.015819969906338625 -0.0039337499813565336 0.0051898217478875998 -0.04243805035203696 0.019124944230856495 -0.0066920163715683788 -0.011072521279154181 -0.00017756026584502923 0.010604026888243178 -0.006016869762835008 0.0048884039201303672 -0.024045451748871099 0.031598805707125442 -0.0049396787749563338 0.020122582081846002 -0.0073191431560925158 0.0010589569096559101 -0.0071559087947818886 0.0012600094602685584 0.008521051402729329 0.012932622300673137 0.0043475723502839486 0.00740411390398742 -0.010128922666131307 0.027416181906817425 0.0035217923353072899 -0.00030209454943419582 0.0011127902772818611 -0.0021752060833049639
leaf_weight=6092 1173 70 1173 2496 25 139 766 147 1956 55 2404 851 76 21 465 240 94 97 415 983 441 79 2050 132 257 31 58 877 3062 69
leaf_count=6092 1173 70 1173 2496 25 139 766 147 1956 55 2404 851 76 21 465 240 94 97 415 983 441 79 2050 132 257 31 58 877 3062 69
internal_value=1.32876e-11 -0.00101323 -0.00108167 -0.000277775 -0.00200455 -0.00126607 -0.00782179 0.00231978 0.00283165 -0.00278259 -0.00371809 -0.000224435 -0.00656936 0.00184179 0.00177593 0.00297537 0.00530297 0.0146354 0.00105812 -0.00123828 0.0030472 0.000126733 0.00383607 0.000794122 -0.00470671 0.00134422 0.0118446 0.000341507 0.00137279 -0.00823032
internal_weight=26794 17285 17215 11690 7022 6231 791 4668 4452 5525 4504 2024 2480 9509 9488 5493 2481 337 3012 1398 1614 3995 2144 3530 336 1021 89 932 3194 216
internal_count=26794 17285 17215 11690 7022 6231 791 4668 4452 5525 4504 2024 2480 9509 9488 5493 2481 337 3012 1398 1614 3995 2144 3530 336 1021 89 932 3194 216
is_linear=0
shrinkage=0.05


Tree=72
num_leaves=31
num_cat=0
split_feature=2 1 6 1 6 6 0 0 2 6 0 6 0 0 2 6 6 2 6 0 6 6 6 0 0 6 6 6 0 0
split_gain=18.0506 9.23178 8.27618 7.37646 7.307 18.9873 12.5522 8.02934 6.94124 6.34207 6.17991 11.7027 9.83498 12.7458 11.6987 5.22796 4.59198 4.53661 4.01739 3.92975 7.265 4.55666 4.07855 3.46382 14.3619 9.99659 4.71446 3.69187 3.17196 2.78523
threshold=1.5000000000000002 1.0000000180025095e-35 18.500000000000004 1.0000000180025095e-35 11.500000000000002 10.500000000000002 1.0000000180025095e-35 4.5000000000000009 1.0000000180025095e-35 4.5000000000000009 4.5000000000000009 9.5000000000000018 3.5000000000000004 1.5000000000000002 1.0000000180025095e-35 6.5000000000000009 14.500000000000002 1.0000000180025095e-35 3.5000000000000004 3.5000000000000004 7.5000000000000009 10.500000000000002 1.5000000000000002 3.5000000000000004 5.5000000000000009 7.5000000000000009 8.5000000000000018 9.5000000000000018 5.5000000000000009 1.0000000180025095e-35
decision_type=2 2 2 2 2 2 2 2 2 2 2 2 2 2 2 2 2 2 2 2 2 2 2 2 2 2 2 2 2 2
left_child=1 2 10 19 5 6 17 -6 29 -5 12 18 13 -1 -14 -8 -9 -3 -12 21 -21 22 -2 26 25 -25 -11 -28 -22 -7
right_child=3 4 -4 9 7 8 15 16 -10 23 11 -13 14 -15 -16 -17 -18 -19 -20 20 28 -23 -24 24 -26 -27 27 -29 -30 -31
leaf_value=-0.0021389651393415509 -0.0102618535462114 -0.0070805083160301891 0.015708503466756906 0.022779937599658628 0.00029850670267131337 0.01757589614515026 0.0063470288550534562 -0.013071304328356854 -0.0045217491358264606 0.0033553896727432776 0.012930812274434551 0.0087017368819872001 -0.001662133268483386 0.011236137176280494 -0.012678318538170478 0.0010810198373657628 0.0060997959640291012 -0.00086099448163069183 -0.0012490190536542194 0.0050845731779093541 0.010481758243931494 0.010618095820087313 9.7061221043661698e-05 -0.025760854122095875 0.0046934955079460669 -0.0028774660033096013 0.017140355519280375 0.0064294592613910202 -0.002238380558521969 0.0095989308585585284
leaf_weight=8356 97 562 68 44 461 184 637 236 66 540 51 359 481 182 483 1812 36 613 2428 1234 53 101 4656 56 1424 323 139 191 651 270
leaf_count=8356 97 562 68 44 461 184 637 236 66 540 51 359 481 182 483 1812 36 613 2428 1234 53 101 4656 56 1424 323 139 191 651 270
internal_value=8.38499e-12 -0.000962565 -0.00168701 0.0017497 0.000880551 0.00169452 0.000412481 -0.00372118 0.0106293 0.00395152 -0.00178286 0.000264544 -0.00239437 -0.00185386 -0.00718165 0.00245074 -0.010534 -0.00383577 -0.0009573 0.000868913 0.0027723 0.000108971 -0.000114345 0.00364158 0.0023913 -0.00625865 0.0062327 0.010941 -0.00128076 0.0128319
internal_weight=26794 17285 12408 9509 4877 4144 3624 733 520 2717 12340 2838 9502 8538 964 2449 272 1175 2479 6792 1938 4854 4753 2673 1803 379 870 330 704 454
internal_count=26794 17285 12408 9509 4877 4144 3624 733 520 2717 12340 2838 9502 8538 964 2449 272 1175 2479 6792 1938 4854 4753 2673 1803 379 870 330 704 454
is_linear=0
shrinkage=0.05


Tree=73
num_leaves=31
num_cat=0
split_feature=1 3 3 7 7 4 4 7 4 4 4 7 4 7 4 7 7 7 4 7 4 7 7 7 4 7 7 7 7 7
split_gain=14.9876 29.285 21.711 45.0103 19.7662 18.8865 18.3878 44.8251 17.2817 31.2774 28.9663 25.0167 24.2726 18.794 15.9293 13.8089 27.2229 13.453 12.6664 20.5989 16.4066 11.6188 11.4424 11.2072 10.6049 10.5991 10.0462 9.52009 9.50634 8.7436
threshold=1.0000000180025095e-35 1.0000000180025095e-35 1.0000000180025095e-35 0.87563917040824901 0.28391262888908392 5.5000000000000009 7.5000000000000009 0.069330483675003066 1.5000000000000002 1.0000000180025095e-35 2.5000000000000004 -0.78574690222740162 4.5000000000000009 -1.3579659461975095 7.5000000000000009 0.8918953835964204 0.44647487998008734 0.16686782985925677 1.0000000180025095e-35 -0.0607193075120449 2.5000000000000004 0.20913400501012805 0.8918953835964204 -0.044463083148002618 6.5000000000000009 1.7989926934242251 -0.83776679635047901 -0.16801038384437558 1.7989926934242251 -0.11599046736955641
decision_type=2 2 2 2 2 2 2 2 2 2 2 2 2 2 2 2 2 2 2 2 2 2 2 2 2 2 2 2 2 2
left_child=1 8 3 4 21 15 7 24 9 11 -10 -1 -12 -11 -14 16 27 -9 19 26 -20 29 -5 -21 -7 -13 -3 -4 -17 -2
right_child=2 18 5 22 -6 6 -8 17 10 13 12 25 14 -15 -16 28 -18 -19 20 23 -22 -23 -24 -25 -26 -27 -28 -29 -30 -31
leaf_value=-0.027871275845895049 0.0051016396761872189 0.017846877912946164 0.0004158669715285388 0.052793932982065063 -0.011611061389754776 0.013121961661124767 0.00095611969876026413 -0.046856739755832794 -0.019040495827858158 -0.0050571601412840346 0.011831963946460747 -0.0018346821658990411 -0.0062597526110499402 0.015430583905157011 3.0847900263592804e-05 -0.016542477838356717 0.020693201409970843 -0.014115842261062526 0.026007070027602216 -0.030168023724108935 0.0020141877370054811 0.035860393170652718 0.019042455183175423 -0.0048656203121000092 -0.021937268506735566 0.02629258086466614 0.0011375305299992779 0.0076275996829121648 0.0096201780479815285 -0.0063802378437527374
leaf_weight=93 1677 94 2321 27 213 213 905 33 327 149 240 2246 3503 450 1412 152 205 637 72 45 6852 29 359 1593 24 34 2090 570 45 184
leaf_count=93 1677 94 2321 27 213 213 905 33 327 149 240 2246 3503 450 1412 152 205 637 72 45 6852 29 359 1593 24 34 2090 570 45 184
internal_value=-6.12564e-12 -0.000743707 0.00188032 0.0057091 0.00282847 1.35601e-05 -0.00408625 -0.00911751 -0.00294529 0.00012499 -0.0046098 -0.00245208 -0.00369441 0.0103343 -0.00445256 0.00226952 0.00308626 -0.0157285 0.0009883 -0.0013222 0.00226368 0.00445579 0.0214033 -0.00556074 0.00957166 -0.00141524 0.00185671 0.00183776 -0.0105662 0.00396641
internal_weight=26794 19200 7594 2489 2103 5105 1812 907 8454 2972 5482 2373 5155 599 4915 3293 3096 670 10746 3822 6924 1890 386 1638 237 2280 2184 2891 197 1861
internal_count=26794 19200 7594 2489 2103 5105 1812 907 8454 2972 5482 2373 5155 599 4915 3293 3096 670 10746 3822 6924 1890 386 1638 237 2280 2184 2891 197 1861
is_linear=0
shrinkage=0.05


Tree=74
num_leaves=31
num_cat=0
split_feature=2 5 7 7 7 7 7 0 0 7 5 7 7 7 5 7 2 7 7 7 7 5 0 0 0 2 7 7 7 7
split_gain=14.9231 9.77869 9.52592 6.92071 6.85565 23.317 17.6045 12.1738 10.6029 15.2407 10.5837 6.44578 15.7751 51.2056 9.38268 8.1719 6.34524 6.10238 9.32196 11.7061 6.60242 6.09637 5.92794 5.91502 5.44483 5.26418 5.11076 7.32488 9.07472 6.29008
threshold=1.5000000000000002 83.500000000000014 -1.3579659461975095 0.78135308623313915 0.41071118414402014 -0.24604026228189466 -0.26229648292064661 4.5000000000000009 1.0000000180025095e-35 -0.21352781355381009 67.500000000000014 1.5518980622291567 1.0934725999832156 1.0902213454246523 63.500000000000007 1.5779080390930178 1.0000000180025095e-35 -0.22003030031919477 -0.40535125136375422 -0.38259252905845637 -0.23303528130054471 66.500000000000014 5.5000000000000009 4.5000000000000009 1.0000000180025095e-35 1.0000000180025095e-35 -0.56466224789619435 -0.49313485622406 -0.43786370754241938 -0.72722449898719776
decision_type=2 2 2 2 2 2 2 2 2 2 2 2 2 2 2 2 2 2 2 2 2 2 2 2 2 2 2 2 2 2
left_child=1 4 25 -4 5 6 10 -8 9 -7 -1 12 13 -6 15 -13 -16 18 26 24 -21 -10 -22 -14 -20 -3 29 -28 -29 -2
right_child=17 2 3 -5 11 8 7 -9 21 -11 -12 14 23 -15 16 -17 -18 -19 19 20 22 -23 -24 -25 -26 -27 27 28 -30 -31
leaf_value=-0.0024892715234150829 0.00085087857428141225 0.013342779358929913 -0.0035473538535563407 0.011624389118717417 -0.0032844061993934932 0.016195832502199425 -0.025339488432926202 -0.0024598137430021411 0.0047944281883696392 -0.0033854434168380169 0.0040448639528296573 0.024418476172562306 -0.011515673023060859 0.030553799739171716 0.019838183464357492 -0.0024534678410873707 0.0037190826948747726 0.00013606932773836889 0.032331141691122743 0.0029983415863849058 0.005218734465539456 -0.00043764444930708421 0.03086744652288716 0.0038454168246708055 0.011498723175064028 0.041135965958237652 -0.0069393272594694636 0.0066736630371442719 -0.003072772367463126 0.0078513873377991771
leaf_weight=5722 1178 115 217 115 3088 109 137 101 2767 1125 695 29 683 116 82 1159 239 4100 35 1964 50 697 41 69 302 20 415 409 574 441
leaf_count=5722 1178 115 217 115 3088 109 137 101 2767 1125 695 29 683 116 82 1159 239 4100 35 1964 50 697 41 69 302 20 415 409 574 441
internal_value=1.21792e-11 -0.000875214 0.0062616 0.00170792 -0.00107339 -0.000372987 -0.00227684 -0.01563 0.00232394 -0.00165582 -0.00178159 -0.0025284 -0.00358895 -0.0020593 0.000251927 -0.0017975 0.00783673 0.00159092 0.00269369 0.00502485 0.00360839 0.00374167 0.0167747 -0.0101062 0.0136623 0.0174603 0.000845453 -0.00136914 0.000982459 0.00275775
internal_weight=26794 17285 467 332 16818 11353 6655 238 4698 1234 6417 5465 3956 3204 1509 1188 321 9509 5409 2392 2055 3464 91 752 337 135 3017 1398 983 1619
internal_count=26794 17285 467 332 16818 11353 6655 238 4698 1234 6417 5465 3956 3204 1509 1188 321 9509 5409 2392 2055 3464 91 752 337 135 3017 1398 983 1619
is_linear=0
shrinkage=0.05


Tree=75
num_leaves=31
num_cat=0
split_feature=2 4 1 6 6 6 4 4 4 4 4 1 4 6 4 4 4 4 6 6 6 4 6 6 6 6 6 4 6 4
split_gain=13.4681 7.02283 10.1207 7.65514 7.20726 17.8733 9.70578 6.69178 6.51801 37.9755 30.7205 5.44538 7.08672 11.1316 4.63039 4.58173 4.20692 5.80518 4.06167 3.51962 2.98481 2.96691 2.91116 2.11793 2.03667 1.83182 1.62113 1.72781 1.80964 1.33991
threshold=1.5000000000000002 7.5000000000000009 1.0000000180025095e-35 18.500000000000004 11.500000000000002 10.500000000000002 5.5000000000000009 12.500000000000002 1.5000000000000002 1.0000000180025095e-35 2.5000000000000004 1.0000000180025095e-35 5.5000000000000009 4.5000000000000009 10.500000000000002 6.5000000000000009 12.500000000000002 13.500000000000002 15.500000000000002 12.500000000000002 9.5000000000000018 4.5000000000000009 6.5000000000000009 9.5000000000000018 11.500000000000002 5.5000000000000009 1.5000000000000002 10.500000000000002 9.5000000000000018 5.5000000000000009
decision_type=2 2 2 2 2 2 2 2 2 2 2 2 2 2 2 2 2 2 2 2 2 2 2 2 2 2 2 2 2 2
left_child=1 2 3 8 5 6 -4 11 9 -1 -10 19 22 -14 -15 -7 26 23 -6 20 25 -22 -13 -18 -24 -2 -3 -28 -29 -20
right_child=7 16 4 -5 18 15 -8 -9 10 -11 -12 12 13 14 -16 -17 17 -19 29 -21 21 -23 24 -25 -26 -27 27 28 -30 -31
leaf_value=-0.0024201834256315801 -0.0016247354081959061 0.0099628373486155726 0.0017481984573762472 0.01469126042416867 -0.0054279935492623213 0.0093144057661923383 -0.0050855761332330371 0.029705013157356353 -0.018193825144617839 0.011038390222590559 -0.0023897140423900106 0.0084547239893952904 0.022952123423821705 -0.010341248265949779 -0.0003563068554957267 0.028885101433843374 -0.012018928220393238 0.019861918218278637 0.01423906650937473 0.011928973469775225 -0.0076929140452776795 0.0017744067208297605 0.0044305307536632848 -0.0026936388384100336 -0.00081813050637030498 0.0011173989086987284 0.00048307391976822186 0.0039668871608123457 -0.0077488586087437238 -0.00034464670066621959
leaf_weight=4401 682 73 2484 68 568 457 657 21 326 595 5415 414 43 169 371 32 91 24 36 69 209 137 1490 184 211 5693 734 1078 34 28
leaf_count=4401 682 73 2484 68 568 457 657 21 326 595 5415 414 43 169 371 32 91 24 36 69 209 137 1490 184 211 5693 734 1078 34 28
internal_value=-5.73485e-12 -0.000831453 -0.00121814 -0.00203201 0.000845182 0.00170312 0.000318784 0.00151137 -0.00213792 -0.000817331 -0.00328714 0.00144897 0.00334922 -0.00153159 -0.00348122 0.0105951 0.00179533 -0.00372129 -0.00408251 0.000693911 0.000578568 -0.00394429 0.00469462 -0.00577946 0.00377946 0.000824044 0.00265488 0.00236588 0.00360867 0.00785869
internal_weight=26794 17285 15067 10805 4262 3630 3141 9509 10737 4996 5741 9488 2698 583 540 489 2218 299 632 6790 6721 346 2115 275 1701 6375 1919 1846 1112 64
internal_count=26794 17285 15067 10805 4262 3630 3141 9509 10737 4996 5741 9488 2698 583 540 489 2218 299 632 6790 6721 346 2115 275 1701 6375 1919 1846 1112 64
is_linear=0
shrinkage=0.05


Tree=76
num_leaves=31
num_cat=0
split_feature=2 7 7 7 3 3 2 0 3 7 7 7 3 0 7 7 7 7 7 7 7 7 7 7 0 0 0 0 0 3
split_gain=12.155 5.58019 17.2053 10.2951 9.68345 6.8066 13.7334 10.5609 18.7256 8.7526 14.0024 10.3013 6.72494 8.08271 6.60884 21.6367 17.6701 11.8982 5.92527 10.1667 5.2669 8.2002 10.6833 5.15684 5.07317 12.7019 4.93913 4.887 4.83262 4.72811
threshold=1.5000000000000002 0.41071118414402014 -0.17776411771774289 -0.0086993912700563652 1.0000000180025095e-35 1.0000000180025095e-35 1.0000000180025095e-35 1.0000000180025095e-35 1.5000000000000002 0.87563917040824901 1.4868732094764712 0.47248482704162603 1.5000000000000002 1.0000000180025095e-35 0.87563917040824901 1.0934725999832156 1.0902213454246523 1.4868732094764712 -0.70771703124046315 -0.65569707751274098 -0.20377407222986219 -0.40535125136375422 -0.38259252905845637 -0.15500540286302564 3.5000000000000004 1.0000000180025095e-35 3.5000000000000004 1.0000000180025095e-35 1.0000000180025095e-35 1.5000000000000002
decision_type=2 2 2 2 2 2 2 2 2 2 2 2 2 2 2 2 2 2 2 2 2 2 2 2 2 2 2 2 2 2
left_child=1 2 4 24 18 14 7 -7 -9 11 -11 -8 13 -5 26 16 -16 -17 -1 -20 21 29 27 -22 25 -4 -3 -23 -14 -2
right_child=20 5 3 12 -6 6 9 8 -10 10 -12 -13 28 -15 15 17 -18 -19 19 -21 23 22 -24 -25 -26 -27 -28 -29 -30 -31
leaf_value=-0.00059448075054988427 0.0019233959204191791 -0.0036797387469396517 0.0011467881368729719 -0.0066777211357354344 0.00039807787189001954 -0.014553813307668221 -0.0076392097907795851 -0.0090531202615373469 0.012853601367198051 -0.016155817986127748 -0.0002385665577711491 0.0060153445931083252 0.027637087779917885 0.00088682050721212372 0.00474409901218701 -0.0079818190880276869 0.028560390503242102 0.0019867474521390073 -0.018858957773137119 -0.003916057172197283 -0.0048102086357430154 0.03053266252790179 0.0032694749323833208 0.00071832783630908139 0.0019431051478504453 0.01134678044849264 0.0090130727804254417 0.010796236512305166 0.0053483094796034939 -0.0024862135940298836
leaf_weight=1430 2173 1425 540 480 3381 427 182 432 126 201 442 573 28 1336 237 449 116 898 119 2619 479 35 2144 3532 876 702 81 302 185 844
leaf_count=1430 2173 1425 540 480 3381 427 182 432 126 201 442 573 28 1336 237 449 116 898 119 2619 479 35 2144 3532 876 702 81 302 185 844
internal_value=-1.05309e-11 -0.00078988 -0.000168857 0.00241853 -0.00159022 -0.00208948 -0.00411338 -0.0086354 -0.00410644 -0.00092726 -0.00521425 0.00272378 -0.000126781 -0.00111262 -0.000585137 0.00155154 0.0125704 -0.00133611 -0.00320309 -0.00456551 0.00143581 0.00244089 0.00457028 5.81012e-05 0.00485688 0.006912 -0.00299706 0.012846 0.00827829 0.000689816
internal_weight=26794 17285 11696 4147 7549 5589 2383 985 558 1398 643 755 2029 1816 3206 1700 353 1347 4168 2738 9509 5498 2481 4011 2118 1242 1506 337 213 3017
internal_count=26794 17285 11696 4147 7549 5589 2383 985 558 1398 643 755 2029 1816 3206 1700 353 1347 4168 2738 9509 5498 2481 4011 2118 1242 1506 337 213 3017
is_linear=0
shrinkage=0.05


Tree=77
num_leaves=31
num_cat=0
split_feature=5 7 7 4 7 7 7 5 4 7 4 5 6 7 7 5 6 5 7 5 5 7 7 6 5 5 5 5 7 7
split_gain=8.58277 8.93972 8.01346 10.7201 9.33456 17.1911 39.3211 8.65164 8.34847 7.69525 10.211 6.29952 22.3719 16.5601 13.0917 12.7692 9.82514 9.03218 6.0311 5.33724 4.9865 4.45622 2.91561 1.87974 1.44871 1.39436 1.2521 0.911336 0.806082 0.805663
threshold=83.500000000000014 -1.3579659461975095 0.41071118414402014 11.500000000000002 1.4543607831001284 1.0934725999832156 1.0902213454246523 74.500000000000014 8.5000000000000018 -0.17776411771774289 12.500000000000002 60.500000000000007 11.500000000000002 -0.18101536482572553 -1.3579659461975095 26.500000000000004 9.5000000000000018 67.500000000000014 0.78135308623313915 16.500000000000004 29.500000000000004 1.0000000180025095e-35 0.67081075906753551 14.500000000000002 47.500000000000007 92.500000000000014 89.500000000000014 88.500000000000014 0.088837951421737685 1.3015522360801699
decision_type=2 2 2 2 2 2 2 2 2 2 2 2 2 2 2 2 2 2 2 2 2 2 2 2 2 2 2 2 2 2
left_child=2 23 9 4 5 6 -4 20 -7 11 19 14 13 -13 16 -16 -1 -14 26 -11 -6 -21 24 -2 -5 27 -3 -25 -12 -20
right_child=1 18 3 22 7 8 -8 -9 -10 10 28 12 17 -15 15 -17 -18 -19 29 21 -22 -23 -24 25 -26 -27 -28 -29 -30 -31
leaf_value=-0.0084044245124535091 0.021419626812522227 -0.0094252716464501233 -0.0024259523491259138 0.013520869612693788 -0.0054664211761105853 -0.011668381850413476 0.027132370502784338 0.022468764055520299 -0.00091145767139096286 0.022912137433013416 -0.011088394616815773 0.0076710642455242815 -0.015703720254755586 -0.037137346466382344 0.0075456794511586326 -0.00052167335364713355 0.0046432182075721879 -0.0015957892486458702 0.014168224205721669 0.003504103032128256 0.00084641073895696151 0.00028867323221994795 0.021241980377170774 0.015219041084249816 -0.0050514611637308485 0.016322203262654298 -0.0011438585963837716 0.0029113246915413878 -0.0038120249393754284 0.0057321522421707235
leaf_weight=822 65 62 3744 21 352 726 116 44 240 32 142 1139 137 21 517 9570 175 660 67 3210 2810 1622 63 21 21 68 173 53 52 49
leaf_count=822 65 62 3744 21 352 726 116 44 240 32 142 1139 137 21 517 9570 175 660 67 3210 2810 1622 63 21 21 68 173 53 52 49
internal_value=-1.64118e-11 0.00613616 -0.000130507 -0.00143375 -0.00164125 -0.00303054 -0.00153767 0.00045005 -0.00899585 0.00045541 0.00211088 -0.000186669 0.00242863 0.00685988 -0.000648428 -0.000108189 -0.00611422 -0.00402087 0.00127605 0.00255954 0.000143654 0.00242475 0.0144391 0.0143772 0.0042347 0.0111536 -0.00332874 0.00640406 -0.00913803 0.0106047
internal_weight=26794 558 26236 8137 8032 4826 3860 3206 966 18099 5058 13041 1957 1160 11084 10087 997 797 351 4864 3162 4832 105 207 42 142 235 74 194 116
internal_count=26794 558 26236 8137 8032 4826 3860 3206 966 18099 5058 13041 1957 1160 11084 10087 997 797 351 4864 3162 4832 105 207 42 142 235 74 194 116
is_linear=0
shrinkage=0.05


Tree=78
num_leaves=31
num_cat=0
split_feature=1 4 5 4 4 4 4 5 4 0 4 5 4 0 4 5 0 5 4 4 5 0 5 0 5 0 5 5 5 5
split_gain=10.7552 13.062 12.6071 13.8292 14.3907 12.4243 38.9772 33.1274 25.1655 16.7642 13.1196 8.92386 8.46712 11.8446 7.88014 7.32971 5.81899 4.69853 4.55342 3.54339 2.96205 15.8676 9.75621 7.71959 4.86048 11.4549 4.09466 2.95005 2.49561 2.15108
threshold=1.0000000180025095e-35 10.500000000000002 71.500000000000014 5.5000000000000009 4.5000000000000009 1.5000000000000002 1.0000000180025095e-35 24.500000000000004 2.5000000000000004 1.0000000180025095e-35 4.5000000000000009 26.500000000000004 5.5000000000000009 2.5000000000000004 10.500000000000002 44.500000000000007 1.0000000180025095e-35 9.5000000000000018 13.500000000000002 1.5000000000000002 70.500000000000014 2.5000000000000004 71.500000000000014 1.0000000180025095e-35 58.500000000000007 4.5000000000000009 45.500000000000007 44.500000000000007 52.500000000000007 91.500000000000014
decision_type=2 2 2 2 2 2 2 2 2 2 2 2 2 2 2 2 2 2 2 2 2 2 2 2 2 2 2 2 2 2
left_child=1 2 5 4 19 6 9 -8 27 -1 -10 17 20 -14 15 -15 28 -2 -16 -4 24 23 -23 -22 26 -26 -13 -7 -3 -5
right_child=11 16 3 29 -6 8 7 -9 10 -11 -12 12 13 14 18 -17 -18 -19 -20 -21 21 22 -24 -25 25 -27 -28 -29 -30 -31
leaf_value=-0.0093896810319568005 0.011203787920789587 0.0011019140028803926 0.010346344835124911 -0.001951179358997442 0.015754530790439186 -0.012913340826829276 0.0038578493496109001 0.028289354323143407 0.0074464088482461104 -0.00081166841503620612 -0.0034720381322330103 0.0045803910933269222 0.00042824110831104676 -0.039904112974181775 -0.0059291077420892358 -0.012508150035497344 0.0036146393410530116 0.039573519527912139 0.019098503994755447 -0.0088909668496221696 0.0012632744841707443 -0.028922166145191743 -0.0046848183931800921 0.02078176655368992 0.010322423315762233 0.00054893870090038375 0.00086277617770956928 -0.024207358830775932 -0.0019548387825309619 0.0040720769334487966
leaf_weight=635 54 2209 32 639 331 99 475 196 290 5528 5366 1062 1983 32 199 103 2016 20 20 95 130 52 206 83 630 572 2448 139 957 193
leaf_count=635 54 2209 32 639 331 99 475 196 290 5528 5366 1062 1983 32 199 103 2016 20 20 95 130 52 206 83 630 572 2448 139 957 193
internal_value=-5.18308e-12 -0.000630007 -0.00142293 0.00328705 0.0102646 -0.00190029 -0.00044954 0.0109943 -0.00358241 -0.0016955 -0.00291222 0.00159286 0.00142283 -0.00107573 -0.00950055 -0.019002 0.00151495 0.0188713 -0.00364348 -0.00404377 0.00254942 -0.00123124 -0.00956987 0.00886907 0.00292733 0.00567148 0.00198759 -0.0195094 0.000177937 -0.000553958
internal_weight=26794 19200 14018 1290 458 12728 6834 671 5894 6163 5656 7594 7520 2337 354 135 5182 74 219 127 5183 471 258 213 4712 1202 3510 238 3166 832
internal_count=26794 19200 14018 1290 458 12728 6834 671 5894 6163 5656 7594 7520 2337 354 135 5182 74 219 127 5183 471 258 213 4712 1202 3510 238 3166 832
is_linear=0
shrinkage=0.05


Tree=79
num_leaves=31
num_cat=0
split_feature=5 7 7 4 7 7 7 5 7 4 4 5 5 5 7 7 7 4 7 7 5 4 5 6 5 5 5 5 7 5
split_gain=7.1384 7.66444 6.84539 9.55541 8.38687 15.5361 35.318 7.76934 7.27902 9.26266 7.26929 5.88478 7.96085 7.66528 16.5817 12.0558 5.47019 5.1455 15.231 9.39455 4.35844 2.67555 10.2655 1.69684 1.28654 1.09031 0.829385 0.821738 0.730156 0.712305
threshold=83.500000000000014 -1.3579659461975095 0.41071118414402014 11.500000000000002 1.4543607831001284 1.0934725999832156 1.0902213454246523 74.500000000000014 -0.17776411771774289 12.500000000000002 8.5000000000000018 81.500000000000014 82.500000000000014 60.500000000000007 -0.30131141841411585 -1.3579659461975095 0.78135308623313915 1.0000000180025095e-35 -0.0607193075120449 -0.10948797687888144 29.500000000000004 12.500000000000002 60.500000000000007 14.500000000000002 92.500000000000014 89.500000000000014 88.500000000000014 96.500000000000014 0.088837951421737685 87.500000000000014
decision_type=2 2 2 2 2 2 2 2 2 2 2 2 2 2 2 2 2 2 2 2 2 2 2 2 2 2 2 2 2 2
left_child=2 23 8 4 5 6 -4 20 11 17 -7 13 -13 15 -15 -1 25 18 -10 -19 -6 -5 -23 -2 26 -3 -25 -26 -11 -18
right_child=1 16 3 21 7 10 -8 -9 9 28 -12 12 -14 14 -16 -17 29 19 -20 -21 -22 22 -24 24 27 -27 -28 -29 -30 -31
leaf_value=-0.0058803962822092763 0.019917759104416923 -0.0089785206732490366 -0.0022589823629125456 0.023836647402495147 -0.0050723900650485702 -0.011001058176087541 0.025754339761775116 0.021328641000119122 0.0045127067095124904 -0.010537478864573362 -0.00096343938911256071 -0.03736816763877869 0.00055396740339816572 0.00065310090478869383 0.012952822302355914 -0.00011688445149653315 0.0013961373688653111 -0.003135353944006047 -0.0036938779658886784 0.0052585032226747132 0.000829512665805977 -0.022404304966330529 0.02064791965815756 0.014011018410591143 0.02233721533417702 -0.0012506435892657066 0.0022697165683087596 0.010937685950464288 -0.0036122716820010774 0.011768584945093608
leaf_weight=997 65 62 3744 40 352 726 116 44 1225 142 240 25 31 1569 332 10087 20 393 1050 2196 2810 20 45 21 25 173 53 43 52 96
leaf_count=997 65 62 3744 40 352 726 116 44 1225 142 240 25 31 1569 332 10087 20 393 1050 2196 2810 20 45 21 25 173 53 43 52 96
internal_value=-1.61363e-11 0.00559607 -0.00011902 -0.00132354 -0.00151945 -0.00283633 -0.00141713 0.000462854 0.000422513 0.00203258 -0.00850724 -0.000201959 -0.0163756 -0.000132208 0.00280118 -0.000635309 0.00109595 0.0024599 0.000725052 0.00398435 0.000172501 0.0136622 0.00740108 0.0132267 0.0101639 -0.00328949 0.00560171 0.0151287 -0.00868124 0.00998023
internal_weight=26794 558 26236 8137 8032 4826 3860 3206 18099 5058 966 13041 56 12985 1901 11084 351 4864 2275 2589 3162 105 65 207 142 235 74 68 194 116
internal_count=26794 558 26236 8137 8032 4826 3860 3206 18099 5058 966 13041 56 12985 1901 11084 351 4864 2275 2589 3162 105 65 207 142 235 74 68 194 116
is_linear=0
shrinkage=0.05


Tree=80
num_leaves=31
num_cat=0
split_feature=0 4 7 7 7 7 0 6 0 4 4 7 4 6 6 6 6 7 6 6 7 7 7 7 7 7 6 7 7 4
split_gain=6.34958 10.4437 14.3705 29.5703 13.7148 12.6125 11.8292 33.4911 13.3546 8.38897 7.62459 7.35548 15.9174 12.6065 8.07417 7.13536 8.98174 6.7591 6.14027 7.63018 7.33318 9.1672 6.71597 6.48865 4.83025 5.43423 4.23575 4.17956 3.72745 3.57406
threshold=5.5000000000000009 7.5000000000000009 1.0934725999832156 1.0902213454246523 1.4185970425605776 1.0642113685607912 1.0000000180025095e-35 8.5000000000000018 2.5000000000000004 9.5000000000000018 5.5000000000000009 0.12785288691520694 5.5000000000000009 8.5000000000000018 5.5000000000000009 4.5000000000000009 7.5000000000000009 0.48874105513095861 13.500000000000002 7.5000000000000009 -0.22978403419256208 -0.26229648292064661 -1.1856499910354612 -0.56466224789619435 -1.1336300969123838 -1.4928926229476926 2.5000000000000004 0.68381574749946605 0.25790268182754522 4.5000000000000009
decision_type=2 2 2 2 2 2 2 2 2 2 2 2 2 2 2 2 2 2 2 2 2 2 2 2 2 2 2 2 2 2
left_child=1 2 3 5 15 10 7 -6 -8 -3 -1 18 13 14 17 -4 -17 -13 19 22 21 -21 29 -24 25 -11 -26 -14 -16 -2
right_child=11 9 4 -5 6 -7 8 -9 -10 24 -12 12 27 -15 28 16 -18 -19 -20 20 -22 -23 23 -25 26 -27 -28 -29 -30 -31
leaf_value=0.00019612057392434155 0.0005987779051065445 0.011926601884227818 0.017439192663878205 0.024466623134654145 -0.025496268952981783 -0.033281104726095995 0.0034772131389241298 0.0063198762779112586 -0.025650472344741937 0.0077773062745109204 -0.0024285100031208313 0.01904278997154463 -0.024462708484624392 0.028942291622599925 0.021644158870228292 -0.026608589696086416 -0.0099904678481219054 -0.013409498917377173 0.018742161800965985 -0.00089712854844738686 -0.0070487950017927327 0.020505671281940665 0.0072324544869159695 0.0012817906403258666 -0.0088948377891658586 -0.010896749017146332 0.0012783680675020606 -0.0021339162336701874 0.0085215425877919731 -0.026345257513457912
leaf_weight=7150 20 176 20 116 169 30 624 162 42 51 4514 21 23 83 68 99 455 68 47 1321 522 52 532 3298 104 165 6329 236 265 32
leaf_count=7150 20 176 20 116 169 30 624 162 42 51 4514 21 23 83 68 99 455 68 47 1321 522 52 532 3298 104 165 6329 236 265 32
internal_value=-1.28316e-12 -0.000439501 -0.00125133 -0.000653712 -0.00574393 -0.000902896 -0.00219919 -0.00992462 0.00164033 0.00115216 -0.000819619 0.00134799 0.00596077 0.0111293 0.00762574 -0.0119009 -0.0129601 -0.00575222 0.000742881 0.000596444 -0.00200437 -8.65345e-05 0.00186603 0.00210836 0.000866959 -0.0064876 0.0011139 -0.00411678 0.0112012 -0.0159822
internal_weight=26794 20206 13381 11810 1571 11694 997 331 666 6825 11664 6588 764 505 422 574 554 89 5824 5777 1895 1373 3882 3830 6649 216 6433 259 333 52
internal_count=26794 20206 13381 11810 1571 11694 997 331 666 6825 11664 6588 764 505 422 574 554 89 5824 5777 1895 1373 3882 3830 6649 216 6433 259 333 52
is_linear=0
shrinkage=0.05


Tree=81
num_leaves=31
num_cat=0
split_feature=2 5 4 5 0 5 4 0 4 2 2 2 2 4 5 4 5 0 5 4 4 5 4 0 2 4 0 5 4 4
split_gain=9.68488 7.57218 15.7801 17.5584 12.1745 12.9024 11.9371 10.0444 21.752 29.5327 11.5614 8.81445 6.40917 6.14446 8.26593 5.42248 4.62438 4.51862 5.96001 7.591 3.77368 11.8901 8.80437 5.26511 3.76979 8.68369 6.94086 3.18027 4.53897 3.59352
threshold=1.5000000000000002 51.500000000000007 7.5000000000000009 30.500000000000004 5.5000000000000009 48.500000000000007 5.5000000000000009 3.5000000000000004 2.5000000000000004 1.0000000180025095e-35 1.0000000180025095e-35 1.0000000180025095e-35 1.0000000180025095e-35 1.0000000180025095e-35 25.500000000000004 12.500000000000002 63.500000000000007 5.5000000000000009 43.500000000000007 1.0000000180025095e-35 1.0000000180025095e-35 50.500000000000007 4.5000000000000009 1.0000000180025095e-35 1.0000000180025095e-35 4.5000000000000009 5.5000000000000009 53.500000000000007 6.5000000000000009 9.5000000000000018
decision_type=2 2 2 2 2 2 2 2 2 2 2 2 2 2 2 2 2 2 2 2 2 2 2 2 2 2 2 2 2 2
left_child=1 2 3 13 5 -5 7 8 9 -3 -10 -6 27 -1 -15 17 -14 20 19 -19 21 23 -22 -2 26 -26 -9 29 -29 -8
right_child=15 6 -4 4 11 -7 12 24 10 -11 -12 -13 16 14 -16 -17 -18 18 -20 -21 22 -23 -24 -25 25 -27 -28 28 -30 -31
leaf_value=-0.0088829882586673823 -0.0016994002370156122 -0.019011197031576593 0.0024372922035853749 -0.0040400528596514504 -0.015168222548096506 -0.011275741212855829 0.013048932019101326 -0.0058003048934579761 0.0086014499640670507 0.0030771731336406058 0.02625011991639839 -0.00018999575433375495 -0.0027551197187798003 0.0028206600891538189 0.016025109244749532 0.026660908492548124 -0.011737836781691588 0.0073279090984719299 0.0013080675599818747 -0.0084734854675515229 0.016183706287942506 0.0030910668818389148 0.00059089112033035827 -0.016648135763247258 0.00027218316681683065 0.020857034582983366 0.0037622499491658003 -0.0016327519080563341 0.0043013621022879459 -0.0025982710823882374
leaf_weight=81 91 166 1762 2918 103 781 86 650 699 1712 107 2118 360 551 151 21 238 902 2174 83 92 316 5663 167 748 55 268 3310 357 64
leaf_count=81 91 166 1762 2918 103 781 86 650 699 1712 107 2118 360 551 151 21 238 902 2174 83 92 316 5663 167 748 55 268 3310 357 64
internal_value=-6.20668e-12 -0.000705068 -0.0017733 -0.00288013 -0.00381081 -0.00556778 0.00032017 0.00216169 0.00407356 0.00112474 0.0109444 -0.000884619 -0.00151718 0.00415639 0.00566093 0.00128164 -0.00633018 0.00122547 0.00276993 0.00599642 0.000454576 -0.00341134 0.000840159 -0.0113755 -0.00081998 0.0016821 -0.00300862 -0.00076314 -0.00105504 0.00637279
internal_weight=26794 17285 8465 6703 5920 3699 8820 4405 2684 1878 806 2221 4415 783 702 9509 598 9488 3159 985 6329 574 5755 258 1721 803 918 3817 3667 150
internal_count=26794 17285 8465 6703 5920 3699 8820 4405 2684 1878 806 2221 4415 783 702 9509 598 9488 3159 985 6329 574 5755 258 1721 803 918 3817 3667 150
is_linear=0
shrinkage=0.05


Tree=82
num_leaves=31
num_cat=0
split_feature=2 7 7 7 7 6 0 7 0 7 0 7 6 0 0 0 7 6 6 0 6 0 7 7 7 7 7 6 0 7
split_gain=8.74061 4.71379 19.1439 17.1421 20.3005 16.239 11.1003 25.5741 16.3384 9.71142 29.5354 8.13231 6.23176 10.5442 11.5715 9.86518 7.11065 5.51304 4.44895 5.06519 17.4256 7.71108 4.44039 5.51267 4.36306 7.9077 9.28076 8.5847 6.33082 5.95793
threshold=1.5000000000000002 -0.24604026228189466 1.0000000180025095e-35 -0.2883064448833465 -0.29480892419815058 8.5000000000000018 1.0000000180025095e-35 -0.28180395066738123 3.5000000000000004 -0.32407012581825251 1.0000000180025095e-35 -0.35983382165431971 5.5000000000000009 3.5000000000000004 2.5000000000000004 4.5000000000000009 0.088837951421737685 8.5000000000000018 5.5000000000000009 1.0000000180025095e-35 8.5000000000000018 5.5000000000000009 -0.16475913673639295 -0.21677906066179273 -0.22003030031919477 -0.40535125136375422 -0.38259252905845637 7.5000000000000009 1.5000000000000002 -0.23303528130054471
decision_type=2 2 2 2 2 2 2 2 2 2 2 2 2 2 2 2 2 2 2 2 2 2 2 2 2 2 2 2 2 2
left_child=1 3 18 4 9 -6 -5 -8 -9 11 -11 -1 13 14 -4 16 -14 -17 22 20 -20 -21 23 -3 25 -2 27 28 -27 -28
right_child=24 2 12 6 5 -7 7 8 -10 10 -12 -13 15 -15 -16 17 -18 -19 19 21 -22 -23 -24 -25 -26 26 29 -29 -30 -31
leaf_value=-0.0011605149370865174 0.00044774569935556482 0.0043146879971027374 0.0047023823227253609 0.0079826895929872993 0.007289001049095533 0.045327573250501588 -0.035547849462766734 -0.021397487464171829 2.5800209956375196e-05 -0.024094143087826928 0.0022125232678922831 0.0093091109190330222 -0.010945960431294555 -0.0067782395403468759 0.035726067144423723 0.0019143722653947185 -0.0022081238685984078 0.01481930055987115 -0.015230533163469541 0.0069897737286694758 0.0036569806582040405 0.0014759618577608949 0.0024140377190702087 -0.022330482212657279 -1.2612281325656537e-05 0.04142341694484155 0.0024563481901073948 -0.00056481544581270715 0.014354369595875377 0.015543109968632132
leaf_weight=5460 3017 30 495 75 100 39 98 133 269 180 262 192 243 205 32 317 5564 112 153 1403 605 1157 106 55 4100 24 1964 97 216 91
leaf_count=5460 3017 30 495 75 100 39 98 133 269 180 262 192 243 205 32 317 5564 112 153 1403 605 1157 106 55 4100 24 1964 97 216 91
internal_value=2.91884e-12 -0.000669815 -4.21718e-06 -0.00169412 -0.000932079 0.0179617 -0.00995463 -0.0126452 -0.007062 -0.00136303 -0.0085006 -0.000804859 -0.00152094 0.00284341 0.00658617 -0.00203323 -0.00257377 0.00528349 0.00300761 0.00343476 -0.000155407 0.00449779 -0.00441282 -0.0129263 0.00121756 0.00215002 0.00429708 0.0119879 0.0170613 0.00303586
internal_weight=26794 17285 10477 6808 6233 139 575 500 402 6094 442 5652 6968 732 527 6236 5807 429 3509 3318 758 2560 191 85 9509 5409 2392 337 240 2055
internal_count=26794 17285 10477 6808 6233 139 575 500 402 6094 442 5652 6968 732 527 6236 5807 429 3509 3318 758 2560 191 85 9509 5409 2392 337 240 2055
is_linear=0
shrinkage=0.05


Tree=83
num_leaves=31
num_cat=0
split_feature=7 3 4 4 4 7 7 7 4 4 3 0 0 7 0 0 3 4 3 4 0 0 0 4 4 0 0 3 7 0
split_gain=4.96029 9.81796 9.74056 27.1671 14.854 16.3662 14.8629 11.9463 9.48127 9.47581 9.02151 7.05874 6.55296 6.52211 6.31695 6.04842 9.38556 7.65198 10.6718 21.8664 8.05718 5.94022 19.6276 3.32718 3.94192 4.5708 14.2883 5.83123 2.6587 4.30586
threshold=0.41071118414402014 1.0000000180025095e-35 1.5000000000000002 2.5000000000000004 1.0000000180025095e-35 -0.78574690222740162 -1.3579659461975095 -0.55815973877906788 11.500000000000002 7.5000000000000009 1.0000000180025095e-35 2.5000000000000004 4.5000000000000009 -0.75973692536354054 4.5000000000000009 4.5000000000000009 1.0000000180025095e-35 7.5000000000000009 1.0000000180025095e-35 5.5000000000000009 1.0000000180025095e-35 3.5000000000000004 2.5000000000000004 13.500000000000002 12.500000000000002 3.5000000000000004 1.0000000180025095e-35 2.5000000000000004 -0.74022945761680592 3.5000000000000004
decision_type=2 2 2 2 2 2 2 2 2 2 2 2 2 2 2 2 2 2 2 2 2 2 2 2 2 2 2 2 2 2
left_child=1 2 4 28 5 14 -6 13 15 -9 -10 -8 -7 -5 -1 17 -17 18 20 -20 -2 22 -19 24 25 26 -3 -27 29 -4
right_child=8 23 3 7 6 12 11 9 10 -11 -12 -13 -14 -15 -16 16 -18 21 19 -21 -22 -23 -24 -25 -26 27 -28 -29 -30 -31
leaf_value=-0.02970149214767541 0.0020316681337881207 0.00068876283343810986 -0.024731448896367244 0.00071219340903982075 -0.0049770704354940853 -0.0033932538393945319 0.0076746612562882642 -0.0048685674806311727 -0.0022119927420920014 0.0091923305198179147 0.02617817926014053 0.02123998257057632 0.0016701855710958367 0.010696022331801348 -0.0078030870120640696 0.014912351604095467 0.0002919916057525652 0.00046894196116285683 -0.0019375357889574178 -0.012701392010453972 -0.003665006460185743 -0.0086233124545399553 0.036200188062129879 0.018592353710638627 -0.0056394112903634143 0.00015245827505553944 0.0057722100048292592 0.022642022679592002 -0.023557455197066791 -0.0068722036620602021
leaf_weight=60 1317 4244 54 989 149 894 220 1875 51 128 62 170 2240 196 73 139 522 2646 1439 702 1174 171 39 28 199 4720 2050 29 124 90
leaf_count=60 1317 4244 54 989 149 894 220 1875 51 128 62 170 2240 196 73 139 522 2646 1439 702 1174 171 39 28 199 4720 2050 29 124 90
internal_value=8.53406e-13 0.000454241 -0.000979443 -0.00290112 0.00076552 -0.000503235 0.00845573 -0.0016158 -0.00101888 -0.00397002 0.0133649 0.0135878 0.000225797 0.00236353 -0.0176821 -0.00121834 0.00336647 -0.00162306 -0.00287813 -0.00546683 -0.000653156 0.000412479 0.000987943 0.00137806 0.00133518 0.00146087 0.00234448 0.000289792 -0.0181908 -0.0135694
internal_weight=26794 18532 7262 3456 3806 3267 539 3188 8262 2003 113 390 3134 1185 133 8149 661 7488 4632 2141 2491 2856 2685 11270 11242 11043 6294 4749 268 144
internal_count=26794 18532 7262 3456 3806 3267 539 3188 8262 2003 113 390 3134 1185 133 8149 661 7488 4632 2141 2491 2856 2685 11270 11242 11043 6294 4749 268 144
is_linear=0
shrinkage=0.05


Tree=84
num_leaves=31
num_cat=0
split_feature=5 7 7 0 4 5 7 5 7 4 5 4 4 5 7 4 5 5 7 7 5 5 7 7 7 7 5 0 7 7
split_gain=6.09515 6.57795 5.16796 4.91908 8.8195 24.6069 26.8509 25.723 20.927 19.9884 16.2238 12.0551 7.37592 7.25801 6.20136 14.2186 18.2288 8.22337 13.7501 7.77927 6.82092 6.60905 5.62582 4.41362 4.29017 3.78166 3.56825 2.59882 3.87695 1.67472
threshold=83.500000000000014 -1.3579659461975095 0.78135308623313915 5.5000000000000009 7.5000000000000009 50.500000000000007 1.0000000180025095e-35 48.500000000000007 -0.29806017875671381 5.5000000000000009 30.500000000000004 4.5000000000000009 9.5000000000000018 28.500000000000004 0.12785288691520694 5.5000000000000009 40.500000000000007 43.500000000000007 -0.99057531356811512 -0.55815973877906788 26.500000000000004 74.500000000000014 -0.51914480328559864 0.48874105513095861 -1.1336300969123838 0.68381574749946605 52.500000000000007 4.5000000000000009 0.84962922334671032 -0.41185374557971949
decision_type=2 2 2 2 2 2 2 2 2 2 2 2 2 2 2 2 2 2 2 2 2 2 2 2 2 2 2 2 2 2
left_child=3 -2 -3 4 5 7 8 10 -7 -8 -1 -9 27 -14 17 16 23 18 -5 21 -20 -19 -21 -16 -15 -17 -18 28 -6 -29
right_child=1 2 -4 14 12 6 9 11 -10 -11 -12 -13 13 24 15 25 26 19 20 22 -22 -23 -24 -25 -26 -27 -28 29 -30 -31
leaf_value=0.0037082457896678595 0.012240146982859246 -0.0032605404372604446 0.0096374007431661787 -0.020787271521664388 0.00022203389301218772 -0.00021420321392324272 0.0018443943372850218 -0.0070327951572835452 0.0072384383334273376 -0.0050488432948679616 -0.0042437213218762182 -0.020900754734395524 -0.0065219914077792361 -0.0060328142114494509 0.010716886944802745 -0.023580480384660644 0.013458428826370945 0.0043711064903644587 0.02294770861601295 -0.011302178285174793 0.0034526814236751553 -0.013998967595398426 -0.0015199857627711437 -0.0080177843660116203 0.0013040466226656988 -0.0023371204860666967 0.024596708185540942 0.012537266551295207 0.021163192105990266 0.028683995383863264
leaf_weight=796 207 235 116 58 77 1898 1760 333 1870 2613 3303 296 332 206 42 23 233 838 46 155 1823 52 2840 125 6079 235 104 42 31 26
leaf_count=796 207 235 116 58 77 1898 1760 333 1870 2613 3303 296 332 206 42 23 233 838 46 155 1823 52 2840 125 6079 235 104 42 31 26
internal_value=-9.99344e-12 0.00517101 0.00100203 -0.00010998 -0.00050586 -0.00127523 0.000390963 -0.0041442 0.00348443 -0.00227452 -0.0026995 -0.0135589 0.000951677 0.000682974 0.00107405 0.0053152 0.0102019 0.000518 0.00318846 -0.000806578 0.00393249 0.0032978 -0.00202624 -0.00330607 0.00106357 -0.00423091 0.0168958 0.011054 0.00623292 0.018711
internal_weight=26794 558 351 26236 19662 12869 8141 4728 3768 4373 4099 629 6793 6617 6574 762 504 5812 1927 3885 1869 890 2995 167 6285 258 337 176 108 68
internal_count=26794 558 351 26236 19662 12869 8141 4728 3768 4373 4099 629 6793 6617 6574 762 504 5812 1927 3885 1869 890 2995 167 6285 258 337 176 108 68
is_linear=0
shrinkage=0.05


Tree=85
num_leaves=31
num_cat=0
split_feature=1 4 7 7 7 7 2 7 2 7 7 4 4 7 7 7 4 4 7 7 7 7 7 7 7 7 7 7 2 7
split_gain=9.59318 9.28362 7.27789 16.7204 11.0017 7.22209 7.20386 6.28743 7.85487 7.8194 10.9785 5.67978 5.41122 13.2311 17.8405 12.9121 24.372 12.5824 10.4883 9.09047 20.1936 6.68539 13.4648 12.9073 11.0037 21.107 16.0659 5.79255 5.54163 5.23025
threshold=1.0000000180025095e-35 10.500000000000002 0.80736306309700023 1.6494354605674746 0.78135308623313915 1.0121914744377138 1.0000000180025095e-35 -1.1336300969123838 1.5000000000000002 0.72283068299293529 -0.22003030031919477 5.5000000000000009 5.5000000000000009 0.87563917040824901 0.8918953835964204 0.040069280192255981 6.5000000000000009 6.5000000000000009 0.38470122218132025 1.0902213454246523 1.0934725999832156 -0.48663237690925593 -0.37609004974365229 -0.49313485622406 -0.29480892419815058 -0.32407012581825251 -0.28505519032478327 -0.94505789875984181 1.5000000000000002 0.91465410590171825
decision_type=2 2 2 2 2 2 2 2 2 2 2 2 2 2 2 2 2 2 2 2 2 2 2 2 2 2 2 2 2 2
left_child=1 2 4 5 -1 29 -6 -3 9 10 -9 -7 21 15 -15 17 18 28 -17 -16 -21 23 -23 -2 25 -24 -26 -19 -14 -4
right_child=12 7 3 -5 6 11 -8 8 -10 -11 -12 -13 13 14 19 16 -18 27 -20 20 -22 22 24 -25 26 -27 -28 -29 -30 -31
leaf_value=-0.00086382839355579827 0.0007352019645310156 -0.0072402340014326126 -0.0080034483886652318 -0.0001879711308763531 -0.00064626791737163857 -0.0063886851623450244 0.024898270736246009 0.0044534622665982834 0.00081840353772600054 -0.010192347122508973 0.020241783319662018 -0.014973856433347216 0.014515450407276656 0.041662354839424931 -0.01857106130084266 -0.044055489021720309 0.0023789278851637317 0.013988691618821273 -0.014499661315818799 0.023586193985980136 0.0010437761789103338 0.0098879897295105854 0.0020713167388969329 -0.025007887959480286 0.024687569994917689 -0.025054487107375352 0.0025247407670045828 -0.0040522108041055882 -0.0086687653263409943 0.0036159880055053224
leaf_weight=11193 1861 211 207 1548 46 365 69 414 4346 61 150 408 183 31 46 33 283 48 332 116 692 708 231 50 85 104 2152 609 30 182
leaf_count=11193 1861 211 207 1548 46 365 69 414 4346 61 150 408 183 31 46 33 283 48 332 116 692 708 231 50 85 104 2152 609 30 182
internal_value=-1.18252e-11 -0.000595 -0.00126347 -0.0035907 -0.000705746 -0.00812376 0.0146805 0.00121331 0.00157213 0.00681323 0.00865248 -0.0109201 0.00150435 -0.000457345 0.00440176 -0.00329022 -0.00863346 0.000689569 -0.0171718 0.00304921 0.00428006 0.00241245 0.00378207 6.16517e-05 0.00210128 -0.00634983 0.00336687 -0.00273415 0.0112501 -0.00256711
internal_weight=26794 19200 14018 2710 11308 1162 115 5182 4971 625 564 773 7594 2403 885 1518 648 870 365 854 808 5191 3280 1911 2572 335 2237 657 213 389
internal_count=26794 19200 14018 2710 11308 1162 115 5182 4971 625 564 773 7594 2403 885 1518 648 870 365 854 808 5191 3280 1911 2572 335 2237 657 213 389
is_linear=0
shrinkage=0.05


Tree=86
num_leaves=31
num_cat=0
split_feature=5 7 7 0 4 5 5 7 0 4 4 4 4 5 7 4 5 5 7 7 5 5 7 5 7 7 7 0 7 7
split_gain=5.52953 5.92141 4.6038 4.07185 7.43742 22.3039 23.2669 23.171 19.1374 16.9594 15.8463 10.7948 6.7649 6.48628 5.69827 12.7267 16.2013 7.58351 12.5112 7.26601 6.566 6.18698 4.93864 3.98794 3.94963 3.35859 3.23568 2.34603 3.62701 1.5374
threshold=83.500000000000014 -1.3579659461975095 0.78135308623313915 5.5000000000000009 7.5000000000000009 50.500000000000007 48.500000000000007 1.0000000180025095e-35 3.5000000000000004 5.5000000000000009 1.0000000180025095e-35 4.5000000000000009 9.5000000000000018 28.500000000000004 0.12785288691520694 5.5000000000000009 40.500000000000007 43.500000000000007 -0.99057531356811512 -0.67195332050323475 74.500000000000014 26.500000000000004 0.069330483675003066 51.500000000000007 0.48874105513095861 0.68381574749946605 0.84962922334671032 4.5000000000000009 0.84962922334671032 -0.41185374557971949
decision_type=2 2 2 2 2 2 2 2 2 2 2 2 2 2 2 2 2 2 2 2 2 2 2 2 2 2 2 2 2 2
left_child=3 -2 -3 4 5 6 10 8 -7 -9 -1 -8 27 -14 17 16 24 18 -5 20 -19 -20 -21 -15 -16 -17 -18 28 -6 -29
right_child=1 2 -4 14 12 7 11 9 -10 -11 -12 -13 13 23 15 25 26 19 21 22 -22 -23 -24 -25 -26 -27 -28 29 -30 -31
leaf_value=-0.0067174174551097908 0.011632320833288962 -0.0030534080231681151 0.0091201839434657383 -0.019866253855409393 0.00015387314510858293 0.0055120656167971386 -0.0066812687648555363 0.0017327577676372709 -0.0024218940894735917 -0.0046167263430695613 -0.00022144926514653957 -0.019804288979267351 -0.006194950175346773 0.0017760721227194913 0.010191961902282424 -0.022228571699689267 0.021094340484976909 0.0051577370964318884 0.021823698830912296 -0.0016439625176757266 -0.013309640308412222 0.003256696143341611 -0.021087602767246694 -0.0010066882048911797 -0.0075306083381175993 -0.0022087317128031653 0.011285929575189419 0.011908236413174088 0.020408777203110438 0.027378828307757008
leaf_weight=1456 207 235 116 58 77 2712 333 1760 1056 2613 2643 296 332 4478 42 23 161 647 46 3153 52 1823 33 1807 125 235 176 42 31 26
leaf_count=1456 207 235 116 58 77 2712 333 1760 1056 2613 2643 296 332 4478 42 23 161 647 46 3153 52 1823 33 1807 125 235 176 42 31 26
internal_value=-3.15917e-12 0.00492523 0.000969773 -0.000104752 -0.000464931 -0.00117145 -0.00390287 0.000414857 0.00328854 -0.00206125 -0.00252887 -0.0128568 0.00087354 0.000616207 0.000972497 0.00503798 0.00966121 0.000439479 0.00300395 -0.000832523 0.00378391 0.00371367 -0.00184536 0.000976001 -0.00307343 -0.00399345 0.0159718 0.0105484 0.00596778 0.0178235
internal_weight=26794 558 351 26236 19662 12869 4728 8141 3768 4373 4099 629 6793 6617 6574 762 504 5812 1927 3885 699 1869 3186 6285 167 258 337 176 108 68
internal_count=26794 558 351 26236 19662 12869 4728 8141 3768 4373 4099 629 6793 6617 6574 762 504 5812 1927 3885 699 1869 3186 6285 167 258 337 176 108 68
is_linear=0
shrinkage=0.05


Tree=87
num_leaves=26
num_cat=0
split_feature=5 4 0 4 5 5 4 4 5 6 5 6 4 6 4 0 6 5 5 6 4 5 5 6 5
split_gain=4.9904 3.71359 3.60731 6.39419 20.1293 20.9984 9.56455 6.16639 5.92368 4.67031 6.17495 3.88867 3.4781 3.10022 2.56779 2.11729 1.70236 0.903879 0.935308 0.805669 0.703411 1.53983 0.330701 0.630176 0.262053
threshold=83.500000000000014 13.500000000000002 5.5000000000000009 7.5000000000000009 50.500000000000007 48.500000000000007 5.5000000000000009 9.5000000000000018 29.500000000000004 13.500000000000002 74.500000000000014 11.500000000000002 5.5000000000000009 18.500000000000004 4.5000000000000009 4.5000000000000009 14.500000000000002 92.500000000000014 96.500000000000014 15.500000000000002 12.500000000000002 89.500000000000014 87.500000000000014 13.500000000000002 93.500000000000014
decision_type=2 2 2 2 2 2 2 2 2 2 2 2 2 2 2 2 2 2 2 2 2 2 2 2 2
left_child=1 2 3 4 5 -1 -6 15 -9 10 11 -4 14 20 -2 -5 22 19 -19 -18 21 -14 23 -16 -23
right_child=12 -3 9 7 6 -7 -8 8 -10 -11 -12 -13 13 -15 16 -17 17 18 -20 -21 -22 24 -24 -25 -26
leaf_value=-0.0024024293573595523 -0.0044666321542594705 0.017782957850281021 0.00077544937499322765 0.0056693918815451782 0.0019924454886396108 -0.012213967389142842 -0.0014435239603390693 -0.0055055512184042825 0.00090900715084707158 0.019112133256691907 -0.017259256985593351 0.010663826552238131 -0.011345290456239771 0.01049469045144232 0.013100724023851483 0.01693228948279284 0.0009376224329961198 0.019413745833130984 0.0075949542288807174 0.012628474198281765 0.0054053493728485683 0.0020834617759482783 0.012188982099304788 0.024408974999096247 -0.00204439459529777
leaf_weight=4099 31 29 6372 108 4354 629 3787 382 6225 35 47 101 41 68 22 68 56 26 47 20 31 61 23 28 104
leaf_count=4099 31 29 6372 108 4354 629 3787 382 6225 35 47 101 41 68 22 68 56 26 47 20 31 61 23 28 104
internal_value=7.06612e-13 -9.95147e-05 -0.000119303 -0.000458097 -0.00111288 -0.00370773 0.000394114 0.000784187 0.000538134 0.000896407 0.000798623 0.00092974 0.00467897 0.00108368 0.00901322 0.010021 0.0108955 0.00783085 0.0118044 0.00401416 -0.00161653 -0.00267322 0.0171509 0.0194333 -0.000518339
internal_weight=26794 26236 26207 19652 12869 4728 8141 6783 6607 6555 6520 6473 558 305 253 176 222 149 73 76 237 206 73 50 165
internal_count=26794 26236 26207 19652 12869 4728 8141 6783 6607 6555 6520 6473 558 305 253 176 222 149 73 76 237 206 73 50 165
is_linear=0
shrinkage=0.05


Tree=88
num_leaves=31
num_cat=0
split_feature=2 7 7 7 7 0 7 0 7 7 0 7 7 7 7 7 7 0 7 7 7 7 7 7 0 7 7 7 0 3
split_gain=5.41074 4.2899 15.0331 16.5407 12.3844 9.22237 23.7856 12.2962 8.67455 7.3644 23.5385 7.33375 3.71006 7.27639 8.23155 5.28069 5.24068 5.1023 4.25005 5.97833 8.02341 5.51117 16.5572 7.09465 4.22099 4.40154 3.83267 11.6191 4.4365 11.0128
threshold=1.5000000000000002 -0.24604026228189466 -0.2883064448833465 -0.29480892419815058 -0.0086993912700563652 1.0000000180025095e-35 -0.28180395066738123 3.5000000000000004 -0.29155768454074854 -0.32407012581825251 1.0000000180025095e-35 -0.35983382165431971 -0.22003030031919477 -0.40535125136375422 -0.38259252905845637 -0.23303528130054471 -0.24929150938987729 5.5000000000000009 -0.56466224789619435 -0.49313485622406 -0.43786370754241938 -0.72722449898719776 -0.82151058316230763 -0.67195332050323475 1.0000000180025095e-35 -0.40210001170635218 -0.10948797687888144 -0.11599046736955641 3.5000000000000004 1.0000000180025095e-35
decision_type=2 2 2 2 2 2 2 2 2 2 2 2 2 2 2 2 2 2 2 2 2 2 2 2 2 2 2 2 2 2
left_child=1 2 3 9 -3 -4 -7 -8 -5 11 -11 -1 13 18 24 16 -16 -17 21 -20 -21 22 -2 -23 -15 -26 27 -14 -28 -30
right_child=12 4 5 8 -6 6 7 -9 -10 10 -12 -13 26 14 15 17 -18 -19 19 20 -22 23 -24 -25 25 -27 28 -29 29 -31
leaf_value=-0.0010312195334965123 0.0028968299510677312 0.0029140596093005498 0.0071098997710893549 0.024343217427044043 -0.00094515058016737927 -0.033779591328716288 -0.018744240943482496 -0.00015904794163226418 -0.0030470298921189657 -0.021315803425903952 0.0021688012210723325 0.0089110906529337331 -0.0022062845032053248 0.027557771035603112 0.0025614678932884627 0.003743458094075322 -0.013836068697273732 0.027539066715938289 -0.0068668331176390401 0.0056412627688247011 -0.0035232373873884909 0.013081740911148455 -0.012619951946669788 0.00039773925657484783 0.023275595433772247 0.0066239595835042358 -0.00038882237060146026 -0.036843512116931376 0.015213431341342143 0.00060426072711087641
leaf_weight=5460 969 2859 75 98 7618 98 133 269 41 180 262 192 768 35 1914 50 50 41 415 409 574 219 209 222 47 255 2593 25 169 545
leaf_count=5460 969 2859 75 98 7618 98 133 269 41 180 262 192 768 35 1914 50 50 41 415 409 574 219 209 222 47 255 2593 25 169 545
internal_value=-5.83725e-12 -0.000527002 -0.00150417 -0.000790541 0.000107964 -0.00923987 -0.0116923 -0.00630788 0.0162641 -0.00117955 -0.00739506 -0.000693477 0.000957958 0.00181782 0.00387739 0.0026896 0.00214402 0.0144646 0.000184906 -0.00183462 0.000289866 0.00192876 0.000143853 0.0066966 0.0111204 0.00921544 -0.000176424 -0.00329825 0.000572173 0.00406217
internal_weight=26794 17285 6808 6233 10477 575 500 402 139 6094 442 5652 9509 5409 2392 2055 1964 91 3017 1398 983 1619 1178 441 337 302 4100 793 3307 714
internal_count=26794 17285 6808 6233 10477 575 500 402 139 6094 442 5652 9509 5409 2392 2055 1964 91 3017 1398 983 1619 1178 441 337 302 4100 793 3307 714
is_linear=0
shrinkage=0.05


Tree=89
num_leaves=31
num_cat=0
split_feature=2 4 7 7 7 7 4 4 2 0 7 0 7 7 0 7 4 4 7 4 7 7 7 7 7 7 7 4 7 7
split_gain=4.88319 4.5104 3.87164 13.5674 14.928 11.1769 9.6445 11.0905 15.5837 8.32319 21.4665 11.0973 7.82878 6.64637 21.2435 6.61871 6.50152 23.4892 14.8403 9.23892 6.76538 5.32629 4.87101 3.84731 3.70065 6.39683 7.6073 6.80186 4.6392 4.20256
threshold=1.5000000000000002 12.500000000000002 -0.24604026228189466 -0.2883064448833465 -0.29480892419815058 -0.0086993912700563652 12.500000000000002 5.5000000000000009 1.0000000180025095e-35 1.0000000180025095e-35 -0.28180395066738123 3.5000000000000004 -0.29155768454074854 -0.32407012581825251 1.0000000180025095e-35 -0.35983382165431971 5.5000000000000009 1.0000000180025095e-35 0.040069280192255981 6.5000000000000009 1.6851991415023806 0.069330483675003066 1.6234254837036135 -0.054216818884015076 -0.20377407222986219 -0.40535125136375422 -0.38259252905845637 1.0000000180025095e-35 -0.36958755552768702 -0.15825664997100827
decision_type=2 2 2 2 2 2 2 2 2 2 2 2 2 2 2 2 2 2 2 2 2 2 2 2 2 2 2 2 2 2
left_child=2 24 3 4 13 6 7 8 -4 -5 -11 -12 -6 15 -15 -1 17 18 -7 21 -19 -18 -21 -9 25 -2 27 -27 -28 -26
right_child=1 -3 5 9 12 16 -8 23 -10 10 11 -13 -14 14 -16 -17 19 20 -20 22 -22 -23 -24 -25 29 26 28 -29 -30 -31
leaf_value=-0.00097965850633934697 0.00015237167262169813 0.024056694842875006 -0.010329182121917725 0.0067544046184048051 0.023126056643912086 -0.01642089032341177 -0.0098413911777445028 0.013364102044948735 0.0031071382649396628 -0.032090611916572351 -0.017807028360342734 -0.00015109549622747314 -0.0028946781939849621 -0.020250012992053396 0.0020603610678995381 0.0084655361372673113 0.00080931856237850298 0.0108388512050473 -0.00045087523271681917 0.0051826202236802833 -0.0035071881566392754 -0.0044652986934633973 -0.00098902916099706853 0.0059721075903641386 -0.0047672288458649147 0.012395604809279565 -0.0083782612440235753 -0.016990746903632368 0.0029813345390849 0.00028952073568508878
leaf_weight=5460 3012 21 248 75 98 156 144 260 1662 98 133 269 41 180 262 192 583 609 2155 522 95 2673 825 545 465 316 94 21 2050 3530
leaf_count=5460 3012 21 248 75 98 156 144 260 1662 98 133 269 41 180 262 192 583 609 2155 522 95 2673 825 545 465 316 94 21 2050 3530
internal_value=-2.66382e-12 0.000910061 -0.000500652 -0.00142896 -0.000751014 0.000102566 0.00276836 0.00343716 0.00136253 -0.00877788 -0.0111077 -0.00599249 0.0154509 -0.00112057 -0.00702531 -0.000658803 -0.000897893 0.000906926 -0.0015289 -0.00208006 0.00890295 -0.00352086 0.00140266 0.00835958 0.00085883 0.00170095 0.00358097 0.0105644 0.00248329 -0.000299062
internal_weight=26794 9509 17285 6808 6233 10477 2859 2715 1910 575 500 402 139 6094 442 5652 7618 3015 2311 4603 704 3256 1347 805 9488 5493 2481 337 2144 3995
internal_count=26794 9509 17285 6808 6233 10477 2859 2715 1910 575 500 402 139 6094 442 5652 7618 3015 2311 4603 704 3256 1347 805 9488 5493 2481 337 2144 3995
is_linear=0
shrinkage=0.05


Tree=90
num_leaves=28
num_cat=0
split_feature=4 7 4 3 3 4 4 4 7 7 7 7 4 7 4 4 4 4 0 0 3 7 7 3 7 7 7
split_gain=3.25597 2.45901 7.60732 7.73616 5.87369 6.42082 24.6714 14.0885 14.0511 13.2913 8.41458 4.27895 4.84198 17.1816 6.6384 3.13529 3.15672 3.08555 3.82275 13.0079 5.0172 2.86201 2.5307 1.73944 1.24913 0.127516 0.103268
threshold=13.500000000000002 0.41071118414402014 11.500000000000002 1.0000000180025095e-35 1.0000000180025095e-35 1.5000000000000002 2.5000000000000004 1.0000000180025095e-35 -0.78574690222740162 -1.3579659461975095 -0.55815973877906788 0.47248482704162603 5.5000000000000009 0.8301217555999757 6.5000000000000009 1.0000000180025095e-35 5.5000000000000009 12.500000000000002 3.5000000000000004 1.0000000180025095e-35 2.5000000000000004 0.44647487998008734 -0.67195332050323475 1.5000000000000002 0.53750970959663402 -0.073724288493394838 -0.11599046736955641
decision_type=2 2 2 2 2 2 2 2 2 2 2 2 2 2 2 2 2 2 2 2 2 2 2 2 2 2 2
left_child=1 4 11 -4 5 7 22 8 -1 -9 -8 15 13 -13 -14 21 -17 18 19 -6 -20 -3 -7 26 -5 -25 -19
right_child=-2 2 3 24 17 6 10 9 -10 -11 -12 12 14 -15 -16 16 -18 23 20 -21 -22 -23 -24 25 -26 -27 -28
leaf_value=-0.016542856489777342 0.016744660911278738 -0.0053751749701949209 -0.0022757993682342415 0.014444570429623127 0.00035753582784578565 -0.013992316254222474 0.0021999522145199229 -0.0046031130805936635 5.0131937857549676e-05 0.012952787384259491 -0.0031169774544614086 0.0068802046437653882 -0.0035131670276861769 -0.0021403354126211431 -1.311661043360066e-06 0.014183955640432292 -0.0042178121056422766 -0.010209821375086905 -6.9104768593329573e-05 0.0052078821804287861 0.020791743226863189 -0.01751433046736631 -0.024953645467758179 -0.0031045722839189698 0.02927752920717467 0.0014779675522789597 -0.0070890751934224146
leaf_weight=133 29 117 51 22 4244 196 1184 149 3134 390 2003 853 2299 1385 3245 28 139 75 4720 2050 29 83 72 20 40 63 41
leaf_count=133 29 117 51 22 4244 196 1184 149 3134 390 2003 853 2299 1385 3245 28 139 75 4720 2050 29 83 72 20 40 63 41
internal_value=3.52804e-12 -1.81429e-05 -0.000735351 0.0121488 0.000302106 -0.000806374 -0.00236692 0.000610257 -0.000625371 0.00809967 -0.00114169 -0.000914012 -0.000665199 0.00129779 -0.00145762 -0.00618995 -0.00113249 0.00101805 0.00112925 0.00193733 5.8283e-05 -0.0104129 -0.0169372 -0.0051526 0.0240142 0.000373741 -0.0091068
internal_weight=26794 26765 8262 113 18503 7261 3455 3806 3267 539 3187 8149 7782 2238 5544 367 167 11242 11043 6294 4749 200 268 199 62 83 116
internal_count=26794 26765 8262 113 18503 7261 3455 3806 3267 539 3187 8149 7782 2238 5544 367 167 11242 11043 6294 4749 200 268 199 62 83 116
is_linear=0
shrinkage=0.05


Tree=91
num_leaves=31
num_cat=0
split_feature=5 7 2 7 7 7 4 4 4 5 2 5 4 4 7 4 7 7 7 7 7 7 4 5 7 5 5 5 5 7
split_gain=4.46624 4.79032 4.75561 4.59763 14.1706 10.8107 7.84738 20.8005 10.7632 7.49629 31.1374 8.43603 7.48926 5.63029 4.35884 3.69509 3.05171 6.26697 6.93609 3.85759 3.22667 2.9736 2.81453 1.62312 1.56364 1.48875 7.5301 1.00675 0.593265 0.578795
threshold=83.500000000000014 -1.3579659461975095 1.5000000000000002 -0.24929150938987729 -0.26229648292064661 1.0000000180025095e-35 5.5000000000000009 1.0000000180025095e-35 6.5000000000000009 67.500000000000014 1.0000000180025095e-35 65.500000000000014 12.500000000000002 5.5000000000000009 0.78135308623313915 12.500000000000002 -0.20377407222986219 -0.40535125136375422 -0.39234627783298487 -0.15825664997100827 -0.55815973877906788 0.80736306309700023 4.5000000000000009 43.500000000000007 -0.16475913673639295 89.500000000000014 92.500000000000014 96.500000000000014 89.500000000000014 -0.028206859715282914
decision_type=2 2 2 2 2 2 2 2 2 2 2 2 2 2 2 2 2 2 2 2 2 2 2 2 2 2 2 2 2 2
left_child=2 25 3 4 9 12 7 -7 -8 11 -11 -1 13 -5 28 16 17 20 -19 24 -4 -21 23 -6 -18 -2 -27 -28 -3 -30
right_child=1 14 15 5 22 6 8 -9 -10 10 -12 -13 -14 -15 -16 -17 19 18 -20 21 -22 -23 -24 -25 -26 26 27 -29 29 -31
leaf_value=-0.0014989967821410796 0.01440241100845506 -0.0072424347662637311 0.0014802962955547715 0.0011905124739330091 -0.017610189772607383 -0.0013985272638312844 -0.0044334822956573665 0.00864954817063927 0.0011731824644571132 -0.00024430619883495833 0.032222772324236024 -0.013324960556797563 -0.0090352333723495715 0.0054518386132527095 0.0087993710819663923 0.021755628114832299 -0.0029024548977131734 0.011711528506576155 0.0025419216177484331 0.0024442100461315292 -0.0018464159145998326 -0.00070214718785917849 -0.022074351092386577 -0.005177035887359775 -0.0096055964063170591 -0.020564529911748002 0.020024594618007541 0.0083120483815058155 -0.0087480194866657261 -0.00038127493982097047
leaf_weight=5567 111 62 1604 1982 42 2296 2572 664 1283 611 84 155 138 1273 116 21 348 227 2254 1088 1336 2424 81 70 116 21 32 43 24 149
leaf_count=5567 111 62 1604 1982 42 2296 2572 664 1283 611 84 155 138 1273 116 21 348 227 2254 1088 1336 2424 81 70 116 21 32 43 24 149
internal_value=2.21456e-11 0.00442644 -9.41436e-05 -0.000597895 -0.00162525 6.73474e-05 -0.00108077 0.0008555 -0.0025675 -0.00122376 0.00367977 -0.00181934 0.00237339 0.00285708 0.000868757 0.000805421 0.000758602 0.00153027 0.0033809 -0.000293513 -3.14342e-05 0.000272579 -0.0149743 -0.00983947 -0.00457824 0.010459 0.00589948 0.0133094 -0.00304593 -0.00154198
internal_weight=26794 558 26236 16818 6610 10208 6815 2960 3855 6417 695 5722 3393 3255 351 9418 9397 5421 2481 3976 2940 3512 193 112 464 207 96 75 235 173
internal_count=26794 558 26236 16818 6610 10208 6815 2960 3855 6417 695 5722 3393 3255 351 9418 9397 5421 2481 3976 2940 3512 193 112 464 207 96 75 235 173
is_linear=0
shrinkage=0.05


Tree=92
num_leaves=31
num_cat=0
split_feature=1 5 5 5 2 5 5 0 0 0 0 5 5 0 5 0 5 0 2 5 2 5 0 0 2 5 0 5 0 5
split_gain=7.73692 5.75143 5.53851 4.14302 3.97791 15.8846 12.0248 8.60519 7.30643 3.74529 3.687 12.9842 14.2346 7.57674 9.23277 6.74622 37.5428 4.66239 4.52581 3.32278 3.31584 3.27817 4.75374 3.53457 2.89188 1.66681 2.57797 7.43427 6.68721 2.27733
threshold=1.0000000180025095e-35 26.500000000000004 81.500000000000014 9.5000000000000018 1.0000000180025095e-35 49.500000000000007 53.500000000000007 4.5000000000000009 1.0000000180025095e-35 1.0000000180025095e-35 4.5000000000000009 68.500000000000014 66.500000000000014 3.5000000000000004 29.500000000000004 2.5000000000000004 25.500000000000004 5.5000000000000009 1.5000000000000002 38.500000000000007 1.0000000180025095e-35 43.500000000000007 1.0000000180025095e-35 5.5000000000000009 1.0000000180025095e-35 57.500000000000007 5.5000000000000009 44.500000000000007 2.5000000000000004 65.500000000000014
decision_type=2 2 2 2 2 2 2 2 2 2 2 2 2 2 2 2 2 2 2 2 2 2 2 2 2 2 2 2 2 2
left_child=2 3 10 -2 5 21 8 -8 -7 -4 13 12 19 15 -15 24 -17 -14 -13 -12 -16 23 -23 -3 -1 26 28 -28 -6 -27
right_child=1 4 9 -5 25 6 7 -9 -10 -11 11 18 17 14 20 16 -18 -19 -20 -21 -22 22 -24 -25 -26 29 27 -29 -30 -31
leaf_value=-0.0017777113169369953 0.0080222676980257462 -0.00094968804811266659 0.010349827436730267 0.034662168003269475 0.0015116453991515801 0.025420756938789663 0.0023695752316798772 -0.0051566186703980218 0.0049129757184383218 0.00080623351251623329 0.0031718308474702563 0.017954091888054143 -0.03471337844928106 0.0038569359418977041 -0.0037649958510883154 -0.01014034096052694 0.037315375017268317 -0.011477435624541401 -0.0013055554710519621 -0.00022876610580691427 -0.01046617835223863 -0.01952047880617826 -0.0060703090724373463 -0.017603777430187435 -0.00025548517080347782 0.0052320760693054594 0.006969757359888547 0.00048832915282513755 -0.0069121335201677604 0.0011236412590007669
leaf_weight=5280 54 174 190 20 1275 78 1416 519 98 224 902 140 30 216 304 103 70 77 39 3528 470 123 141 39 7627 808 667 1314 289 579
leaf_count=5280 54 174 190 20 1275 78 1416 519 98 224 902 140 30 216 304 103 70 77 39 3528 470 123 141 39 7627 808 667 1314 289 579
internal_value=4.70243e-12 0.00135099 -0.000534343 0.0152222 0.00121449 -0.00037303 0.00148902 0.000350922 0.0140017 0.00518614 -0.000660409 0.00054949 2.83757e-05 -0.00106594 -0.0052834 -0.000746734 0.00906139 -0.0179922 0.0137579 0.000463635 -0.00783419 -0.00861368 -0.0123369 -0.00399903 -0.000878198 0.00204751 0.00147256 0.00267062 -4.49224e-05 0.00351702
internal_weight=26794 7594 19200 74 7520 2588 2111 1935 176 414 18786 4716 4537 14070 990 13080 173 107 179 4430 774 477 264 213 12907 4932 3545 1981 1564 1387
internal_count=26794 7594 19200 74 7520 2588 2111 1935 176 414 18786 4716 4537 14070 990 13080 173 107 179 4430 774 477 264 213 12907 4932 3545 1981 1564 1387
is_linear=0
shrinkage=0.05


Tree=93
num_leaves=31
num_cat=0
split_feature=5 7 7 4 0 4 5 7 4 7 7 5 0 5 7 7 5 5 5 5 7 5 5 4 0 5 7 7 5 5
split_gain=3.6853 4.31738 3.74659 2.99347 2.69165 12.4664 19.2573 23.3652 12.7475 21.79 6.14411 5.92089 14.6562 4.01844 10.8911 6.76097 1.28964 6.78735 0.958215 0.536709 0.557792 0.534135 0.53006 0.519821 0.362176 1.01033 0.321601 0.245551 0.23109 0.205705
threshold=83.500000000000014 -1.3579659461975095 0.78135308623313915 13.500000000000002 1.0000000180025095e-35 1.0000000180025095e-35 34.500000000000007 -0.21352781355381009 5.5000000000000009 1.4543607831001284 -0.34357759356498713 81.500000000000014 4.5000000000000009 42.500000000000007 -2.0927473306655879 -0.23303528130054471 89.500000000000014 92.500000000000014 96.500000000000014 89.500000000000014 -0.028206859715282914 87.500000000000014 101.50000000000001 5.5000000000000009 1.0000000180025095e-35 86.500000000000014 1.5974155068397524 -0.002196901739807799 86.500000000000014 93.500000000000014
decision_type=2 2 2 2 2 2 2 2 2 2 2 2 2 2 2 2 2 2 2 2 2 2 2 2 2 2 2 2 2 2
left_child=3 16 19 4 5 6 -1 -8 9 -7 -10 13 27 14 -6 -15 24 -18 -19 23 -21 -4 -20 -3 25 -2 -23 -13 -26 -22
right_child=1 2 21 -5 11 8 7 -9 10 -11 -12 12 -14 15 -16 -17 17 18 22 20 29 26 -24 -25 28 -27 -28 -29 -30 -31
leaf_value=-0.041766589954495434 0.018324757505346231 -0.0012165936408564449 0.00056254685856401928 0.015969765574896131 -0.018755212059387794 0.0039274912979417138 0.0052220393288102736 -0.0087671253368413696 -0.0032635787460094435 0.049428946283404475 0.00010293083523416141 0.0031814145907345746 -0.045987356329957652 -0.001518241010150734 0.0018532174536447232 0.00087583123026094062 -0.019620746103603218 0.019090555910952392 0.0024871446921125705 -0.0086296054781996642 0.0020126832117834553 0.011029138288607724 0.013616958493366839 -0.010615887287023821 0.012849828991151991 0.0056040909141302116 0.0039031897438690068 -0.0037284333072602747 0.019901848022037975 -0.0018371399962640506
leaf_weight=35 27 24 20 29 65 1032 443 915 1856 27 5024 36 24 5149 4679 6902 21 32 23 24 55 76 20 38 21 37 20 20 26 94
leaf_count=35 27 24 20 29 65 1032 443 915 1856 27 5024 36 24 5149 4679 6902 21 32 23 24 55 76 20 38 21 37 20 20 26 94
internal_value=-5.21602e-12 0.00402087 0.000643371 -8.55177e-05 -0.000103284 -0.000784688 -0.00514744 -0.00420365 -1.91869e-05 0.00508759 -0.000805244 0.000273538 -0.0132967 0.000338177 0.00157085 -0.000147078 0.00974792 0.00550423 0.0125392 -0.00298598 -0.00155552 0.00799594 0.0076638 -0.00697745 0.0134181 0.0109706 0.00954457 0.000713612 0.0167509 -0.000416064
internal_weight=26794 558 351 26236 26207 9332 1393 1358 7939 1059 6880 16875 80 16795 4744 12051 207 96 75 235 173 116 43 62 111 64 96 56 47 149
internal_count=26794 558 351 26236 26207 9332 1393 1358 7939 1059 6880 16875 80 16795 4744 12051 207 96 75 235 173 116 43 62 111 64 96 56 47 149
is_linear=0
shrinkage=0.05


Tree=94
num_leaves=31
num_cat=0
split_feature=2 4 4 6 4 0 4 4 2 4 4 4 4 6 0 6 4 4 4 6 0 4 4 6 0 0 6 4 4 6
split_gain=3.70841 3.22869 3.03715 4.16198 9.66045 7.91292 18.054 18.1098 6.47464 30.3352 10.3218 4.29737 10.9558 6.90328 2.90202 5.82943 5.20987 3.19202 7.59482 6.50252 3.9711 2.7638 3.91921 2.20625 2.1357 1.60872 1.58445 1.66203 1.39756 1.13854
threshold=1.5000000000000002 12.500000000000002 7.5000000000000009 7.5000000000000009 6.5000000000000009 1.0000000180025095e-35 6.5000000000000009 1.0000000180025095e-35 1.0000000180025095e-35 2.5000000000000004 5.5000000000000009 1.0000000180025095e-35 4.5000000000000009 5.5000000000000009 5.5000000000000009 7.5000000000000009 1.0000000180025095e-35 1.0000000180025095e-35 4.5000000000000009 6.5000000000000009 1.0000000180025095e-35 12.500000000000002 13.500000000000002 6.5000000000000009 5.5000000000000009 3.5000000000000004 10.500000000000002 4.5000000000000009 10.500000000000002 6.5000000000000009
decision_type=2 2 2 2 2 2 2 2 2 2 2 2 2 2 2 2 2 2 2 2 2 2 2 2 2 2 2 2 2 2
left_child=2 14 3 5 8 6 7 -1 9 -5 -10 13 -13 -7 17 16 23 19 -19 20 -2 -4 24 -16 -23 -21 27 -17 -20 -18
right_child=1 -3 21 4 -6 11 -8 -9 10 -11 -12 12 -14 -15 15 26 29 18 28 25 -22 22 -24 -25 -26 -27 -28 -29 -30 -31
leaf_value=-0.01340357176155731 -0.0017713192222250061 0.020376725069114143 0.0019878322840334605 -0.014938011928024545 0.018493773825466634 -0.0063862690399120381 -0.040158332298908916 -0.00097572322327843216 0.0028939719185337243 -0.00019583682731688022 -0.0050369120153062018 0.0060570410967158775 -0.0052480285947844622 -0.00040364109551140564 0.0063063554749203474 -0.00073419060165975339 -0.0078310365969201136 0.014737234030769248 -0.001287518560228714 0.00019180519250612394 -0.02083037978395199 -0.0035402043522654346 0.01619707657955587 0.0027596678837760111 -0.019456495943924654 -0.010427408358559778 -0.0063549510350352839 0.0064695411943830553 0.00065501126155156995 -0.00026624575637668223
leaf_weight=382 43 21 1919 373 70 581 35 1260 2662 5412 485 653 319 2835 883 1005 98 92 1166 417 75 252 24 871 23 39 114 87 4497 101
leaf_count=382 43 21 1919 373 70 581 35 1260 2662 5412 485 653 319 2835 883 1005 98 92 1166 417 75 252 24 871 23 39 114 87 4497 101
internal_value=4.13573e-12 0.000793072 -0.000436293 -0.000690587 -8.47948e-06 -0.00170301 -0.0046244 -0.00386698 -0.000153481 -0.00114637 0.0016717 -0.000586513 0.00234684 -0.00142118 0.000749727 0.00198746 0.00367529 0.000131938 0.000486562 -0.00342357 -0.0138851 0.00129114 -0.00318027 0.00454514 -0.00487139 -0.000716417 -0.000745834 -0.000160267 0.000255048 -0.00399162
internal_weight=26794 9509 17285 15067 9002 6065 1677 1642 8932 5785 3147 4388 972 3416 9488 3159 1953 6329 5755 574 118 2218 299 1754 275 456 1206 1092 5663 199
internal_count=26794 9509 17285 15067 9002 6065 1677 1642 8932 5785 3147 4388 972 3416 9488 3159 1953 6329 5755 574 118 2218 299 1754 275 456 1206 1092 5663 199
is_linear=0
shrinkage=0.05


Tree=95
num_leaves=31
num_cat=0
split_feature=1 6 6 2 4 4 6 4 4 6 4 2 4 4 6 4 6 4 6 4 6 4 6 6 6 2 4 4 6 2
split_gain=7.33584 9.64779 6.45762 6.44937 11.8094 6.10421 5.77566 5.6923 5.77163 4.98945 7.78078 3.52684 3.19368 28.8864 35.6545 16.4273 8.39017 7.9252 2.80719 2.71563 2.58236 1.81984 1.78262 1.69674 2.09635 1.79468 1.65238 2.81765 1.28557 1.16971
threshold=1.0000000180025095e-35 11.500000000000002 10.500000000000002 1.0000000180025095e-35 1.0000000180025095e-35 10.500000000000002 12.500000000000002 4.5000000000000009 5.5000000000000009 6.5000000000000009 10.500000000000002 1.0000000180025095e-35 1.5000000000000002 1.0000000180025095e-35 4.5000000000000009 2.5000000000000004 5.5000000000000009 4.5000000000000009 9.5000000000000018 5.5000000000000009 18.500000000000004 6.5000000000000009 7.5000000000000009 9.5000000000000018 6.5000000000000009 1.5000000000000002 12.500000000000002 6.5000000000000009 16.500000000000004 1.0000000180025095e-35
decision_type=2 2 2 2 2 2 2 2 2 2 2 2 2 2 2 2 2 2 2 2 2 2 2 2 2 2 2 2 2 2
left_child=5 2 3 4 -2 6 12 -8 29 10 -5 26 13 16 -15 22 -1 -17 -6 -11 -10 -13 -14 24 -7 -26 27 -4 -3 -9
right_child=1 28 11 9 18 23 7 8 20 19 -12 21 15 14 -16 17 -18 -19 -20 -21 -22 -23 -24 -25 25 -27 -28 -29 -30 -31
leaf_value=-0.0068795514139731936 -0.015669877330580628 -0.0036954534869293684 0.0086704875482828368 0.0069099746106878208 0.0018124954857835223 -0.00011892190748262234 -0.0064084470313356817 0.0087541647852422341 -0.0017906875876034175 0.0019269833941390375 -0.0025277431909399395 0.0028947965217085967 -0.0099241153438292123 0.0031111483116267034 0.030710471036307363 0.0064724887197973721 -0.00095800731112787724 -0.0019904446812790211 -0.0028236585522875093 -0.0024504767033770337 0.009522331731789041 -0.011361208199350922 -0.018949204047245011 -0.0050864621567981022 0.0052302170216565148 0.0014804957681703835 -0.0042349151250990957 0.024089271249249578 0.0055694461889708273 0.015912197006141975
leaf_weight=671 131 937 400 1076 853 2117 117 156 214 2736 274 131 92 520 151 290 5513 6003 529 407 66 27 135 114 364 2587 22 32 39 90
leaf_count=671 131 937 400 1076 853 2117 117 156 214 2736 274 131 92 520 151 290 5513 6003 529 407 66 27 135 114 364 2587 22 32 39 90
internal_value=-4.66629e-12 0.0013155 0.0019999 0.00150133 -0.00132215 -0.000520308 -0.00106236 0.00356645 0.0057852 0.00245213 0.00499447 0.00689273 -0.00128489 -0.000531378 0.00932202 -0.00207711 -0.00160053 -0.00160045 3.7875e-05 0.00136013 0.000875953 0.000458644 -0.0152915 0.000946011 0.00108171 0.00194302 0.0091319 0.00981262 -0.00332524 0.011373
internal_weight=26794 7594 6618 6006 1513 19200 14018 643 526 4493 1350 612 13375 6855 671 6520 6184 6293 1382 3143 280 158 227 5182 5068 2951 454 432 976 246
internal_count=26794 7594 6618 6006 1513 19200 14018 643 526 4493 1350 612 13375 6855 671 6520 6184 6293 1382 3143 280 158 227 5182 5068 2951 454 432 976 246
is_linear=0
shrinkage=0.05


Tree=96
num_leaves=31
num_cat=0
split_feature=2 4 4 3 0 4 4 4 4 4 4 4 4 2 0 2 3 3 3 4 0 0 0 4 3 0 3 4 3 4
split_gain=3.05477 3.01279 2.70959 3.47273 2.62206 2.89231 6.27044 2.88486 2.38977 3.46994 2.34976 6.28202 15.9852 11.7873 1.93116 1.80429 1.76963 1.73179 1.58215 3.25697 1.05491 15.3699 6.38826 1.71405 0.944357 0.884586 0.78449 0.487403 0.46163 0.261135
threshold=1.5000000000000002 12.500000000000002 7.5000000000000009 2.5000000000000004 5.5000000000000009 1.0000000180025095e-35 4.5000000000000009 7.5000000000000009 12.500000000000002 13.500000000000002 5.5000000000000009 1.0000000180025095e-35 1.5000000000000002 1.0000000180025095e-35 5.5000000000000009 1.0000000180025095e-35 1.0000000180025095e-35 1.5000000000000002 1.5000000000000002 4.5000000000000009 3.5000000000000004 2.5000000000000004 4.5000000000000009 11.500000000000002 1.5000000000000002 1.5000000000000002 1.5000000000000002 6.5000000000000009 1.0000000180025095e-35 4.5000000000000009
decision_type=2 2 2 2 2 2 2 2 2 2 2 2 2 2 2 2 2 2 2 2 2 2 2 2 2 2 2 2 2 2
left_child=2 4 3 10 5 17 25 18 20 14 11 13 -13 -1 24 -12 -8 -2 28 -20 21 23 -22 -4 -10 -7 -24 -17 -6 -5
right_child=1 -3 8 29 7 6 16 -9 9 -11 15 12 -14 -15 -16 27 -18 -19 19 -21 22 -23 26 -25 -26 -27 -28 -29 -30 -31
leaf_value=-0.010673495046118454 -0.0040042175372533599 0.019637350024034581 0.00061011893006686216 0.0099621161564507274 0.0032662766322285176 0.018071037615300156 -0.0020270883587899763 -0.0033914450936073301 -0.0053734053346766713 0.015310705868372075 -0.001230378817175054 0.0089099298764112721 -5.5232726934528898e-05 -0.00067588454195572983 -0.01838256125540837 -0.004738982214156565 0.0005658802173536513 0.0073232071021468283 -0.007260713424958579 0.011460050505896409 -0.0081368956867792826 0.032905000738981297 0.00168960452524073 0.00517890657982421 0.0011595095267693978 0.0082561121703210207 0.0056411928973321979 0.0019352624128604759 0.001970100362234088 0.017856187513098122
leaf_weight=310 538 21 837 22 1233 48 760 242 170 24 4657 599 2926 6022 23 482 4903 36 103 30 169 41 421 272 82 44 179 29 1551 20
leaf_count=310 538 21 837 22 1233 48 760 242 170 24 4657 599 2926 6022 23 482 4903 36 103 30 169 41 421 272 82 44 179 29 1551 20
internal_value=2.44793e-12 0.000719793 -0.00039598 -0.00063617 0.000677923 9.06887e-05 0.000428254 0.00185444 0.00123564 -0.00292221 -0.000676304 -0.000223549 0.00146821 -0.00116534 -0.00451345 -0.00153985 0.000217892 -0.00329379 0.00228964 -0.00303798 0.00188348 0.00284212 0.000449885 0.00173069 -0.00324762 0.0133769 0.0028685 -0.00436021 0.00254416 0.0137212
internal_weight=26794 9509 17285 15067 9488 6329 5755 3159 2218 299 15025 9857 3525 6332 275 5168 5663 574 2917 133 1919 1150 769 1109 252 92 600 511 2784 42
internal_count=26794 9509 17285 15067 9488 6329 5755 3159 2218 299 15025 9857 3525 6332 275 5168 5663 574 2917 133 1919 1150 769 1109 252 92 600 511 2784 42
is_linear=0
shrinkage=0.05


Tree=97
num_leaves=31
num_cat=0
split_feature=2 7 7 7 7 7 4 4 2 7 7 7 7 4 4 7 4 3 7 7 3 7 3 7 7 4 7 7 7 4
split_gain=2.75693 3.42257 9.9164 8.05765 12.7885 9.13617 7.2479 8.29052 16.5469 6.50402 5.96753 16.4656 6.03841 5.15264 16.943 13.4166 6.56642 8.66623 6.52269 4.17099 9.09445 7.2523 3.9945 3.82569 3.16932 2.71905 2.67093 5.2436 5.97213 6.03298
threshold=1.5000000000000002 -0.21677906066179273 -0.0086993912700563652 -0.2883064448833465 -0.29480892419815058 -0.28180395066738123 12.500000000000002 5.5000000000000009 1.0000000180025095e-35 -0.29155768454074854 -0.32407012581825251 -0.31756764650344843 -0.35983382165431971 5.5000000000000009 1.0000000180025095e-35 0.040069280192255981 6.5000000000000009 1.0000000180025095e-35 1.6851991415023806 -0.26554772257804865 1.0000000180025095e-35 -0.24929150938987729 1.0000000180025095e-35 1.7697314620018008 -0.054216818884015076 12.500000000000002 -0.20377407222986219 -0.40535125136375422 -0.38259252905845637 1.0000000180025095e-35
decision_type=2 2 2 2 2 2 2 2 2 2 2 2 2 2 2 2 2 2 2 2 2 2 2 2 2 2 2 2 2 2
left_child=1 3 6 4 10 22 7 8 -3 -6 12 -12 -1 14 15 -4 17 -15 -16 20 -7 -21 -5 -18 -9 26 27 -2 29 -29
right_child=25 2 13 5 9 19 -8 24 -10 -11 11 -13 -14 16 18 -17 23 -19 -20 21 -22 -23 -24 -25 -26 -27 -28 28 -30 -31
leaf_value=-0.00082942090061216426 -4.2600425986697094e-05 -0.011225815476358843 -0.015329099859361754 -0.025951344252262316 0.021373229677674875 0.015834849325116151 -0.0080537566047294406 0.012261413390797317 0.0034226071247958133 -0.0023439720954473425 -0.019885411232366767 0.00043108984932367666 0.0081922168924544788 -0.00096984794596210132 0.0095911830511997039 -0.00014443871011312516 0.0044590487093908145 -0.0062937985687876704 -0.0044951873704006801 -0.013022563184551054 -0.0065706921131263862 -0.00061997551976460011 -0.0087965821374494293 -0.00098665284990803845 0.0055168966612770057 0.018655482681822919 -0.00033966750557970341 0.010973734625606338 0.0020890154491899553 -0.016701904821786143
leaf_weight=5460 3012 222 156 71 98 78 144 256 1465 41 152 290 192 2030 609 2155 535 1226 95 208 108 272 65 812 545 21 3995 316 2144 21
leaf_count=5460 3012 222 156 71 98 78 144 256 1465 41 152 290 192 2030 609 2155 535 1226 95 208 108 272 65 812 545 21 3995 316 2144 21
internal_value=-3.62723e-12 -0.000376181 0.000206703 -0.00122544 -0.000618454 -0.00594285 0.00285254 0.00348377 0.00149495 0.0143775 -0.000960502 -0.00655558 -0.000522953 -0.000707427 0.000899298 -0.00116945 -0.00175984 -0.00297451 0.00769032 -0.0035313 0.00282518 -0.00599443 -0.0177524 0.00117626 0.00767245 0.000683804 0.000644027 0.00135946 0.00306159 0.00924914
internal_weight=26794 17285 10250 7035 6233 802 2632 2488 1687 139 6094 442 5652 7618 3015 2311 4603 3256 704 666 186 480 136 1347 801 9509 9488 5493 2481 337
internal_count=26794 17285 10250 7035 6233 802 2632 2488 1687 139 6094 442 5652 7618 3015 2311 4603 3256 704 666 186 480 136 1347 801 9509 9488 5493 2481 337
is_linear=0
shrinkage=0.05


Tree=98
num_leaves=28
num_cat=0
split_feature=6 2 3 0 6 3 6 6 0 0 6 3 0 0 6 6 0 2 0 0 0 3 3 6 6 6 6
split_gain=2.7148 2.65893 2.13649 2.09484 5.20341 8.20481 2.66781 2.2281 3.81461 5.81583 3.73907 3.71512 2.63389 2.07105 1.79148 1.70929 7.48247 5.35583 3.86892 3.68017 3.58194 2.94726 1.53315 1.07712 0.839106 0.0901581 0.00714419
threshold=17.500000000000004 1.5000000000000002 2.5000000000000004 5.5000000000000009 7.5000000000000009 1.0000000180025095e-35 4.5000000000000009 8.5000000000000018 4.5000000000000009 2.5000000000000004 13.500000000000002 1.5000000000000002 1.5000000000000002 3.5000000000000004 7.5000000000000009 8.5000000000000018 1.0000000180025095e-35 1.0000000180025095e-35 3.5000000000000004 6.5000000000000009 5.5000000000000009 1.0000000180025095e-35 1.5000000000000002 8.5000000000000018 8.5000000000000018 18.500000000000004 9.5000000000000018
decision_type=2 2 2 2 2 2 2 2 2 2 2 2 2 2 2 2 2 2 2 2 2 2 2 2 2 2 2
left_child=1 2 15 7 6 24 -5 11 9 -9 -10 14 -13 26 -3 16 21 19 -18 -17 -19 -1 -8 -7 -6 -2 -4
right_child=25 3 13 4 5 23 22 8 10 -11 -12 12 -14 -15 -16 17 18 20 -20 -21 -22 -23 -24 -25 -26 -27 -28
leaf_value=-0.0019734554957222439 0.0056561528984457252 -0.0016954609182622477 0.00027410238981246949 -0.012034035212959031 0.0023076136016604329 -0.0023222456777987717 0.0040286528043592717 0.0027391974629216247 -0.0040175781681193066 0.018903442708251533 0.016106109455227852 0.00050314411056184925 -0.017687411773949863 0.018238295416037244 -0.0062596615846268831 -0.00083458045142785996 0.0015006368928152372 0.0028604056310756174 -0.000959884103637607 0.01265860128173075 -0.0040363852346882384 -0.0055335936714928213 -0.00033820196485816781 -0.0061740603022668412 0.0065099263710631326 0.0094567239664914756 0.0015945278418560823
leaf_weight=1740 20 926 20 28 267 364 1697 767 301 60 25 3968 20 30 280 5525 2600 1984 4144 51 208 873 228 362 214 71 21
leaf_count=1740 20 926 20 28 267 364 1697 767 301 60 25 3968 20 30 280 5525 2600 1984 4144 51 208 873 228 362 214 71 21
internal_value=-4.99915e-13 -2.93806e-05 -0.000400362 0.00064164 0.00169352 -0.000887366 0.00328856 0.000117939 0.00210627 0.00391194 -0.00247435 -0.000323445 0.000411918 0.00825515 -0.00275514 -0.000436247 -0.000891391 0.000111999 -1.12847e-05 -0.000711167 0.00220597 -0.00316289 0.00351144 -0.00424285 0.00417725 0.00862143 0.000950418
internal_weight=26794 26703 17196 9507 3160 1207 1953 6347 1153 827 326 5194 3988 71 1206 17125 9357 7768 6744 5576 2192 2613 1925 726 481 91 41
internal_count=26794 26703 17196 9507 3160 1207 1953 6347 1153 827 326 5194 3988 71 1206 17125 9357 7768 6744 5576 2192 2613 1925 726 481 91 41
is_linear=0
shrinkage=0.05


Tree=99
num_leaves=31
num_cat=0
split_feature=5 7 7 5 7 5 7 7 4 6 5 6 7 4 5 5 5 5 6 5 5 7 6 6 5 5 7 5 7 6
split_gain=3.25373 3.51277 3.00526 2.25973 3.78678 6.82349 2.43342 9.69287 12.1786 13.0204 7.82542 6.80382 5.47011 10.0449 3.89812 3.72091 3.63467 3.17156 1.19942 0.986445 0.712647 0.653805 0.52579 0.562321 0.502164 0.439725 0.417261 0.364635 0.312543 0.265078
threshold=83.500000000000014 -1.3579659461975095 0.78135308623313915 81.500000000000014 -1.3579659461975095 82.500000000000014 0.80736306309700023 1.4543607831001284 1.0000000180025095e-35 7.5000000000000009 71.500000000000014 4.5000000000000009 0.76834812760353099 1.5000000000000002 46.500000000000007 80.500000000000014 10.500000000000002 29.500000000000004 14.500000000000002 91.500000000000014 88.500000000000014 0.79760929942131054 14.500000000000002 15.500000000000002 96.500000000000014 101.50000000000001 -0.057468062266707413 87.500000000000014 1.6494354605674746 13.500000000000002
decision_type=2 2 2 2 2 2 2 2 2 2 2 2 2 2 2 2 2 2 2 2 2 2 2 2 2 2 2 2 2 2
left_child=3 18 22 6 5 -5 12 8 9 -8 17 -10 15 14 -14 16 -1 -9 29 20 -20 -15 -3 -24 -21 -26 -17 -4 -12 -2
right_child=1 2 27 4 -6 -7 7 10 11 -11 28 -13 13 21 -16 26 -18 -19 19 24 -22 -23 23 -25 25 -27 -28 -29 -30 -31
leaf_value=0.0073072127897196269 0.010254648003889167 -0.0006388671395446484 0.0011749122664332391 -0.038272836262529551 0.00092028870980148431 -9.2407777905464177e-05 -0.017559016719283786 -0.0041127504836285054 0.016361584836690157 -0.00046502386018432477 0.019737502248134725 -0.0021818989136211694 0.0033214260424886434 0.0016920623411222795 0.028297828598955618 0.014675973407750906 8.0074713433052452e-06 0.00092063619928305128 0.0096792208296912069 0.015214817568419442 -0.0013998450468631185 -0.0070105851842806894 -0.01245481105539842 -0.0032747164112178311 0.0021516485402927449 0.012288794196210803 0.0067453553520694931 0.0085961691569536921 0.013020772981489527 0.016932315583385173
leaf_weight=172 23 144 20 22 61 25 280 352 51 185 43 1645 21 127 61 43 20244 2822 21 31 47 26 22 69 23 20 27 96 29 42
leaf_count=172 23 144 20 22 61 25 280 352 51 185 43 1645 21 127 61 43 20244 2822 21 31 47 26 22 69 23 20 27 96 29 42
internal_value=1.09642e-11 0.0037781 0.000731545 -8.03545e-05 -0.00729792 -0.0179641 -5.05207e-05 -0.000995131 -0.0035897 -0.0107582 0.000732182 -0.00162428 0.000195969 0.007781 0.0219014 0.000108959 6.95016e-05 0.000362428 0.008944 0.00636897 0.00202163 0.000213181 -0.00251897 -0.00549408 0.0103638 0.0068666 0.011617 0.00731664 0.0170322 0.0145694
internal_weight=26794 558 351 26236 108 47 26128 5407 2161 465 3246 1696 20721 235 82 20486 20416 3174 207 142 68 153 235 91 74 43 70 116 72 65
internal_count=26794 558 351 26236 108 47 26128 5407 2161 465 3246 1696 20721 235 82 20486 20416 3174 207 142 68 153 235 91 74 43 70 116 72 65
is_linear=0
shrinkage=0.05


Tree=100
num_leaves=31
num_cat=0
split_feature=1 4 5 4 4 5 4 5 5 0 0 4 0 4 5 5 5 5 4 4 5 0 5 0 5 0 4 5 5 5
split_gain=6.6074 4.92551 6.12847 15.2759 17.0492 13.9252 9.60059 6.15941 4.83107 4.66461 4.08415 3.90065 10.6133 4.8646 6.0202 3.82309 3.63893 11.789 4.81297 3.1811 3.07326 11.185 8.37716 6.8497 2.95018 8.21087 2.67485 2.57755 2.18978 2.05003
threshold=1.0000000180025095e-35 10.500000000000002 67.500000000000014 5.5000000000000009 4.5000000000000009 66.500000000000014 1.5000000000000002 70.500000000000014 26.500000000000004 1.0000000180025095e-35 4.5000000000000009 5.5000000000000009 2.5000000000000004 10.500000000000002 44.500000000000007 9.5000000000000018 42.500000000000007 50.500000000000007 4.5000000000000009 1.5000000000000002 70.500000000000014 2.5000000000000004 71.500000000000014 1.0000000180025095e-35 57.500000000000007 4.5000000000000009 13.500000000000002 45.500000000000007 73.500000000000014 48.500000000000007
decision_type=2 2 2 2 2 2 2 2 2 2 2 2 2 2 2 2 2 2 2 2 2 2 2 2 2 2 2 2 2 2
left_child=1 2 5 4 19 16 -7 -5 15 -3 -8 20 29 14 -14 -2 18 -18 -1 -4 24 23 -23 -22 27 -26 -15 -10 -6 -13
right_child=8 9 3 7 28 6 10 -9 11 -11 -12 12 13 26 -16 -17 17 -19 -20 -21 21 22 -24 -25 25 -27 -28 -29 -30 -31
leaf_value=0.0011967223909432959 0.0070451341052022252 -0.0003737049486510313 0.0023237787370594238 -0.015984306048649626 0.018785140054493117 -0.0041252275019919935 -0.018646408850708823 -0.0013188450826452662 0.003530230323892357 0.0027032812972672604 -0.040702196583151821 -0.0020014441172834913 -0.034955836227163674 -0.0056972932947118625 -0.01012742916903079 0.032635778868570928 -0.0045804368795711245 -0.00035073925115236483 -0.0019739320309210434 -0.0074378523439715405 -0.00064734636913411903 -0.026896403826629889 -0.0044372689456015479 0.017738547120018898 0.007965435908532683 8.3910471645941501e-05 0.013484978424385192 0.00055674623224391746 0.011191594211215322 0.0017571870431472608
leaf_weight=2888 54 3166 269 78 145 104 61 872 1062 2016 32 478 32 199 103 20 2584 4545 2044 121 130 52 206 83 705 622 20 2323 275 1505
leaf_count=2888 54 3166 269 78 145 104 61 872 1062 2016 32 478 32 199 103 20 2584 4545 2044 121 130 52 206 83 705 622 20 2323 275 1505
internal_value=-7.26028e-14 -0.0004938 -0.000980712 0.00177832 0.00682302 -0.00137685 -0.0145631 -0.00252296 0.00124848 0.000823363 -0.0262355 0.00112338 -0.000572485 -0.00854738 -0.0160127 0.0139615 -0.00116147 -0.00188385 -0.000117312 -0.00070483 0.00188804 -0.00196294 -0.00896392 0.00651711 0.00227297 0.00427116 -0.00394549 0.00148964 0.0138132 0.000851173
internal_weight=26794 19200 14018 1760 810 12258 197 950 7594 5182 93 7520 2337 354 135 74 12061 7129 4932 390 5183 471 258 213 4712 1327 219 3385 420 1983
internal_count=26794 19200 14018 1760 810 12258 197 950 7594 5182 93 7520 2337 354 135 74 12061 7129 4932 390 5183 471 258 213 4712 1327 219 3385 420 1983
is_linear=0
shrinkage=0.05


Tree=101
num_leaves=31
num_cat=0
split_feature=2 7 7 7 7 7 0 0 4 4 2 7 7 0 7 4 4 7 4 7 7 0 7 0 7 4 7 7 7 0
split_gain=2.17918 3.22495 8.80346 7.20018 11.3988 8.45474 21.666 8.05636 6.70367 7.49024 15.0037 5.74329 5.25721 18.0859 5.49441 4.38098 14.8777 12.0714 6.04982 5.73288 4.86895 4.2354 4.2216 3.94639 2.68748 2.34202 2.25978 4.80554 5.41343 5.03681
threshold=1.5000000000000002 -0.21677906066179273 -0.0086993912700563652 -0.2883064448833465 -0.29480892419815058 -0.28180395066738123 1.0000000180025095e-35 3.5000000000000004 12.500000000000002 5.5000000000000009 1.0000000180025095e-35 -0.29155768454074854 -0.32407012581825251 1.0000000180025095e-35 -0.35983382165431971 5.5000000000000009 1.0000000180025095e-35 0.040069280192255981 6.5000000000000009 1.6851991415023806 1.0934725999832156 4.5000000000000009 -0.26229648292064661 3.5000000000000004 -0.054216818884015076 12.500000000000002 -0.20377407222986219 -0.40535125136375422 -0.39234627783298487 1.0000000180025095e-35
decision_type=2 2 2 2 2 2 2 2 2 2 2 2 2 2 2 2 2 2 2 2 2 2 2 2 2 2 2 2 2 2
left_child=1 3 8 4 12 6 -5 22 9 10 -3 -6 14 -14 -1 16 17 -4 20 -18 -17 -9 -7 -20 -11 26 27 -2 29 -29
right_child=25 2 15 5 11 7 -8 21 -10 24 -12 -13 13 -15 -16 18 19 -19 23 -21 -22 -23 -24 -25 -26 -27 -28 28 -30 -31
leaf_value=-0.00078962808639193723 -0.00011311976388971857 -0.010672080299716342 -0.014518063789224612 0.015070031985248389 0.020146613770725245 0.0042753575243861287 -0.029405835960345458 0.016087264878442514 -0.0077645361796991599 0.011538511703383847 0.0032765412289186766 -0.0021404460015729434 -0.018361855293624104 0.0022237824240543005 0.0078160443688299591 -0.0019156412372984884 0.0089973263763662055 -0.00011470760848380467 0.0026851892052809621 -0.004208708017280227 -0.0071611849430293223 -0.0009653763680832388 -0.014242616704476824 -0.003773843842631608 0.0053278072816138203 0.017287148517512143 -0.00033379089439699244 0.028603809163905682 0.0021173930675761911 0.0072011094652593899
leaf_weight=5460 3012 222 156 38 98 37 98 40 144 256 1465 41 180 262 192 2728 609 2155 1041 95 528 406 183 306 545 21 3995 32 2254 195
leaf_count=5460 3012 222 156 38 98 37 98 40 144 256 1465 41 180 262 192 2728 609 2155 1041 95 528 406 183 306 545 21 3995 32 2254 195
internal_value=-7.84565e-12 -0.00033445 0.000231356 -0.00115883 -0.000585044 -0.00561817 -0.0169788 -0.00329829 0.0027243 0.00333137 0.00144098 0.0135727 -0.000907974 -0.00615951 -0.000497291 -0.00062995 0.000851586 -0.00108698 -0.00160037 0.00721526 -0.00276627 0.000564008 -0.0111282 0.00121788 0.00731275 0.000607946 0.00057103 0.0012291 0.00285858 0.0102182
internal_weight=26794 17285 10250 7035 6233 802 136 666 2632 2488 1687 139 6094 442 5652 7618 3015 2311 4603 704 3256 446 220 1347 801 9509 9488 5493 2481 227
internal_count=26794 17285 10250 7035 6233 802 136 666 2632 2488 1687 139 6094 442 5652 7618 3015 2311 4603 704 3256 446 220 1347 801 9509 9488 5493 2481 227
is_linear=0
shrinkage=0.05


Tree=102
num_leaves=26
num_cat=0
split_feature=6 2 4 6 0 4 2 4 4 4 4 4 4 0 6 4 4 6 4 0 6 0 0 0 6
split_gain=2.32533 2.10347 2.37385 3.72646 7.81111 18.1703 5.04314 20.1383 10.3118 4.17362 2.11578 1.94558 2.91768 1.93874 4.70821 3.93428 2.59787 5.87035 5.72868 1.6517 1.61035 0.89737 13.8438 5.23315 0.0765863
threshold=17.500000000000004 1.5000000000000002 7.5000000000000009 8.5000000000000018 1.0000000180025095e-35 6.5000000000000009 1.0000000180025095e-35 2.5000000000000004 5.5000000000000009 4.5000000000000009 12.500000000000002 12.500000000000002 13.500000000000002 5.5000000000000009 7.5000000000000009 1.0000000180025095e-35 1.0000000180025095e-35 6.5000000000000009 4.5000000000000009 5.5000000000000009 10.500000000000002 3.5000000000000004 2.5000000000000004 4.5000000000000009 18.500000000000004
decision_type=2 2 2 2 2 2 2 2 2 2 2 2 2 2 2 2 2 2 2 2 2 2 2 2 2
left_child=1 2 3 4 5 -1 7 -5 -8 -6 13 21 19 16 15 -15 17 -3 -18 -13 -16 22 -4 -23 -2
right_child=24 10 11 6 9 -7 8 -9 -10 -11 -12 12 -14 14 20 -17 18 -19 -20 -21 -22 23 -24 -25 -26
leaf_value=-0.0032798038690133057 0.0052460769552271818 -0.0131180017491037 0.0015828932045654619 -0.0135834259465633 9.5305725646778366e-05 -0.036118937112650899 0.0042053471421791156 0.00012246471228553472 -0.0041494158832045243 -0.0045402583494654584 0.016422790945285842 -0.0028779714102522874 0.014127819973509759 0.0038187595309308407 -0.00032344224077643873 -0.00359967914585436 0.012726206181611381 -0.00060578021425100278 0.00014844847348069953 -0.016877413808327656 -0.0065935207415471035 -0.0073404585206419647 0.031169120458568018 0.0026203730259658185 0.0087489303070264809
leaf_weight=2065 20 118 1109 283 4898 43 1613 5059 479 539 21 251 24 1754 1092 199 92 456 5662 23 113 169 41 600 71
leaf_count=2065 20 118 1109 283 4898 43 1613 5059 479 539 21 251 24 1754 1092 199 92 456 5662 23 113 169 41 600 71
internal_value=-6.66863e-13 -2.71915e-05 -0.000357155 -0.000583164 -0.00136598 -0.00394967 0.000211339 -0.000603624 0.00229238 -0.000364243 0.000569638 0.00116985 -0.00258887 0.000534542 0.00154639 0.00306286 2.95775e-05 -0.00317798 0.000349553 -0.00405311 -0.000911425 0.00175354 0.00263771 0.000431322 0.00797907
internal_weight=26794 26703 17196 14979 7545 2108 7434 5342 2092 5437 9507 2217 298 9486 3158 1953 6328 574 5754 274 1205 1919 1150 769 91
internal_count=26794 26703 17196 14979 7545 2108 7434 5342 2092 5437 9507 2217 298 9486 3158 1953 6328 574 5754 274 1205 1919 1150 769 91
is_linear=0
shrinkage=0.05


Tree=103
num_leaves=31
num_cat=0
split_feature=6 2 7 7 7 6 7 7 4 4 6 4 7 6 6 7 7 7 7 4 7 4 6 6 6 7 6 2 6 6
split_gain=2.09861 1.89838 2.69986 9.61412 10.2308 10.2021 7.76116 6.21675 5.62909 13.3016 11.496 5.07355 4.79644 4.48143 3.2396 1.9292 4.79285 15.5936 9.61489 6.60462 6.07568 4.87794 4.42717 2.72832 2.24992 1.32769 0.634643 0.399064 0.361795 0.268241
threshold=17.500000000000004 1.5000000000000002 -0.24604026228189466 -0.2883064448833465 -0.29480892419815058 8.5000000000000018 1.0000000180025095e-35 -0.28505519032478327 5.5000000000000009 1.0000000180025095e-35 9.5000000000000018 12.500000000000002 -0.32407012581825251 5.5000000000000009 9.5000000000000018 -1.4278677105903623 -0.75973692536354054 -0.82151058316230763 -0.67195332050323475 6.5000000000000009 -0.49313485622406 1.0000000180025095e-35 6.5000000000000009 10.500000000000002 12.500000000000002 -2.0927473306655879 11.500000000000002 1.0000000180025095e-35 9.5000000000000018 13.500000000000002
decision_type=2 2 2 2 2 2 2 2 2 2 2 2 2 2 2 2 2 2 2 2 2 2 2 2 2 2 2 2 2 2
left_child=1 2 3 4 12 -6 11 -5 9 -8 -10 13 -1 -4 -9 23 17 19 22 -17 -20 -19 -18 25 26 28 -25 -13 -3 -26
right_child=-2 15 6 7 5 -7 8 14 10 -11 -12 27 -14 -15 -16 16 18 21 20 -21 -22 -23 -24 24 29 -27 -28 -29 -30 -31
leaf_value=-0.00045599214904302614 0.0075801187018341909 0.0052183050961632817 -0.0049836276937199539 -0.031685671046376228 0.0044103697389364241 0.034560620975800052 -0.00099103739000249488 -0.006937324136895357 0.00063606333418200973 0.0069509469456895808 -0.0047829460003023811 -0.0054949915884243486 -0.0058649438650640179 0.0029219528474113692 0.013562207901850344 0.0086485820329945656 0.021219533527126681 -0.026958966568112377 -0.0043364639985953536 -0.0042196748331965262 0.00075049500855929715 -0.0088649499506966486 0.0063200408183734557 0.0017241814191330156 0.0021873790267351516 0.019186647759686988 -0.0046874695444400882 -0.011379509705584497 0.010266428399417136 0.007296957476951537
leaf_weight=5636 91 168 190 25 100 39 2300 530 1972 684 1943 103 442 3172 20 165 65 75 637 252 7474 74 214 53 37 22 142 40 45 84
leaf_count=5636 91 168 190 25 100 39 2300 530 1972 684 1943 103 442 3172 20 165 65 75 637 252 7474 74 214 53 37 22 142 40 45 84
internal_value=-1.01526e-11 -2.5832e-05 -0.000339298 -0.0011147 -0.000542605 0.0128698 0.000166906 -0.00730031 -0.000806477 0.000829444 -0.00205337 0.00208285 -0.000849338 0.00247518 -0.00619189 0.000541156 0.000364489 -0.00408882 0.000664914 0.000872081 0.000350989 -0.0179727 0.00979125 0.00341272 0.000378603 0.00749264 -0.00294482 -0.00714101 0.00628481 0.00573452
internal_weight=26794 26703 17196 6792 6217 139 10404 575 6899 2984 3915 3505 6078 3362 550 9507 8956 566 8390 417 8111 149 279 551 316 235 195 143 213 121
internal_count=26794 26703 17196 6792 6217 139 10404 575 6899 2984 3915 3505 6078 3362 550 9507 8956 566 8390 417 8111 149 279 551 316 235 195 143 213 121
is_linear=0
shrinkage=0.05


Tree=104
num_leaves=31
num_cat=0
split_feature=6 7 7 4 6 0 6 0 6 7 4 6 0 0 4 4 6 7 4 7 7 0 6 7 6 6 7 7 7 6
split_gain=1.89399 1.77895 8.36178 11.4186 11.5281 6.90622 5.94779 7.59029 5.49099 5.09302 8.96244 5.30049 4.88377 3.88678 21.8483 5.96298 3.03031 2.3152 2.21135 4.50546 1.90392 1.68575 1.25424 1.03181 0.926177 0.898922 0.370271 0.217767 0.0975443 0.0691191
threshold=17.500000000000004 0.80736306309700023 1.4543607831001284 1.0000000180025095e-35 7.5000000000000009 4.5000000000000009 9.5000000000000018 4.5000000000000009 4.5000000000000009 0.76834812760353099 5.5000000000000009 6.5000000000000009 1.0000000180025095e-35 1.0000000180025095e-35 8.5000000000000018 1.0000000180025095e-35 1.5000000000000002 1.5779080390930178 12.500000000000002 0.16686782985925677 -0.41835623979568476 4.5000000000000009 8.5000000000000018 -0.51914480328559864 10.500000000000002 8.5000000000000018 1.0024377107620241 -0.86702802777290333 0.78135308623313915 18.500000000000004
decision_type=2 2 2 2 2 2 2 2 2 2 2 2 2 2 2 2 2 2 2 2 2 2 2 2 2 2 2 2 2 2
left_child=1 9 3 4 5 -3 13 17 26 16 11 -11 -10 14 -4 -15 21 -8 20 -20 -18 27 -13 -23 28 -6 -5 -1 -12 -2
right_child=29 2 6 8 25 -7 7 -9 12 10 24 22 -14 15 -16 -17 18 -19 19 -21 -22 23 -24 -25 -26 -27 -28 -29 -30 -31
leaf_value=0.0040276215663955861 0.0046047671441920108 -0.021897250306695547 -0.018110827075052124 0.01970840421272442 -0.0042304393282727518 -0.0049820485440167511 -0.0047201545993712825 0.02719098835154192 0.0011334543127816082 -0.002951518073678017 0.0026751833454686769 0.017550603974172296 -0.0043134741472076752 0.0072870262841388464 0.0014277939777258004 -0.00017273773330155518 -0.0005351395183055143 0.0053633853366288047 -0.0023338439602389178 -0.024255151846087897 0.0004690567556588573 0.0073941869382950958 0.030274741152922315 0.019272012237431201 -0.0098215642579210297 0.002735991185211172 0.01110629737056021 -0.0027079725055955354 -0.00029929999727755789 0.0079324778038221341
leaf_weight=24 20 192 186 22 87 88 66 38 754 22 49 34 906 320 620 1645 7318 414 238 26 13296 41 45 33 24 99 29 24 63 71
leaf_count=24 20 192 186 22 87 88 66 38 754 22 49 34 906 320 620 1645 7318 414 238 26 13296 41 45 33 24 99 29 24 63 71
internal_value=-7.20108e-13 -2.45404e-05 -0.000828963 -0.0032327 -0.0101714 -0.016581 0.00076208 0.00567986 -0.00134291 0.000182503 0.00747114 0.018754 -0.00183939 -0.000157231 -0.00308112 0.00104208 0.000100245 0.0039769 5.43318e-05 -0.00449276 0.000112566 0.00795746 0.0247985 0.0126911 -0.000908011 -0.000522501 0.014817 0.000659825 0.00100204 0.00720111
internal_weight=26794 26703 5466 2177 466 280 3289 518 1711 21237 237 101 1660 2771 806 1965 21000 480 20878 264 20614 122 79 74 136 186 51 48 112 91
internal_count=26794 26703 5466 2177 466 280 3289 518 1711 21237 237 101 1660 2771 806 1965 21000 480 20878 264 20614 122 79 74 136 186 51 48 112 91
is_linear=0
shrinkage=0.05


Tree=105
num_leaves=19
num_cat=0
split_feature=6 4 7 7 4 6 6 0 6 7 4 6 4 0 7 6 6 6
split_gain=1.70933 1.68392 1.5514 7.54651 10.3053 10.4041 5.36788 6.87966 4.95562 4.61805 8.0886 4.78369 3.84139 3.50782 3.28649 2.6945 0.835874 0.06238
threshold=17.500000000000004 13.500000000000002 0.80736306309700023 1.4543607831001284 1.0000000180025095e-35 7.5000000000000009 9.5000000000000018 5.5000000000000009 4.5000000000000009 0.76834812760353099 5.5000000000000009 6.5000000000000009 12.500000000000002 1.0000000180025095e-35 0.16686782985925677 1.5000000000000002 10.500000000000002 18.500000000000004
decision_type=2 2 2 2 2 2 2 2 2 2 2 2 2 2 2 2 2 2
left_child=1 2 9 4 5 -4 13 -8 -6 12 11 -11 15 -5 -14 -1 -12 -2
right_child=17 -3 3 6 8 -7 7 -9 -10 10 16 -13 14 -15 -16 -17 -18 -19
leaf_value=0.0075595832859704148 0.0043745286809280517 0.012018620376956874 -0.015751991880325868 -0.0029270625918125506 0.014076159728289234 -0.00049637553146890097 0.0038447361492010036 0.026801511549523899 -0.0017474180603671977 -0.0028039427982135255 0.00095193461675080471 0.023558603677474248 -0.0041924503131136838 0.00098997969884206494 -0.023042394306797248 0.00010693733379663636 -0.0093304860948895414 0.007535853609442711
leaf_weight=122 20 29 280 806 51 186 483 35 1660 22 112 79 209 1965 26 20614 24 71
leaf_count=122 20 29 280 806 51 186 483 35 1660 22 112 79 209 1965 26 20614 24 71
internal_value=-6.08181e-12 -2.33133e-05 -3.64054e-05 -0.000787515 -0.00307107 -0.00966284 0.000723976 0.00539587 -0.00127576 0.00015718 0.00709759 0.0178163 7.87445e-05 -0.000149369 -0.00627798 0.000150785 -0.00086261 0.00684106
internal_weight=26794 26703 26674 5466 2177 466 3289 518 1711 21208 237 101 20971 2771 235 20736 136 91
internal_count=26794 26703 26674 5466 2177 466 3289 518 1711 21208 237 101 20971 2771 235 20736 136 91
is_linear=0
shrinkage=0.05


Tree=106
num_leaves=29
num_cat=0
split_feature=5 5 0 4 5 0 6 5 5 0 4 6 0 6 4 6 6 4 5 4 5 5 5 4 5 5 5 5
split_gain=2.35243 2.1162 15.1329 2.09413 1.96489 5.04743 3.24789 12.158 5.70221 3.59597 9.40618 2.07022 1.94158 1.73226 1.34262 1.34277 1.2166 0.780375 1.16906 0.771312 0.683926 0.7182 0.672676 0.436713 0.233965 0.505411 0.187137 0.112367
threshold=83.500000000000014 81.500000000000014 4.5000000000000009 5.5000000000000009 78.500000000000014 4.5000000000000009 11.500000000000002 59.500000000000007 68.500000000000014 1.0000000180025095e-35 1.0000000180025095e-35 13.500000000000002 6.5000000000000009 12.500000000000002 4.5000000000000009 14.500000000000002 18.500000000000004 12.500000000000002 89.500000000000014 5.5000000000000009 91.500000000000014 88.500000000000014 96.500000000000014 5.5000000000000009 87.500000000000014 84.500000000000014 93.500000000000014 82.500000000000014
decision_type=2 2 2 2 2 2 2 2 2 2 2 2 2 2 2 2 2 2 2 2 2 2 2 2 2 2 2 2
left_child=1 4 23 14 6 11 9 -8 -9 10 -1 13 -11 -6 -2 24 17 18 -5 -13 21 -17 -22 -3 25 -16 -20 -25
right_child=3 2 -4 16 5 -7 7 8 -10 12 -12 19 -14 -15 15 20 -18 -19 26 -21 22 -23 -24 27 -26 -27 -28 -29
leaf_value=-0.0045587678286872447 -0.0031716330067044305 0.0066434435728119634 -0.04206787856916587 -0.0099379999063363908 -0.0047187278184163224 0.021743526195900309 0.035918420758098361 -0.010178327666971174 -0.0014997088156420756 0.00054168251916387133 -6.9671554966662473e-05 0.0015507930626525827 -0.0053937237125590261 0.0083794550171920248 0.011134318101765781 0.009097059375860474 0.0063181505922008975 0.0061272829971952191 0.0016945012726775203 -0.0097930123033218609 0.013995166588574649 -0.0018125647979710874 0.0045965798427053594 0.0020471303169393822 0.0093187211486308475 0.021319499540896642 -0.0017937729774320571 -0.003066188575361263
leaf_weight=1381 31 41 24 41 34 36 20 243 856 15728 7527 23 139 98 29 22 68 31 61 43 32 48 47 21 23 21 104 22
leaf_count=1381 31 41 24 41 34 36 20 243 856 15728 7527 23 139 98 29 22 68 31 61 43 32 48 47 21 23 21 104 22
internal_value=-7.55113e-12 -6.83247e-05 -0.00705291 0.00321248 -3.94539e-05 0.00452173 -8.06726e-05 -0.00271556 -0.00341864 3.83362e-05 -0.000765613 0.0013905 0.000489686 0.00500568 0.00657562 0.00793672 0.000422735 -0.00126878 -0.00238178 -0.00583987 0.00521488 0.00161617 0.0084036 0.00295137 0.0134923 0.0154121 -0.000504169 -0.000568986
internal_weight=26794 26236 108 558 26128 234 25894 1119 1099 24775 8908 198 15867 132 253 222 305 237 206 66 149 70 79 84 73 50 165 43
internal_count=26794 26236 108 558 26128 234 25894 1119 1099 24775 8908 198 15867 132 253 222 305 237 206 66 149 70 79 84 73 50 165 43
is_linear=0
shrinkage=0.05


Tree=107
num_leaves=29
num_cat=0
split_feature=5 5 0 4 3 5 3 5 0 4 3 4 4 4 3 5 5 0 5 4 3 5 5 5 5 5 5 0
split_gain=2.12306 1.90987 13.6575 1.88995 2.81986 1.77331 4.93674 2.229 1.69709 9.26893 3.76067 1.53305 1.23604 1.21172 1.14208 1.56541 1.51201 0.997866 0.937549 0.394134 0.432292 0.218256 0.203145 0.16132 0.101411 0.0866419 0.0457248 0.0103214
threshold=83.500000000000014 81.500000000000014 4.5000000000000009 5.5000000000000009 1.0000000180025095e-35 78.500000000000014 1.5000000000000002 77.500000000000014 1.0000000180025095e-35 1.0000000180025095e-35 1.0000000180025095e-35 5.5000000000000009 11.500000000000002 4.5000000000000009 1.0000000180025095e-35 86.500000000000014 91.500000000000014 1.0000000180025095e-35 89.500000000000014 5.5000000000000009 1.5000000000000002 93.500000000000014 87.500000000000014 92.500000000000014 82.500000000000014 92.500000000000014 94.500000000000014 1.0000000180025095e-35
decision_type=2 2 2 2 2 2 2 2 2 2 2 2 2 2 2 2 2 2 2 2 2 2 2 2 2 2 2 2
left_child=1 5 19 13 23 7 12 8 9 -1 -10 -9 17 -2 22 -16 -17 -7 -6 20 -3 25 -15 -5 -21 -20 -23 -13
right_child=3 2 -4 4 18 6 -8 11 10 -11 -12 27 -14 14 15 16 -18 -19 21 24 -22 26 -24 -25 -26 -27 -28 -29
leaf_value=-0.0043357148091948093 -0.0030130512111129302 0.011321665985243661 -0.039964484361310802 0.011273360456384364 -0.0096772368270449521 0.0089331936170446123 0.021909636664478219 0.0076558085779349014 -0.00060895457892236196 9.2543009490939459e-05 0.00091804736460353916 -0.0070917529345024379 -0.0098794349807907241 0.011197537467593239 0.015772427973570303 -0.0015266153400074946 0.0086499469967125219 0.00044077135060864098 -0.00055251925950869916 0.0019447736042950835 0.0010503563284873963 -0.002024523685938757 0.017999360309508834 0.0063294368771860364 -0.0029128791954876349 0.0032934270937133719 -0.0045024772640317682 -0.0063140839742118265
leaf_weight=1393 31 21 24 21 41 47 34 21 7014 7790 9484 64 22 21 32 73 73 131 32 21 20 83 23 77 22 27 24 128
leaf_count=1393 31 21 24 21 41 47 34 21 7014 7790 9484 64 22 21 32 73 73 131 32 21 20 83 23 77 22 27 24 128
internal_value=5.57139e-12 -6.49084e-05 -0.00670026 0.00305186 0.000401598 -3.74812e-05 0.00429565 -7.6639e-05 -3.43907e-05 -0.000579194 0.000268854 -0.00517044 0.00130127 0.00624684 0.00753989 0.00575686 0.00356167 0.00268315 -0.00290638 0.0028038 0.00631127 -0.00123405 0.014753 0.00738885 -0.000540537 0.00120749 -0.00258033 -0.00657331
internal_weight=26794 26236 108 558 305 26128 234 25894 25681 9183 16498 213 200 253 222 178 146 178 207 84 41 166 44 98 43 59 107 192
internal_count=26794 26236 108 558 305 26128 234 25894 25681 9183 16498 213 200 253 222 178 146 178 207 84 41 166 44 98 43 59 107 192
is_linear=0
shrinkage=0.05


Tree=108
num_leaves=31
num_cat=0
split_feature=1 7 7 7 2 7 7 7 7 7 7 7 7 7 2 0 7 7 7 2 7 7 7 7 7 0 7 7 0 0
split_gain=6.27399 3.32383 9.65587 6.2691 4.65862 4.46493 15.3954 6.29533 5.01882 4.25381 3.23374 19.9623 9.14684 17.573 7.25575 7.19862 7.17846 6.90281 6.12344 8.92035 4.91741 6.11535 2.60339 2.34093 2.28061 2.86159 1.63863 1.47212 1.1732 13.1034
threshold=1.0000000180025095e-35 0.80736306309700023 1.4868732094764712 0.78135308623313915 1.0000000180025095e-35 -0.36958755552768702 -0.37609004974365229 -0.54515478014945973 -0.34357759356498713 1.0642113685607912 1.0902213454246523 1.0934725999832156 0.8918953835964204 0.87563917040824901 1.0000000180025095e-35 1.0000000180025095e-35 0.44647487998008734 0.58952966332435619 1.7989926934242251 1.0000000180025095e-35 1.5518980622291567 1.5779080390930178 1.3015522360801699 0.96342280507087719 1.3015522360801699 3.5000000000000004 0.91465410590171825 -0.34032635390758509 3.5000000000000004 2.5000000000000004
decision_type=2 2 2 2 2 2 2 2 2 2 2 2 2 2 2 2 2 2 2 2 2 2 2 2 2 2 2 2 2 2
left_child=1 3 9 5 -5 6 7 -1 -7 26 12 -12 13 14 16 18 -2 -16 22 -20 -17 -22 -13 -14 25 -11 -3 -10 29 -4
right_child=10 2 28 4 -6 8 -8 -9 27 24 11 15 23 -15 17 20 -18 -19 19 -21 21 -23 -24 -25 -26 -27 -28 -29 -30 -31
leaf_value=0.00029797556302008603 -0.00026450509106805235 -0.0050304969133705734 0.00015210650765755493 -0.00071983107924461368 0.019036616331809579 0.008410420648192949 -0.03894411656591628 -0.0029933877367285177 -0.011338297013814252 -0.01166055506265104 0.023361731603227812 -0.0095714413372871409 -0.027977548843180697 0.037977457907982175 0.0015483875415130532 -0.0013870820048309509 -0.0080632025972713073 0.011078686108017087 -0.030994054713907343 0.0016759226727928664 0.033146756559356373 0.0060368219459385501 0.0039103511846928013 -0.0098895994032610138 -0.0044157907824565693 -0.000312633480114693 -0.00075816077245836888 0.00035525312745134265 -0.0022760542063988399 0.02939209953332559
leaf_weight=3414 1701 360 2182 50 74 196 27 2529 27 351 116 52 27 32 4201 252 357 199 48 37 22 382 115 53 356 66 596 8533 400 39
leaf_count=3414 1701 360 2182 50 74 196 27 2529 27 351 116 52 27 32 4201 252 357 199 48 37 22 382 115 53 356 66 596 8533 400 39
internal_value=-2.01826e-12 -0.00048118 -0.00169669 -0.000125123 0.0110703 -0.000219394 -0.00127378 -0.00110264 0.000499507 -0.00459708 0.00121657 0.00383006 0.000809237 0.00101637 0.000833222 0.00133482 -0.00161734 0.00197942 -0.00584814 -0.016773 0.00409413 0.00751311 -0.000287572 -0.0159943 -0.00735512 -0.00986448 -0.00236699 0.000318369 0.000216622 0.000665551
internal_weight=26794 19200 4350 14850 124 14726 5970 5943 8756 1729 7594 1024 6570 6490 6458 908 2058 4400 252 85 656 404 167 80 773 417 956 8560 2621 2221
internal_count=26794 19200 4350 14850 124 14726 5970 5943 8756 1729 7594 1024 6570 6490 6458 908 2058 4400 252 85 656 404 167 80 773 417 956 8560 2621 2221
is_linear=0
shrinkage=0.05


Tree=109
num_leaves=28
num_cat=0
split_feature=5 5 3 5 4 3 5 3 5 4 4 5 4 4 5 5 3 2 5 5 2 4 2 5 5 5 5
split_gain=1.89563 1.7321 5.66171 4.80197 1.71929 2.53837 1.60542 4.4461 2.0184 1.50203 1.3978 1.3252 1.13901 1.08196 1.03723 4.23205 1.15347 1.39071 1.12665 0.854064 0.480631 0.420207 0.405355 0.198638 0.134129 0.0771344 0.0415869
threshold=83.500000000000014 81.500000000000014 1.5000000000000002 82.500000000000014 5.5000000000000009 1.0000000180025095e-35 78.500000000000014 1.5000000000000002 77.500000000000014 13.500000000000002 5.5000000000000009 51.500000000000007 11.500000000000002 4.5000000000000009 89.500000000000014 92.500000000000014 1.5000000000000002 1.0000000180025095e-35 96.500000000000014 89.500000000000014 1.0000000180025095e-35 5.5000000000000009 1.0000000180025095e-35 93.500000000000014 92.500000000000014 92.500000000000014 94.500000000000014
decision_type=2 2 2 2 2 2 2 2 2 2 2 2 2 2 2 2 2 2 2 2 2 2 2 2 2 2 2
left_child=1 6 21 -4 13 24 8 12 9 11 -10 -1 22 -2 16 -16 17 -15 -17 20 -7 -3 -8 25 -6 -21 -25
right_child=4 2 3 -5 5 19 7 -9 10 -11 -12 -13 -14 14 15 18 -18 -19 -20 23 -22 -23 -24 26 -26 -27 -28
leaf_value=-0.00036162133256958739 -0.002818987464472171 0.0077002475797026257 -0.037557534270343335 -0.0041308883577585226 0.010527359490238485 -0.014528013499719756 0.0014982904074713589 0.020803495917885707 0.0073277291442666731 0.011340465945199711 -0.0062592157723884156 0.00036294278079853563 -0.0094869203738529584 0.008433445494267203 -0.015975394360297782 0.015868093705538548 0.0043000553889820971 0.022528593382448892 0.0038148345653601784 -0.00051780916983261709 -0.0036976471543312076 -0.000457774651677985 0.0078722096172471855 -0.0019406866949859512 0.0060193105618916937 0.0031109930464514983 -0.004303860713359124
leaf_weight=14447 31 27 21 22 21 21 148 34 21 29 192 11205 22 42 22 33 48 30 47 32 20 38 30 83 77 27 24
leaf_count=14447 31 27 21 22 21 21 148 34 21 29 192 11205 22 42 22 33 48 30 47 32 20 38 30 83 77 27 24
internal_value=-2.54043e-12 -6.13333e-05 -0.00638034 -0.0204555 0.00288376 0.000355992 -3.52137e-05 0.00408769 -7.24717e-05 -3.22688e-05 -0.00491966 -4.51259e-05 0.00124601 0.00593108 0.00715293 0.00344594 0.0103039 0.0143064 0.0087868 -0.00278253 -0.00924491 0.00293094 0.00257255 -0.0011864 0.00698532 0.00114283 -0.00247074
internal_weight=26794 26236 108 43 558 305 26128 234 25894 25681 213 25652 200 253 222 102 120 72 80 207 41 65 178 166 98 59 107
internal_count=26794 26236 108 43 558 305 26128 234 25894 25681 213 25652 200 253 222 102 120 72 80 207 41 65 178 166 98 59 107
is_linear=0
shrinkage=0.05


Tree=110
num_leaves=31
num_cat=0
split_feature=2 7 7 7 7 7 0 0 7 7 4 4 2 7 0 7 7 4 4 4 4 4 7 7 4 7 7 4 7 7
split_gain=1.45151 2.62645 7.09388 6.39187 9.36837 7.15188 19.2971 6.62531 5.20643 5.01605 4.83444 6.84061 12.8936 4.44279 16.1314 4.73025 3.93876 3.81798 8.17022 4.82588 11.9238 2.82381 2.36317 2.2187 1.72379 1.8814 5.28861 6.148 4.33816 4.06448
threshold=1.5000000000000002 -0.22003030031919477 -0.0086993912700563652 -0.2883064448833465 -0.29480892419815058 -0.28180395066738123 1.0000000180025095e-35 3.5000000000000004 -0.22653279453516004 -0.29155768454074854 12.500000000000002 5.5000000000000009 1.0000000180025095e-35 -0.32407012581825251 1.0000000180025095e-35 -0.35983382165431971 -0.26229648292064661 11.500000000000002 12.500000000000002 5.5000000000000009 1.0000000180025095e-35 6.5000000000000009 -0.054216818884015076 1.7989926934242251 12.500000000000002 -0.22003030031919477 -0.23303528130054471 4.5000000000000009 -0.24929150938987729 -0.40535125136375422
decision_type=2 2 2 2 2 2 2 2 2 2 2 2 2 2 2 2 2 2 2 2 2 2 2 2 2 2 2 2 2 2
left_child=1 3 10 4 13 6 -5 16 -9 -6 11 12 -3 15 -15 -1 -7 19 -19 20 -4 -21 -13 -20 25 26 28 -28 29 -2
right_child=24 2 17 5 9 7 -8 8 -10 -11 -12 22 -14 14 -16 -17 -18 18 23 21 -22 -23 -24 -25 -26 -27 27 -29 -30 -31
leaf_value=-0.00066705230715645794 -0.00019007403027296568 -0.010021097756788604 -0.00090499318862319897 0.014560239595410071 0.018498049787606816 0.0044997061426575126 -0.027413753972255758 0.002069645115931629 -0.017288717361608228 -0.0023302186689362291 -0.0064393791419408656 0.010739980325834819 0.0028790965389139354 -0.017125172101789054 0.0023163768174908768 0.0073177880981044538 -0.013446911542401227 0.023832529813051225 -0.0043171564422340861 -0.0025198236011325943 0.0065275139588927486 0.00034769081540206472 0.004923774310443209 0.0097155676791217272 0.014805605918878601 -0.00034541477208568721 0.02146962230326608 -0.0069806104974338302 -0.013786463231546807 0.0026184214509125839
leaf_weight=5460 3012 223 2311 38 98 37 98 404 38 41 144 257 1474 180 262 192 176 50 90 3256 704 1166 545 41 21 4084 64 27 50 2251
leaf_count=5460 3012 223 2311 38 98 37 98 404 38 41 144 257 1474 180 262 192 176 50 90 3256 704 1166 545 41 21 4084 64 27 50 2251
internal_value=1.06876e-11 -0.000272957 0.000236981 -0.0010179 -0.000480581 -0.00525191 -0.0156857 -0.0030855 0.000405352 0.0123545 0.00246895 0.00298228 0.0011839 -0.000773339 -0.005601 -0.000395805 -0.0103294 -0.000537383 0.00663768 -0.000712009 0.000830491 -0.00176371 0.00678757 7.47648e-05 0.000496168 0.000464497 0.00107658 0.0130283 0.000871869 0.00101113
internal_weight=26794 17285 10261 7024 6233 791 136 655 442 139 2643 2499 1697 6094 442 5652 213 7618 181 7437 3015 4422 802 131 9509 9488 5404 91 5313 5263
internal_count=26794 17285 10261 7024 6233 791 136 655 442 139 2643 2499 1697 6094 442 5652 213 7618 181 7437 3015 4422 802 131 9509 9488 5404 91 5313 5263
is_linear=0
shrinkage=0.05


Tree=111
num_leaves=19
num_cat=0
split_feature=4 6 7 7 4 6 6 6 7 4 3 4 6 6 4 6 7 4
split_gain=1.32292 1.27225 1.24585 6.01711 8.6617 9.60837 4.79338 4.39208 3.81949 6.99659 3.20104 6.06569 3.63925 2.26857 2.04909 1.91319 0.557437 0.0684398
threshold=13.500000000000002 17.500000000000004 0.80736306309700023 1.4543607831001284 1.0000000180025095e-35 7.5000000000000009 8.5000000000000018 4.5000000000000009 0.76834812760353099 1.5000000000000002 1.0000000180025095e-35 12.500000000000002 10.500000000000002 8.5000000000000018 12.500000000000002 1.5000000000000002 0.79760929942131054 5.5000000000000009
decision_type=2 2 2 2 2 2 2 2 2 2 2 2 2 2 2 2 2 2
left_child=1 2 8 4 5 -4 15 -6 10 13 11 -1 -12 -10 -8 -5 -11 -3
right_child=-2 17 3 6 7 -7 14 -9 9 16 12 -13 -14 -15 -16 -17 -18 -19
leaf_value=-0.00058178557938484471 0.010673410289696065 0.0084739442658610647 -0.014638825419705037 -0.0073138080692539617 0.013354771684709133 2.1796503701367446e-05 0.0034571646933173553 -0.0015419621782094039 0.010723862797021866 0.0015512377233063989 0.00098867783916832346 -0.020869969591699743 -0.0012458172883410058 0.027436553666720521 0.013840119876697952 -0.0001181160733023913 -0.0064738926209079537 0.005162627297178121
leaf_weight=8585 29 20 280 96 51 186 696 1660 45 129 10127 37 2222 37 51 2446 26 71
leaf_count=8585 29 20 280 96 51 186 696 1660 45 129 10127 37 2222 37 51 2446 26 71
internal_value=-3.6297e-12 -1.15647e-05 -3.16996e-05 -0.000704791 -0.00274386 -0.00878716 0.000644875 -0.00109793 0.000141778 0.00645365 7.04457e-05 -0.000668849 0.000586617 0.018265 0.00416604 -0.000389865 0.000205087 0.00589039
internal_weight=26794 26765 26674 5466 2177 466 3289 1711 21208 237 20971 8622 12349 82 747 2542 155 91
internal_count=26794 26765 26674 5466 2177 466 3289 1711 21208 237 20971 8622 12349 82 747 2542 155 91
is_linear=0
shrinkage=0.05


Tree=112
num_leaves=31
num_cat=0
split_feature=5 5 0 0 5 3 5 3 0 2 5 5 5 0 2 5 5 2 2 2 0 3 3 0 5 5 0 0 5 5
split_gain=1.72746 1.58391 11.5821 1.39492 4.94206 7.81365 6.792 3.09628 4.80976 6.21802 5.14633 4.66885 5.64531 5.07353 1.75844 2.9789 2.65499 1.35477 2.5113 0.740761 0.682555 0.581114 1.04027 2.78279 0.761632 0.703336 1.21117 0.336827 0.172307 0.108805
threshold=83.500000000000014 81.500000000000014 4.5000000000000009 1.0000000180025095e-35 66.500000000000014 1.5000000000000002 70.500000000000014 1.0000000180025095e-35 4.5000000000000009 1.5000000000000002 19.500000000000004 64.500000000000014 57.500000000000007 2.5000000000000004 1.5000000000000002 32.500000000000007 31.500000000000004 1.0000000180025095e-35 1.5000000000000002 1.5000000000000002 1.0000000180025095e-35 1.0000000180025095e-35 1.5000000000000002 4.5000000000000009 86.500000000000014 91.500000000000014 1.0000000180025095e-35 1.0000000180025095e-35 93.500000000000014 89.500000000000014
decision_type=2 2 2 2 2 2 2 2 2 2 2 2 2 2 2 2 2 2 2 2 2 2 2 2 2 2 2 2 2 2
left_child=1 3 27 4 14 6 -6 8 9 -5 -10 12 -9 -13 16 -16 -1 21 -19 -7 -20 24 25 -24 -2 26 -23 -3 -27 -26
right_child=17 2 -4 7 5 19 -8 11 10 -11 -12 13 -14 -15 15 -17 -18 18 20 -21 -22 22 23 -25 29 28 -28 -29 -30 -31
leaf_value=0.0026011149054370412 -0.0029866112830738228 0.0071286475086318598 -0.036733926646411418 -0.00090854669451437622 0.0093543470879612952 -0.012776555776596069 0.00021977928648565841 0.00070589069060218647 0.012493415369892555 -0.0065796360703546837 0.00055208574090545527 0.00056761744072357664 0.0041303220392545203 -0.004797686006506114 -0.0086250432814010472 0.00017138111401100159 -0.001875308973737856 0.0182518188902995 0.00028431115548729023 -0.0052440183758587049 0.010248483417798646 0.0030648740089068618 -0.0030825244883696239 0.016667435871016597 0.009243731533310243 0.0032650939093377346 -0.010384364281979173 0.00041219094335766775 -0.00062195730993067327 0.0052382379873465237
leaf_weight=358 30 28 24 3380 406 50 408 6386 93 564 3025 1192 1483 699 99 3460 4431 37 68 94 23 26 42 31 21 39 47 56 106 88
leaf_count=358 30 28 24 3380 406 50 408 6386 93 564 3025 1192 1483 699 99 3460 4431 37 68 94 23 26 42 31 21 39 47 56 106 88
internal_value=-1.40472e-11 -5.85496e-05 -0.0061012 -3.35724e-05 -0.000524761 0.00287659 0.00477584 0.000238155 -0.000559311 -0.00171952 0.000908258 0.000815174 0.00135126 -0.00141564 -0.000915093 -7.33073e-05 -0.00154068 0.00275288 0.00726848 -0.00785948 0.00280273 0.0014087 0.000138341 0.00530444 0.00406824 -0.00159159 -0.00559422 0.00265101 0.000423525 0.00600994
internal_weight=26794 26236 108 26128 9306 958 814 16822 7062 3944 3118 9760 7869 1891 8348 3559 4789 558 128 144 91 430 291 73 139 218 73 84 145 109
internal_count=26794 26236 108 26128 9306 958 814 16822 7062 3944 3118 9760 7869 1891 8348 3559 4789 558 128 144 91 430 291 73 139 218 73 84 145 109
is_linear=0
shrinkage=0.05


Tree=113
num_leaves=31
num_cat=0
split_feature=2 4 4 6 4 0 2 6 0 0 6 2 0 0 4 6 6 6 6 2 6 6 6 6 4 0 6 4 4 4
split_gain=1.26958 2.43495 17.1726 40.1023 18.5254 8.50636 12.2333 10.8412 7.65571 10.2462 10.7916 4.83582 5.27488 4.82419 3.26415 10.5517 3.42182 2.36896 1.85069 1.7741 8.12371 1.7443 2.07075 1.54853 1.44185 1.40018 4.30841 3.42546 1.93118 5.23024
threshold=1.5000000000000002 1.0000000180025095e-35 1.5000000000000002 4.5000000000000009 2.5000000000000004 1.0000000180025095e-35 1.0000000180025095e-35 6.5000000000000009 3.5000000000000004 4.5000000000000009 6.5000000000000009 1.0000000180025095e-35 3.5000000000000004 5.5000000000000009 5.5000000000000009 9.5000000000000018 9.5000000000000018 7.5000000000000009 6.5000000000000009 1.0000000180025095e-35 7.5000000000000009 11.500000000000002 8.5000000000000018 7.5000000000000009 12.500000000000002 5.5000000000000009 7.5000000000000009 1.0000000180025095e-35 1.0000000180025095e-35 4.5000000000000009
decision_type=2 2 2 2 2 2 2 2 2 2 2 2 2 2 2 2 2 2 2 2 2 2 2 2 2 2 2 2 2 2
left_child=1 5 3 11 21 6 -1 -8 19 10 -10 12 -3 -11 15 -6 -16 -9 -5 20 -7 22 -4 -21 25 28 27 -27 -2 -30
right_child=24 2 4 18 14 8 7 17 9 13 -12 -13 -14 -15 16 -17 -18 -19 -20 23 -22 -23 -24 -25 -26 26 -28 -29 29 -31
leaf_value=-0.017775551716170315 -0.0027596012680046588 -0.0040484660616098298 -0.010152129090164563 0.037351178786838836 -0.0018111031178071682 0.019727859153811422 -0.016834448434061327 -0.0060286263447219077 -0.018390752021622447 0.011716225443598934 -0.0022543944890508209 0.012111333481026004 0.0094909279981948216 -0.00089282108105988094 0.00053589171756686588 0.004561390921065305 -0.0016272824549739184 0.00036712520849387201 0.023391408030875027 0.00040460365573577976 -0.016738202106872841 -0.0072262134703168701 -0.020208572039478706 0.0033277097654347194 0.013551027443082559 0.0034511637197648607 -0.0010549929235060083 -0.0034709629468984283 0.012107768904357016 8.9653793463473274e-05
leaf_weight=159 574 287 111 92 1206 56 122 182 175 78 254 92 96 2762 4076 1408 3315 708 32 812 21 121 95 1025 21 1754 1206 199 92 5663
leaf_count=159 574 287 111 92 1206 56 122 182 175 78 254 92 96 2762 4076 1408 3315 708 32 812 21 121 95 1025 21 1754 1206 199 92 5663
internal_value=2.92959e-11 -0.000255278 0.000197175 0.00842787 -0.000280001 -0.00103365 -0.00488249 -0.00285681 -0.000164076 -0.00163448 -0.00883682 0.00181781 -0.00065478 -0.000546516 0.000102759 0.00162136 -0.000434332 -0.00094077 0.0337487 0.00234728 0.00978257 -0.011991 -0.0147898 0.00203562 0.000464032 0.000435067 0.00129481 0.00274584 5.94297e-06 0.000281777
internal_weight=26794 17285 10931 599 10332 6354 1171 1012 5183 3269 429 475 383 2840 10005 2614 7391 890 124 1914 77 327 206 1837 9509 9488 3159 1953 6329 5755
internal_count=26794 17285 10931 599 10332 6354 1171 1012 5183 3269 429 475 383 2840 10005 2614 7391 890 124 1914 77 327 206 1837 9509 9488 3159 1953 6329 5755
is_linear=0
shrinkage=0.05


Tree=114
num_leaves=28
num_cat=0
split_feature=5 5 0 5 0 5 0 5 4 0 4 4 0 4 5 5 5 5 2 5 4 5 0 5 5 5 0
split_gain=1.54876 1.44476 10.5482 1.42273 4.02322 1.72284 1.64253 9.5613 1.3946 1.3146 1.2648 1.17663 1.17483 0.950611 0.94291 3.75008 0.947395 0.478912 0.437252 0.551085 0.359708 0.276507 0.29309 0.415553 0.117024 0.0827809 0.0187001
threshold=83.500000000000014 81.500000000000014 4.5000000000000009 78.500000000000014 4.5000000000000009 77.500000000000014 6.5000000000000009 26.500000000000004 5.5000000000000009 1.0000000180025095e-35 5.5000000000000009 10.500000000000002 1.0000000180025095e-35 4.5000000000000009 89.500000000000014 92.500000000000014 96.500000000000014 87.500000000000014 1.5000000000000002 84.500000000000014 5.5000000000000009 95.500000000000014 1.0000000180025095e-35 91.500000000000014 93.500000000000014 82.500000000000014 1.0000000180025095e-35
decision_type=2 2 2 2 2 2 2 2 2 2 2 2 2 2 2 2 2 2 2 2 2 2 2 2 2 2 2
left_child=1 3 20 5 11 6 9 -8 13 -1 -7 12 -5 -2 18 -16 -17 -10 19 -15 -3 22 23 -19 -24 -22 -12
right_child=8 2 -4 4 -6 10 7 -9 17 -11 26 -13 -14 14 15 16 -18 21 -20 -21 25 -23 24 -25 -26 -27 -28
leaf_value=-0.00047714485234834824 -0.0028506293652519107 0.0058766707369103666 -0.035060085868462924 0.0092199151501214764 0.019225176716119882 0.0071052295466264084 0.023122655719518662 -0.010662348812167143 -0.0060275288264232656 0.00027049865573106421 -0.0065169935114681721 -0.0086459674768977705 -3.2874928528018964e-06 0.0053339914742695253 -0.015320004035972737 0.014483094480678891 0.0034302341689831243 -0.00073267431900603697 0.0055340124929154459 0.014601951465010643 0.0015763823164715654 -0.0034246685019752479 0.0017885222898650112 0.00559274864672507 -0.0012689827194000468 -0.0028124427846209568 -0.0054702317273040537
leaf_weight=9183 31 41 24 48 36 21 25 129 27 16344 64 27 123 23 22 33 47 40 44 53 21 32 51 74 81 22 128
leaf_count=9183 31 41 24 48 36 21 25 129 27 16344 64 27 123 23 22 33 47 40 44 53 21 32 51 74 81 22 128
internal_value=-2.04363e-11 -5.54386e-05 -0.00582656 -3.15837e-05 0.00384964 -6.66577e-05 -2.95147e-05 -0.00517777 0.00260661 1.54381e-06 -0.00454492 0.00105409 0.00258568 0.00535113 0.00649642 0.00296199 0.00798954 0.000330003 0.00950068 0.0117972 0.00252588 0.000947461 0.00151619 0.0033733 -8.7674e-05 -0.000669063 -0.00581915
internal_weight=26794 26236 108 26128 234 25894 25681 154 558 25527 213 198 171 253 222 102 80 305 120 76 84 278 246 114 132 43 192
internal_count=26794 26236 108 26128 234 25894 25681 154 558 25527 213 198 171 253 222 102 80 305 120 76 84 278 246 114 132 43 192
is_linear=0
shrinkage=0.05


Tree=115
num_leaves=31
num_cat=0
split_feature=4 2 4 4 6 4 2 6 3 6 2 6 3 4 3 6 6 4 6 3 6 4 6 3 6 3 6 4 3 3
split_gain=1.15131 1.20141 2.13752 15.4962 36.2935 16.7078 7.77963 8.44204 7.40833 6.03421 4.36334 3.79678 3.4067 2.964 2.94625 1.66945 1.56341 1.00694 3.39365 4.0789 4.17292 3.21154 16.5152 5.75205 3.00306 2.4349 3.63325 3.56237 1.68076 1.13654
threshold=13.500000000000002 1.5000000000000002 1.0000000180025095e-35 1.5000000000000002 4.5000000000000009 2.5000000000000004 1.0000000180025095e-35 5.5000000000000009 1.0000000180025095e-35 7.5000000000000009 1.0000000180025095e-35 7.5000000000000009 1.0000000180025095e-35 5.5000000000000009 1.5000000000000002 6.5000000000000009 11.500000000000002 5.5000000000000009 6.5000000000000009 1.0000000180025095e-35 5.5000000000000009 7.5000000000000009 6.5000000000000009 1.5000000000000002 6.5000000000000009 1.0000000180025095e-35 8.5000000000000018 4.5000000000000009 1.0000000180025095e-35 1.0000000180025095e-35
decision_type=2 2 2 2 2 2 2 2 2 2 2 2 2 2 2 2 2 2 2 2 2 2 2 2 2 2 2 2 2 2
left_child=1 2 6 4 10 16 9 8 -8 14 -4 -9 -11 -7 -1 -6 -5 18 19 20 -3 22 28 -24 -23 26 -20 -27 -19 -26
right_child=-2 17 3 5 15 13 7 11 -10 12 -12 -13 -14 -15 -16 -17 -18 21 25 -21 -22 24 23 -25 29 27 -28 -29 -30 -31
leaf_value=0.00027616671544355937 0.0099570971175000599 -0.0081678555652737912 -0.00065356477701127068 -0.014059979584095187 0.035493372502210345 0.0015218539319522024 -0.013727335233128305 -0.0011605129293634252 -0.0019680822676557568 -0.0059629030221992219 0.01147286104134527 0.0014918345848012335 -0.022890300747738887 -0.00043788431274655856 -0.015487869681689788 0.022234740853309634 -0.0068992944880704246 0.016293110810643573 -9.901856010608092e-05 0.0061301889383285615 0.0027109998907818571 -0.0012178997297759946 -0.013729705173574703 -0.042044166444490355 -0.0035908201811253094 -0.0022095972406686246 0.0053497177158007775 0.0031376881060202694 0.0021317085600458087 0.0014370528495156474
leaf_weight=149 29 119 383 206 92 2614 214 3040 358 46 92 2426 84 7367 37 32 121 44 880 610 340 2137 71 24 117 1395 469 401 40 2857
leaf_count=149 29 119 383 206 92 2614 214 3040 358 46 92 2426 84 7367 37 32 121 44 880 610 340 2137 71 24 117 1395 469 401 40 2857
internal_value=-1.09292e-11 -1.07886e-05 -0.00025936 0.000165321 0.00798346 -0.000288993 -0.00098835 -0.000588107 -0.00636752 -0.00863602 0.00169513 1.66907e-05 -0.0169006 7.53664e-05 -0.00285969 0.0320718 -0.0114103 0.000440663 0.0010173 0.00345106 -0.000109444 -1.86808e-05 -0.0066017 -0.0208828 0.000211873 0.00019005 0.00179532 -0.00101569 0.00954959 0.00123925
internal_weight=26794 26765 17261 10907 599 10308 6354 6038 572 316 475 5466 130 9981 186 124 327 9504 4214 1069 459 5290 179 95 5111 3145 1349 1796 84 2974
internal_count=26794 26765 17261 10907 599 10308 6354 6038 572 316 475 5466 130 9981 186 124 327 9504 4214 1069 459 5290 179 95 5111 3145 1349 1796 84 2974
is_linear=0
shrinkage=0.05


Tree=116
num_leaves=31
num_cat=0
split_feature=1 7 7 7 7 2 7 7 0 7 2 7 7 0 7 7 7 7 7 7 7 7 2 7 7 7 7 7 7 2
split_gain=5.31847 3.1765 17.6607 7.79916 16.1416 6.53523 6.38073 6.19075 5.94665 5.49327 8.08145 4.08267 5.65391 3.09946 3.08653 2.89861 8.44289 5.31259 3.74897 14.1155 4.38213 3.59206 3.37722 2.46898 2.33237 7.4992 2.18184 2.12464 1.37291 0.899906
threshold=1.0000000180025095e-35 1.0902213454246523 1.0934725999832156 0.8918953835964204 0.87563917040824901 1.0000000180025095e-35 0.58952966332435619 0.43021865189075476 1.0000000180025095e-35 1.7989926934242251 1.0000000180025095e-35 1.5518980622291567 1.5779080390930178 6.5000000000000009 -0.99057531356811512 0.80736306309700023 1.4868732094764712 0.76834812760353099 -0.36958755552768702 -0.37609004974365229 -0.35333132743835444 1.0642113685607912 1.0000000180025095e-35 1.3015522360801699 -0.054216818884015076 0.15061160176992419 0.96342280507087719 1.2267736196517947 0.91465410590171825 1.5000000000000002
decision_type=2 2 2 2 2 2 2 2 2 2 2 2 2 2 2 2 2 2 2 2 2 2 2 2 2 2 2 2 2 2
left_child=13 3 -3 4 5 7 -7 -2 9 23 -11 29 -13 15 -15 17 21 18 19 -1 -20 28 -19 -4 -16 -26 -5 -23 -17 -10
right_child=1 2 8 26 -6 6 -8 -9 11 10 -12 12 -14 14 24 16 -18 22 20 -21 -22 27 -24 -25 25 -27 -28 -29 -30 -31
leaf_value=-0.00096540036160236084 -0.00031390432745752826 0.022081547654394448 -0.0089395055748844668 -0.026368845095513044 0.036331451823934914 0.0014055152678229231 0.010568327953496097 -0.0074703446262941245 0.00043730319364730159 -0.029048462206871292 0.0020474068486962369 0.031634150106798521 0.0055670917569293947 -0.02472145650535822 0.0054529289129589291 -0.0046310185983828786 0.00026115877242630076 0.0010186599645142754 0.0090022680105879011 -0.037200494041597407 0.00035296691796170396 -0.010296574720701175 0.015658038854063756 0.004189649123303673 -0.034903966332785787 0.0051830800383218696 -0.0089063231218254792 -0.0048235740344558338 -0.00071915591738241566 -0.0068445085780695081
leaf_weight=5890 1690 116 52 27 32 4201 199 368 198 48 37 22 382 24 35 360 2614 72 149 27 8527 276 87 115 20 28 53 496 595 54
leaf_count=5890 1690 116 52 27 32 4201 199 368 198 48 37 22 382 24 35 360 2614 72 149 27 8527 276 87 115 20 28 53 496 595 54
internal_value=-2.89108e-12 0.00112011 0.00371036 0.000716392 0.000907656 0.000732128 0.00181992 -0.00159358 0.00136338 -0.00516515 -0.0155126 0.00387128 0.00698659 -0.000443026 -0.00892912 -0.000395469 -0.00153115 -6.12759e-05 -0.000160319 -0.00113075 0.000501508 -0.00424401 0.00902889 0.000101529 -0.00436266 -0.0115199 -0.0147999 -0.00678024 -0.00219378 -0.00112309
internal_weight=26794 7594 1024 6570 6490 6458 4400 2058 908 252 85 656 404 19200 107 19093 4341 14752 14593 5917 8676 1727 159 167 83 48 80 772 955 252
internal_count=26794 7594 1024 6570 6490 6458 4400 2058 908 252 85 656 404 19200 107 19093 4341 14752 14593 5917 8676 1727 159 167 83 48 80 772 955 252
is_linear=0
shrinkage=0.05


Tree=117
num_leaves=31
num_cat=0
split_feature=4 7 7 7 7 7 7 3 7 4 4 4 3 3 4 4 3 2 7 2 4 7 7 7 7 3 7 7 4 2
split_gain=1.04374 3.53269 4.78734 3.21018 20.4031 8.5437 5.65163 3.44143 7.42197 12.0737 11.0338 3.47883 7.86943 3.26323 15.6169 3.83541 2.94207 2.81798 2.08048 1.60395 4.3664 3.33233 2.69297 2.64955 2.56401 3.28476 2.22689 1.63583 1.40082 1.33872
threshold=10.500000000000002 -1.1856499910354612 -1.4928926229476926 1.0934725999832156 1.0902213454246523 1.3015522360801699 1.0642113685607912 1.5000000000000002 1.7697314620018008 6.5000000000000009 6.5000000000000009 2.5000000000000004 1.0000000180025095e-35 1.0000000180025095e-35 4.5000000000000009 3.5000000000000004 2.5000000000000004 1.0000000180025095e-35 1.1194825172424319 1.5000000000000002 12.500000000000002 -0.37609004974365229 0.72283068299293529 -0.74022945761680592 1.7989926934242251 1.0000000180025095e-35 -0.33382385969161982 -0.20377407222986219 3.5000000000000004 1.0000000180025095e-35
decision_type=2 2 2 2 2 2 2 2 2 2 2 2 2 2 2 2 2 2 2 2 2 2 2 2 2 2 2 2 2 2
left_child=3 2 29 4 6 13 16 11 10 -10 -9 12 -7 14 -5 18 17 -1 -15 20 22 -21 23 -3 25 -22 -23 -28 -13 -2
right_child=1 19 -4 5 -6 7 -8 8 9 -11 -12 28 -14 15 -16 -17 -18 -19 -20 21 24 26 -24 -25 -26 -27 27 -29 -30 -31
leaf_value=-0.0008038363449200856 0.01284742515437819 0.0012533649034472702 -0.011494746095756039 0.011091677896044356 0.020977471113718792 0.013084562217179491 -0.020132721582693715 -0.0064168257373814035 -0.0044480567849914448 -0.038477279716416408 0.024393369257450104 -0.010871547022189417 6.2211840864917156e-05 -0.032794613933021376 -0.015575128526049385 -0.003618930392558613 0.013524014647118748 0.0004788458755909668 -0.015696523832257399 -0.0025177669847512123 -0.019052229581090312 0.015568826318933414 -0.0016817149039193551 0.0073903974826353943 0.0083956519175866027 -0.0026332636819470373 0.0022444271216223088 0.00011088484180923873 -0.0010180264875936391 -0.001120141705836258
leaf_weight=7301 29 269 133 94 116 152 35 114 83 38 39 37 490 22 132 63 40 10355 93 822 36 26 170 508 41 198 1412 2470 1434 42
leaf_count=7301 29 269 133 94 116 152 35 114 83 38 39 37 490 22 132 63 40 10355 93 822 36 26 170 508 41 198 1412 2470 1434 42
internal_value=1.39226e-11 0.000571389 -0.00589839 -0.000170437 7.61664e-05 -0.00174734 -6.05744e-05 -0.000609243 -0.00588139 -0.0151349 0.00143675 7.44155e-05 0.00314539 -0.00847166 -0.00448362 -0.0135351 -2.08747e-05 -5.15609e-05 -0.0189675 0.000793135 0.00240797 0.000375941 0.00401857 0.00526574 -0.00313834 -0.00515926 0.000984597 0.000886918 -0.00126587 0.00458492
internal_weight=26794 6156 204 20638 17847 2791 17731 2387 274 121 153 2113 642 404 226 178 17696 17656 115 5952 1222 4730 947 777 275 234 3908 3882 1471 71
internal_count=26794 6156 204 20638 17847 2791 17731 2387 274 121 153 2113 642 404 226 178 17696 17656 115 5952 1222 4730 947 777 275 234 3908 3882 1471 71
is_linear=0
shrinkage=0.05


Tree=118
num_leaves=31
num_cat=0
split_feature=4 4 7 4 0 7 7 7 7 7 7 7 7 3 7 7 3 7 0 0 7 7 7 0 3 7 4 3 0 7
split_gain=0.969047 16.3331 16.3347 15.3647 7.8856 10.5107 10.2595 19.5752 18.7889 18.2423 53.3696 26.9316 10.9029 10.0137 6.86096 6.50696 5.49715 4.85575 10.9569 26.9185 10.3028 7.51404 3.96143 3.87142 3.78385 3.24229 3.04665 8.54964 2.87764 4.15461
threshold=1.0000000180025095e-35 1.5000000000000002 -1.3579659461975095 2.5000000000000004 1.0000000180025095e-35 1.7989926934242251 -0.21352781355381009 0.16686782985925677 0.84962922334671032 -0.29480892419815058 -0.33057262003421778 -0.42485871911048884 0.46598234772682195 1.0000000180025095e-35 0.088837951421737685 1.2267736196517947 1.0000000180025095e-35 -0.67195332050323475 3.5000000000000004 4.5000000000000009 -0.48663237690925593 -0.45411992073059076 0.040069280192255981 3.5000000000000004 1.5000000000000002 -0.74022945761680592 4.5000000000000009 1.0000000180025095e-35 2.5000000000000004 -0.054216818884015076
decision_type=2 2 2 2 2 2 2 2 2 2 2 2 2 2 2 2 2 2 2 2 2 2 2 2 2 2 2 2 2 2
left_child=4 2 -2 15 6 17 9 14 12 10 11 -1 -9 -10 22 23 28 18 -6 -20 -19 -22 -8 -3 -7 -25 27 -5 -4 -30
right_child=1 3 16 26 5 24 7 8 13 -11 -12 -13 -14 -15 -16 -17 -18 20 19 -21 21 -23 -24 25 -26 -27 -28 -29 29 -31
leaf_value=-0.0050008913984794807 -0.0063966998968633913 -0.020032596054079477 0.0068048942600436209 0.0092624799190283141 0.01579375024119049 0.018432054914356698 -0.014519471440528984 -0.00072270771825539044 0.014605515626155668 0.012906824332601 -0.05379624395840326 0.039455076995803869 0.019300472684586952 -0.013592576336642482 -0.029718872155254223 0.0070714674720709974 0.025579598453954203 -0.0054154370117806072 -0.032557016548446636 0.0043146663655896176 0.0086496619471290621 -8.742187276924418e-05 0.0049674629779725248 -0.0021372644441887841 0.0023381477689586711 -0.016792194354706087 3.7539585610989572e-05 -0.012434040344253716 0.017683845391587877 -0.0050080128499995109
leaf_weight=164 155 128 267 240 152 105 259 152 36 214 49 43 123 251 73 44 66 913 55 495 256 6352 29 90 56 65 15719 56 164 23
leaf_count=164 155 128 267 240 152 105 259 152 36 214 49 43 123 251 73 44 66 913 55 495 256 6352 29 90 56 65 15719 56 164 23
internal_value=3.26464e-12 0.000227921 0.00784983 -8.68988e-05 -0.0003967 0.000182108 -0.00388035 -0.00694236 -0.00110646 0.00213291 -0.00687341 0.00423392 0.00823311 -0.0100555 -0.0160276 -0.0108161 0.0120964 -6.56099e-05 0.00391136 0.000627498 -0.000436815 0.000251061 -0.0125572 -0.0135972 0.0128342 -0.00828288 0.000132174 0.00515773 0.0101363 0.0148929
internal_weight=26794 17017 675 16342 9777 8384 1393 923 562 470 256 207 275 287 361 327 520 8223 702 550 7521 6608 288 283 161 155 16015 296 454 187
internal_count=26794 17017 675 16342 9777 8384 1393 923 562 470 256 207 275 287 361 327 520 8223 702 550 7521 6608 288 283 161 155 16015 296 454 187
is_linear=0
shrinkage=0.05


Tree=119
num_leaves=30
num_cat=0
split_feature=6 4 7 0 7 7 7 7 6 7 4 0 6 7 7 6 6 6 0 0 7 7 7 7 7 6 7 4 4
split_gain=1.07858 1.01128 3.21815 4.29869 2.79218 18.4636 7.96487 5.4669 8.24274 4.15386 4.71006 3.86701 3.51029 2.71196 3.8747 4.4502 2.61086 2.46417 2.07225 1.93462 1.84029 1.67599 1.64501 1.06739 1.2723 0.348944 0.284523 0.0915606 0.00745985
threshold=17.500000000000004 10.500000000000002 -0.74022945761680592 4.5000000000000009 1.0934725999832156 1.0902213454246523 1.4868732094764712 0.8918953835964204 4.5000000000000009 1.6851991415023806 6.5000000000000009 5.5000000000000009 12.500000000000002 -0.53865227103233326 -0.44761744141578669 7.5000000000000009 1.5000000000000002 6.5000000000000009 4.5000000000000009 1.0000000180025095e-35 -1.1856499910354612 -1.0523489713668821 -0.60042592883110035 -0.79875186085700978 -0.80850562453269947 6.5000000000000009 -1.4278677105903623 5.5000000000000009 5.5000000000000009
decision_type=2 2 2 2 2 2 2 2 2 2 2 2 2 2 2 2 2 2 2 2 2 2 2 2 2 2 2 2 2
left_child=1 4 3 20 5 7 12 16 -9 10 -8 -11 18 19 15 -15 -1 -16 -6 22 26 -22 -4 24 -5 -21 -3 -2 -14
right_child=27 2 13 23 6 -7 9 8 -10 11 -12 -13 28 14 17 -17 -18 -19 -20 25 21 -23 -24 -25 -26 -27 -28 -29 -30
leaf_value=0.0072742013176227173 0.0084224778553470964 -0.015085354857486286 -0.0057696542043874904 0.00094408218889186564 -0.007743751406808482 0.019926720318095437 0.002939636774233736 0.0244997017262947 -0.0077118039721829181 -0.0016120776265692895 0.021150431763835072 0.0076636433382822559 0.0065755441215717136 -0.0010499146564499193 -0.00047526599015424998 -0.026332267638229368 -7.2327005785750723e-06 0.0017772665472024177 0.001029631294620534 0.016032546561772883 0.0012442219552447958 -0.0072688253751645492 0.0065738895141720021 -0.0091660912160174742 0.012847766280174255 0.0096323744704326 -0.0097219522528843409 0.0045924594652065089 0.0053711657226085665
leaf_weight=124 20 48 41 347 656 116 265 21 366 1574 41 121 36 46 1978 28 17133 3144 75 34 89 165 79 24 24 57 51 71 20
leaf_count=124 20 48 41 347 656 116 265 21 366 1574 41 121 36 46 1978 28 17133 3144 75 34 89 165 79 24 24 57 51 71 20
internal_value=5.68082e-12 -1.8519e-05 0.000543689 -0.00253019 -0.000186924 4.40065e-05 -0.00165799 -8.67118e-05 -0.00596389 1.8022e-05 0.00537965 -0.000949917 -0.00591936 0.000968926 0.000743274 -0.0106162 4.5088e-05 0.00090739 -0.00684361 0.00652575 -0.00653976 -0.00428591 0.00235651 0.00105305 0.00171413 0.0120236 -0.0123224 0.00543422 0.00614541
internal_weight=26794 26703 6155 748 20548 17760 2788 17644 387 2001 306 1695 787 5407 5196 74 17257 5122 731 211 353 254 120 395 371 91 99 91 56
internal_count=26794 26703 6155 748 20548 17760 2788 17644 387 2001 306 1695 787 5407 5196 74 17257 5122 731 211 353 254 120 395 371 91 99 91 56
is_linear=0
shrinkage=0.05


Tree=120
num_leaves=31
num_cat=0
split_feature=0 7 7 7 7 7 3 2 7 7 7 7 0 0 7 0 7 3 7 7 0 7 7 7 7 7 7 7 0 7
split_gain=1.05538 4.28038 3.07358 5.09165 3.2438 2.8798 1.57037 0.824656 2.4859 6.36932 7.92524 6.56845 16.7581 6.21875 6.12789 5.15845 4.92825 4.52116 4.12815 3.42309 2.69678 6.61911 4.4127 1.44405 4.33778 14.121 8.17487 5.14451 4.26153 4.08645
threshold=6.5000000000000009 -0.99057531356811512 -0.054216818884015076 0.15061160176992419 1.399089574813843 -0.60042592883110035 1.5000000000000002 1.5000000000000002 -0.21677906066179273 -0.2883064448833465 -0.29480892419815058 -0.28180395066738123 1.0000000180025095e-35 3.5000000000000004 1.0000000180025095e-35 4.5000000000000009 0.010808077175170185 1.0000000180025095e-35 -0.29155768454074854 -0.32407012581825251 5.5000000000000009 -0.21352781355381009 -0.21352781355381009 -1.4278677105903623 -0.75973692536354054 -0.82151058316230763 -0.67195332050323475 -0.49313485622406 1.0000000180025095e-35 -0.86702802777290333
decision_type=2 2 2 2 2 2 2 2 2 2 2 2 2 2 2 2 2 2 2 2 2 2 2 2 2 2 2 2 2 2
left_child=7 -2 5 -4 6 -3 -5 8 9 10 19 12 -11 -13 20 17 -17 -16 -12 -1 21 -10 -22 -9 25 29 28 -28 -26 -25
right_child=1 2 3 4 -6 -7 -8 23 14 11 18 13 -14 -15 15 16 -18 -19 -20 -21 22 -23 -24 24 26 -27 27 -29 -30 -31
leaf_value=-0.00030343697642084785 -0.023518369067460299 -0.002866007717834278 -0.026845588856800037 -8.6841533462015492e-05 -0.015510038607975557 0.022437595025352811 0.018296482059217634 0.0028797502413921844 0.015184602493213285 0.013069103452328005 0.017011568471029095 -0.0099339143992190002 -0.026046230856980181 0.00034248841101083946 0.0002486397807200679 -0.0078142606910863721 0.0069020727465907488 -0.002431164583667439 -0.0018835803579039326 -0.0048838596262397588 -0.01346475053742005 0.0024868202921818857 0.00082077164380386859 -0.002714418798574873 -0.0071089220647182734 -0.017203852165984176 -0.0040721672207878808 0.00060886782607291344 0.011324275770308949 0.0078437497223015212
leaf_weight=5590 24 22 22 26 21 23 21 552 108 38 98 220 98 445 3702 67 377 2738 41 440 57 2065 1047 281 36 149 637 7470 243 136
leaf_count=5590 24 22 22 26 21 23 21 552 108 38 98 220 98 445 3702 67 377 2738 41 440 57 2065 1047 281 36 149 637 7470 243 136
internal_value=-3.74562e-12 -0.00406147 -0.000602467 -0.00593717 0.000827315 0.0100669 0.00812698 2.42453e-05 -0.00018298 -0.00091021 -0.00036557 -0.00510482 -0.0151169 -0.00305722 0.000315869 -0.00053131 0.00468136 -0.000890693 0.0114382 -0.000637664 0.00209554 0.00311791 8.32039e-05 0.000397769 0.000244725 -0.00399183 0.000530664 0.00024106 0.0089458 0.000729013
internal_weight=26794 159 135 90 68 45 47 26635 17131 6970 6169 801 136 665 10161 6884 444 6440 139 6030 3277 2173 1104 9504 8952 566 8386 8107 279 417
internal_count=26794 159 135 90 68 45 47 26635 17131 6970 6169 801 136 665 10161 6884 444 6440 139 6030 3277 2173 1104 9504 8952 566 8386 8107 279 417
is_linear=0
shrinkage=0.05


Tree=121
num_leaves=31
num_cat=0
split_feature=1 4 4 5 5 4 7 5 7 7 7 7 7 7 5 7 5 5 5 5 7 7 4 5 4 7 7 7 7 7
split_gain=4.59807 3.83341 14.3256 21.9986 16.075 13.3893 10.698 6.17061 5.75298 3.75132 14.0358 7.12081 5.85185 4.37674 5.23332 3.49887 3.46414 3.43821 3.21544 8.73321 6.76698 5.18258 4.61489 4.46383 5.74598 4.05568 9.79858 7.2559 3.98173 3.20644
threshold=1.0000000180025095e-35 1.0000000180025095e-35 1.5000000000000002 25.500000000000004 38.500000000000007 2.5000000000000004 -1.1856499910354612 33.500000000000007 1.2267736196517947 -0.54515478014945973 -0.41835623979568476 -0.43136121332645411 -0.34357759356498713 -0.60042592883110035 59.500000000000007 1.0000000180025095e-35 26.500000000000004 9.5000000000000018 70.500000000000014 71.500000000000014 1.3763308525085451 0.50174602866172802 6.5000000000000009 49.500000000000007 10.500000000000002 1.0902213454246523 1.0934725999832156 0.8918953835964204 -0.45411992073059076 -0.65569707751274098
decision_type=2 2 2 2 2 2 2 2 2 2 2 2 2 2 2 2 2 2 2 2 2 2 2 2 2 2 2 2 2 2
left_child=1 7 3 6 -5 8 -3 -1 15 13 11 -11 -12 14 -9 -4 17 -2 22 -20 21 -21 25 24 -24 27 -27 -18 -25 -8
right_child=16 2 5 4 -6 -7 29 9 -10 10 12 -13 -14 -15 -16 -17 18 -19 19 20 -22 -23 23 28 -26 26 -28 -29 -30 -31
leaf_value=-0.0090054169040924125 0.0052477522882529437 -0.0083238599987248696 -0.011066652825193517 0.031678757347225209 -0.0036911436638166744 -3.9512830693308428e-05 0.0018469238986394236 0.0011208486925618044 0.0065254684982144033 -0.006392791633868954 0.0045045499076295818 -0.021255500063974374 -0.0012533565312837717 0.0093261644051316588 -0.023776061498475345 -0.029686582786962391 0.001685455325759628 0.029516108613461257 -0.015820523426635192 -0.00055740421670557379 0.011949245989239674 -0.015954709032084794 -0.011249916687630132 0.019655252074201903 -0.00114746599265147 0.018917952054019634 0.0024843917193650739 -0.01580863334781801 0.00087665333622037817 0.011700197076326854
leaf_weight=258 54 169 255 127 43 12007 154 520 44 502 494 96 4134 169 22 28 4884 20 100 613 101 60 203 30 459 116 416 60 478 178
leaf_count=258 54 169 255 127 43 12007 154 520 44 502 494 96 4134 169 22 28 4884 20 100 613 101 60 203 30 459 116 416 60 478 178
internal_value=-4.29746e-12 -0.00041193 7.56848e-05 0.00719048 0.0227323 -0.000311378 0.00191682 -0.00143557 -0.0102939 -0.00110661 -0.00157019 -0.00877878 -0.000638749 0.00230083 0.000110273 -0.0129089 0.00104149 0.0118068 0.000935554 -0.0019155 -0.000118989 -0.00193012 0.00131049 -0.00153993 -0.00424535 0.00191951 0.00606765 0.00147315 0.00198563 0.0071297
internal_weight=26794 19200 13005 671 170 12334 501 6195 327 5937 5226 598 4628 711 542 283 7594 74 7520 874 774 673 6646 1170 662 5476 532 4944 508 332
internal_count=26794 19200 13005 671 170 12334 501 6195 327 5937 5226 598 4628 711 542 283 7594 74 7520 874 774 673 6646 1170 662 5476 532 4944 508 332
is_linear=0
shrinkage=0.05


Tree=122
num_leaves=31
num_cat=0
split_feature=0 7 7 7 7 7 3 2 7 7 7 0 0 7 0 3 7 7 7 7 3 0 7 7 7 0 7 0 3 7
split_gain=1.01597 3.85116 2.71721 4.66144 2.9545 2.49269 1.478 0.805375 4.3396 10.4127 7.24482 4.92292 7.55994 4.18615 4.19139 3.90679 3.63675 3.20365 7.82145 5.45684 7.13578 3.11291 3.08112 3.06202 4.4826 11.8899 4.00488 6.95047 2.82584 2.7412
threshold=6.5000000000000009 -0.99057531356811512 -0.054216818884015076 0.15061160176992419 1.399089574813843 -0.60042592883110035 1.5000000000000002 1.0000000180025095e-35 -0.080226775258779512 -0.002196901739807799 -0.26229648292064661 2.5000000000000004 3.5000000000000004 -0.17776411771774289 1.0000000180025095e-35 1.0000000180025095e-35 -0.18101536482572553 -0.67195332050323475 -0.74022945761680592 -0.92555043101310719 1.5000000000000002 1.0000000180025095e-35 -0.29155768454074854 -0.47687864303588862 -0.45411992073059076 5.5000000000000009 -0.49963735044002527 1.0000000180025095e-35 1.5000000000000002 -0.41835623979568476
decision_type=2 2 2 2 2 2 2 2 2 2 2 2 2 2 2 2 2 2 2 2 2 2 2 2 2 2 2 2 2 2
left_child=7 -2 5 -4 6 -3 -5 8 10 -10 22 15 -13 16 -15 -11 -12 18 19 21 -21 -9 28 26 25 -25 27 -19 -1 -26
right_child=1 2 3 4 -6 -7 -8 17 9 11 13 12 -14 14 -16 -17 -18 23 -20 20 -22 -23 -24 24 29 -27 -28 -29 -30 -31
leaf_value=-0.0005611196913324184 -0.022440533619374037 -0.0027044283141466705 -0.025725434314120901 -0.00024943988268765117 -0.014839226754737042 0.020837107754271965 0.01758498629289014 0.0072548990930544552 0.0057790832880700964 0.00055957616364844082 -0.0089297011185765825 0.02665677653291287 0.002729435754983231 -0.017695070389244293 0.0012551530451792015 -0.0025726702411369607 -0.024009416173570431 0.0093374476131560993 0.0090254898217560272 -0.00077617182080805508 -0.01578751997630063 0.0011922227289652746 0.014363568055683352 -0.010967310389477604 -0.0027609266420415609 0.012881832645801509 -0.0085429111246689126 -0.002639804655645733 -0.0053674793542265453 0.00024719147060105965
leaf_weight=3510 24 22 22 26 21 23 21 284 825 2343 173 39 215 36 154 1731 52 139 339 475 95 832 33 71 805 198 217 942 335 12792
leaf_count=3510 24 22 22 26 21 23 21 284 825 2343 173 39 215 36 154 1731 52 139 339 475 95 832 33 71 805 198 217 942 335 12792
internal_value=6.7748e-12 -0.00398491 -0.000703911 -0.00571982 0.000752581 0.00932791 0.00771913 2.37883e-05 -0.000347101 0.000631085 -0.00152124 -0.000350222 0.00640332 -0.00780014 -0.00233542 -0.000771283 -0.0124148 0.000227606 0.00209554 0.00070215 -0.00327806 0.00273505 -0.000849314 -2.1838e-05 0.000195547 0.00658708 -0.00234407 -0.00109971 -0.000979879 6.90981e-05
internal_weight=26794 159 135 90 68 45 47 26635 9446 5153 4293 4328 254 415 190 4074 225 17189 2025 1686 570 1116 3878 15164 13866 269 1298 1081 3845 13597
internal_count=26794 159 135 90 68 45 47 26635 9446 5153 4293 4328 254 415 190 4074 225 17189 2025 1686 570 1116 3878 15164 13866 269 1298 1081 3845 13597
is_linear=0
shrinkage=0.05


Tree=123
num_leaves=30
num_cat=0
split_feature=5 6 5 5 5 5 6 2 5 5 5 4 5 4 4 2 5 4 6 6 5 5 5 5 4 5 2 5 6
split_gain=1.31193 1.53961 10.6547 6.45746 5.40737 4.21384 3.74603 3.49056 2.8689 1.91291 2.50115 5.89581 1.91858 1.68843 13.0725 6.52419 1.44092 1.27189 0.810466 0.710982 0.688119 0.985334 2.47239 1.43578 0.631617 0.870766 0.2778 0.117373 0.0877166
threshold=83.500000000000014 11.500000000000002 59.500000000000007 68.500000000000014 61.500000000000007 69.500000000000014 12.500000000000002 1.0000000180025095e-35 76.500000000000014 77.500000000000014 67.500000000000014 5.5000000000000009 68.500000000000014 1.0000000180025095e-35 1.5000000000000002 1.0000000180025095e-35 71.500000000000014 5.5000000000000009 14.500000000000002 18.500000000000004 98.500000000000014 89.500000000000014 92.500000000000014 87.500000000000014 12.500000000000002 89.500000000000014 1.0000000180025095e-35 93.500000000000014 13.500000000000002
decision_type=2 2 2 2 2 2 2 2 2 2 2 2 2 2 2 2 2 2 2 2 2 2 2 2 2 2 2 2 2
left_child=1 9 -3 4 -4 6 -5 -6 -7 10 13 12 -12 15 -15 -1 -13 18 26 24 21 23 -23 -20 25 -19 28 -27 -2
right_child=17 2 3 5 7 8 -8 -9 -10 -11 11 16 -14 14 -16 -17 -18 19 20 -21 -22 22 -24 -25 -26 27 -28 -29 -30
leaf_value=-0.0078460400609726005 0.0093386585945668434 0.034607100225985052 0.0067492265786443439 0.0017449974960002763 -0.017326279722786109 -0.0034698206600534648 0.025972778432899052 -0.002994942727697189 0.0016657537600308547 -0.0050375232695723362 0.010934375472376186 -0.0036140685838621685 0.0043029421080059442 0.0071014477686236477 -3.0781970395184538e-05 -0.00031538214789015619 0.0011340422945335629 -0.0085908482759827522 -0.0036737900759492605 0.0047317098333116842 0.0094494577168541816 -0.017638578880578279 0.0037205891822287371 0.010573137410877584 0.0055856964235464421 0.0012922112642955339 0.01317244514689914 -0.001470367294566061 0.0052344984700903301
leaf_weight=297 23 20 42 39 140 657 27 61 464 184 149 283 407 675 13329 9095 367 41 28 68 34 20 42 48 31 61 28 104 30
leaf_count=297 23 20 42 39 140 657 27 61 464 184 149 283 407 675 13329 9095 367 41 28 68 34 20 42 48 31 61 28 104 30
internal_value=-2.87382e-12 -5.1024e-05 -0.00163462 -0.0021415 -0.0095675 -0.000621266 0.0116564 -0.012977 -0.00134412 4.16177e-05 7.9605e-05 0.00230011 0.00608007 -3.4856e-05 0.000312995 -0.000553522 -0.000933212 0.00239904 0.00502005 0.000224901 0.00307802 0.00150824 -0.00316947 0.00532427 -0.00106819 -0.00206951 0.00914386 -0.00044905 0.00701555
internal_weight=26794 26236 1450 1430 243 1187 66 201 1121 24786 24602 1206 556 23396 14004 9392 650 558 253 305 172 138 62 76 237 206 81 165 53
internal_count=26794 26236 1450 1430 243 1187 66 201 1121 24786 24602 1206 556 23396 14004 9392 650 558 253 305 172 138 62 76 237 206 81 165 53
is_linear=0
shrinkage=0.05


Tree=124
num_leaves=31
num_cat=0
split_feature=6 7 7 7 2 7 7 7 7 6 0 0 7 7 0 6 7 7 7 7 2 7 7 6 2 7 7 7 2 2
split_gain=1.03856 7.3242 2.95002 2.49376 3.29189 2.93238 2.18152 2.13022 1.74597 1.55943 4.21425 2.76797 1.42404 2.29112 1.28493 8.52772 4.523 5.13271 1.25484 8.06599 3.86312 7.67375 8.64607 2.93719 23.2078 21.0521 2.62374 7.7644 2.61554 2.37039
threshold=5.5000000000000009 -1.3579659461975095 -1.4928926229476926 -0.94505789875984181 1.0000000180025095e-35 -1.1856499910354612 -1.6261937022209165 -0.86702802777290333 -1.4278677105903623 3.5000000000000004 4.5000000000000009 3.5000000000000004 -1.2360442876815794 -1.1856499910354612 6.5000000000000009 8.5000000000000018 -0.35983382165431971 0.62204208970069896 -0.55815973877906788 -0.51914480328559864 1.0000000180025095e-35 -0.65569707751274098 -0.67195332050323475 8.5000000000000018 1.5000000000000002 -2.0927473306655879 -0.49963735044002527 -0.48663237690925593 1.5000000000000002 1.0000000180025095e-35
decision_type=2 2 2 2 2 2 2 2 2 2 2 2 2 2 2 2 2 2 2 2 2 2 2 2 2 2 2 2 2 2
left_child=1 2 6 4 12 -6 -1 -5 -4 10 -9 -11 -3 -14 18 -16 -17 -18 20 29 21 22 -2 25 -25 -22 28 -28 -21 -20
right_child=14 3 8 7 5 -7 -8 9 -10 11 -12 -13 13 -15 15 16 17 -19 19 26 23 -23 -24 24 -26 -27 27 -29 -30 -31
leaf_value=-0.0097268025693243634 -0.00061650857839235483 0.018020543032476018 -0.027862076202097037 -0.0086209065019630087 -0.015821743428241462 0.0019613028265417134 0.0051557911390608009 2.3005755382398959e-06 -0.011195693677291275 0.00010401000781951938 0.012348895851755515 -0.00334909312228274 -0.0090759065002202991 0.0086774248732857558 -0.02493060142103885 -0.016391997486352922 0.027177147167148415 -0.0024242727697128433 -0.024023255315564929 0.014396695105824621 -0.024453409579763941 0.021284976076537697 -0.023554477166561855 0.021579217577989147 0.00063044895808286882 0.0024720923766102586 -0.010967856791692704 0.00016454626257986704 0.00036332608888978548 -0.0066633218922821846
leaf_weight=97 1879 31 30 82 30 102 33 390 33 1974 84 822 21 135 37 20 27 32 21 64 77 39 42 164 682 1269 158 18041 69 309
leaf_count=97 1879 31 30 82 30 102 33 390 33 1974 84 822 21 135 37 20 27 32 21 64 77 39 42 164 682 1269 158 18041 69 309
internal_value=3.52686e-12 -0.000758316 -0.0102522 -0.000259181 0.00396519 -0.0020803 -0.00594891 -0.000661202 -0.0191321 -0.000461601 0.0021903 -0.000911173 0.00823259 0.00628755 0.000127786 -0.00512126 0.00415654 0.0111221 0.000154475 -2.0434e-05 0.00094064 -0.000672242 -0.00111802 0.00238282 0.00469144 0.000931778 0.000119033 6.7897e-05 0.00711623 -0.00776804
internal_weight=26794 3864 193 3671 319 132 130 3352 63 3270 474 2796 187 156 22930 116 79 59 22814 18662 4152 1960 1921 2192 846 1346 18332 18199 133 330
internal_count=26794 3864 193 3671 319 132 130 3352 63 3270 474 2796 187 156 22930 116 79 59 22814 18662 4152 1960 1921 2192 846 1346 18332 18199 133 330
is_linear=0
shrinkage=0.05


Tree=125
num_leaves=25
num_cat=0
split_feature=4 7 4 7 4 4 7 7 4 4 3 3 7 3 7 3 4 3 7 2 7 3 2 7
split_gain=0.872822 0.720347 4.4002 3.695 6.39552 3.48508 3.40747 3.04334 5.66981 2.86809 3.34585 2.3815 2.99767 2.31715 2.00884 1.83814 1.40816 1.06158 0.770993 0.270997 0.209662 0.186221 0.596346 0.0442751
threshold=13.500000000000002 0.80736306309700023 11.500000000000002 1.4543607831001284 1.0000000180025095e-35 4.5000000000000009 1.399089574813843 0.76834812760353099 5.5000000000000009 12.500000000000002 1.0000000180025095e-35 1.0000000180025095e-35 -0.19076909869909284 1.0000000180025095e-35 1.7697314620018008 2.5000000000000004 10.500000000000002 1.5000000000000002 1.7664802670478823 1.5000000000000002 0.79760929942131054 1.0000000180025095e-35 1.0000000180025095e-35 0.78135308623313915
decision_type=2 2 2 2 2 2 2 2 2 2 2 2 2 2 2 2 2 2 2 2 2 2 2 2
left_child=1 7 3 4 6 -6 -3 9 19 11 -11 12 -1 -4 18 -13 -16 -12 -5 20 -9 23 -23 -10
right_child=-2 2 13 14 5 -7 -8 8 21 10 17 15 -14 -15 16 -17 -18 -19 -20 -21 -22 22 -24 -25
leaf_value=-0.00119929589595296 0.0086695922653673516 -0.0064630283217674278 0.0044834124079595012 0.0017646734280530802 0.0078070120596531959 -0.0014220409053172574 -0.026201498298905793 0.015905979998281288 0.0028085475448857656 -0.019228329430208416 -0.0059435208159466756 0.00051538068150900804 0.00075950780952384529 0.024664013609290124 -0.0013722757486319885 0.007255816400363841 0.0012080290404326739 0.0014628411910962314 0.0059397658241516736 0.018137582409120091 0.010157057877097812 -0.0090954429314782214 0.00066415661428537642 7.1579081834190425e-05
leaf_weight=5594 29 443 33 855 109 1662 23 29 22 37 116 12062 3001 25 1410 102 846 83 127 37 35 24 45 45
leaf_count=5594 29 443 33 855 109 1662 23 29 22 37 116 12062 3001 25 1410 102 846 83 127 37 35 24 45 45
internal_value=-1.00477e-11 -9.39355e-06 -0.00051752 -0.000662647 -0.0022254 -0.000854019 -0.00743724 0.000123023 0.00575724 5.94216e-05 -0.00542153 0.000121732 -0.000515367 0.0131819 0.000416995 0.000571902 -0.000404661 -0.00285444 0.00230463 0.0147313 0.012762 -0.000907312 -0.00273049 0.000970285
internal_weight=26794 26765 5533 5475 2237 1771 466 21232 237 20995 236 20759 8595 58 3238 12164 2256 199 982 101 64 136 69 67
internal_count=26794 26765 5533 5475 2237 1771 466 21232 237 20995 236 20759 8595 58 3238 12164 2256 199 982 101 64 136 69 67
is_linear=0
shrinkage=0.05


Tree=126
num_leaves=23
num_cat=0
split_feature=6 0 6 6 2 4 6 4 4 6 0 2 4 2 4 4 0 6 4 0 6 4
split_gain=0.922803 0.849449 4.53736 9.25131 4.17991 2.72664 0.875638 4.46453 4.88073 27.7278 3.81219 2.6161 2.11827 0.951154 7.7081 18.2663 5.96367 1.65213 5.25484 3.64357 0.157112 0.108891
threshold=17.500000000000004 6.5000000000000009 4.5000000000000009 8.5000000000000018 1.0000000180025095e-35 8.5000000000000018 5.5000000000000009 1.0000000180025095e-35 1.5000000000000002 4.5000000000000009 1.0000000180025095e-35 1.5000000000000002 3.5000000000000004 1.0000000180025095e-35 1.0000000180025095e-35 1.5000000000000002 1.0000000180025095e-35 8.5000000000000018 5.5000000000000009 4.5000000000000009 10.500000000000002 5.5000000000000009
decision_type=2 2 2 2 2 2 2 2 2 2 2 2 2 2 2 2 2 2 2 2 2 2
left_child=1 6 -3 5 20 -4 7 10 9 -9 -1 -12 -10 14 16 -16 -8 19 -19 -15 -5 -2
right_child=21 2 3 4 -6 -7 13 8 12 -11 11 -13 -14 17 15 -17 -18 18 -20 -21 -22 -23
leaf_value=-0.015729553306785726 0.0082853065943345443 0.016878143519811008 -0.030526886668962402 0.015185891955087967 -0.011579180434013583 -0.007612662131432444 -0.015336239411208104 0.00058152779966182458 -0.0066443127141004275 0.036534138480201366 -0.0046620680599328904 0.0019090734869696019 -0.0003901486342711446 -0.00072614715848781598 0.028930543773566131 -0.00026134721359883311 0.00017872215951529315 0.0022899004786374614 -0.0019434013103321768 0.0010744307022530254 0.0096344767808914187 0.0041085154342819265
leaf_weight=63 20 23 37 26 28 20 149 505 144 60 580 205 2264 6575 54 7020 106 2936 977 4906 25 71
leaf_count=63 20 23 37 26 28 20 149 505 144 60 580 205 2264 6575 54 7020 106 2936 977 4906 25 71
internal_value=2.32469e-12 -1.71296e-05 -0.00366083 -0.00713434 0.00394276 -0.0224868 4.69643e-06 -0.000695619 0.000217169 0.0043995 -0.00389576 -0.00294604 -0.000764152 0.000122458 -0.000346372 -3.85084e-05 -0.00888688 0.000345666 0.00123293 4.32662e-05 0.0124646 0.00502649
internal_weight=26794 26703 159 136 79 57 26544 3821 2973 565 848 785 2408 22723 7329 7074 255 15394 3913 11481 51 91
internal_count=26794 26703 159 136 79 57 26544 3821 2973 565 848 785 2408 22723 7329 7074 255 15394 3913 11481 51 91
is_linear=0
shrinkage=0.05


Tree=127
num_leaves=31
num_cat=0
split_feature=1 6 0 6 4 6 6 4 4 4 6 4 0 6 0 6 0 0 6 6 6 0 6 4 6 0 0 4 4 4
split_gain=4.27822 7.54264 3.95083 5.00425 4.26887 3.49593 4.29618 4.11994 3.40472 10.8702 22.8348 11.4945 7.85183 9.48722 4.82374 13.1308 4.16321 16.7659 7.11356 6.95081 4.04167 6.6343 4.04039 3.42291 3.41386 2.49116 2.26774 4.4372 2.67207 2.14432
threshold=1.0000000180025095e-35 11.500000000000002 2.5000000000000004 15.500000000000002 5.5000000000000009 10.500000000000002 6.5000000000000009 10.500000000000002 1.0000000180025095e-35 1.5000000000000002 4.5000000000000009 2.5000000000000004 1.0000000180025095e-35 7.5000000000000009 4.5000000000000009 9.5000000000000018 1.5000000000000002 4.5000000000000009 9.5000000000000018 7.5000000000000009 6.5000000000000009 2.5000000000000004 7.5000000000000009 4.5000000000000009 3.5000000000000004 5.5000000000000009 2.5000000000000004 4.5000000000000009 5.5000000000000009 6.5000000000000009
decision_type=2 2 2 2 2 2 2 2 2 2 2 2 2 2 2 2 2 2 2 2 2 2 2 2 2 2 2 2 2 2
left_child=8 5 4 -4 -3 6 7 -2 12 10 24 -11 13 -1 23 -16 22 19 -19 -18 -12 -22 -14 -13 -10 -9 27 -7 -29 -8
right_child=1 2 3 -5 -6 26 29 25 9 11 20 14 16 -15 15 -17 17 18 -20 -21 21 -23 -24 -25 -26 -27 -28 28 -30 -31
leaf_value=-0.014736236944470717 0.0049011176227001796 0.0058631808158292617 -0.0078029146350504317 0.016658906553956597 -0.0035016866978359127 -0.012215032778551868 0.00089806830618139591 0.00046890603289812324 -0.00091757984209789474 -0.0095242183456134728 0.029392214281049711 0.0049537082367896801 -0.0014828613428217417 -0.0020376340039850523 -0.00024432072951937912 0.011423528266933609 -0.01707876165931119 4.1092268108851232e-06 -0.0090381561974343314 -0.0028092258337333248 -0.0038398688723301068 0.031698789276803536 0.0034562618960016916 -0.00050727001676651189 0.0087262336651896359 -0.011504878609569051 -0.00079781175404787074 0.014186160677671434 0.0056128350671907946 -0.002264345636315506
leaf_weight=230 1199 188 421 22 345 29 3840 293 401 327 98 295 731 408 874 333 232 3271 233 135 29 24 955 10505 119 51 125 125 333 623
leaf_count=230 1199 188 421 22 345 29 3840 293 401 327 98 295 731 408 874 333 232 3271 233 135 29 24 955 10505 119 51 125 125 333 623
internal_value=-4.79615e-13 0.00100461 -0.0030987 -0.00658811 -0.000198506 0.00160975 0.00124292 0.00351723 -0.000397345 6.21973e-05 0.0062598 -0.000274967 -0.00136205 -0.0066155 -2.30723e-05 0.00297473 -0.0007589 -0.00166209 -0.00059716 -0.0118297 0.0233765 0.0122531 0.0013148 -0.000358104 0.00128937 -0.00130628 0.00520977 0.00675176 0.00795272 0.00045662
internal_weight=26794 7594 976 443 533 6618 6006 1543 19200 13005 671 12334 6195 638 12007 1207 5557 3871 3504 367 151 53 1686 10800 520 344 612 487 458 4463
internal_count=26794 7594 976 443 533 6618 6006 1543 19200 13005 671 12334 6195 638 12007 1207 5557 3871 3504 367 151 53 1686 10800 520 344 612 487 458 4463
is_linear=0
shrinkage=0.05


Tree=128
num_leaves=31
num_cat=0
split_feature=4 7 7 7 7 7 7 0 6 0 6 6 4 6 6 7 0 0 7 6 7 7 6 4 7 7 0 7 6 7
split_gain=0.951405 2.8125 3.74601 2.38001 14.6608 6.90695 4.55116 3.71395 3.50798 3.10135 2.56402 2.49123 2.41507 2.40692 2.22913 1.89958 1.79069 1.76272 2.37103 3.09408 2.82929 2.38363 2.77602 1.96884 4.27308 2.89969 5.01065 2.39839 1.91487 1.71246
threshold=10.500000000000002 -1.1856499910354612 -1.4928926229476926 1.0934725999832156 1.0902213454246523 1.3015522360801699 1.0642113685607912 5.5000000000000009 9.5000000000000018 3.5000000000000004 7.5000000000000009 1.5000000000000002 5.5000000000000009 6.5000000000000009 10.500000000000002 -0.55815973877906788 4.5000000000000009 1.0000000180025095e-35 -0.34357759356498713 8.5000000000000018 -0.67195332050323475 -0.29806017875671381 7.5000000000000009 12.500000000000002 0.96342280507087719 0.84962922334671032 4.5000000000000009 0.16686782985925677 6.5000000000000009 1.2755423188209536
decision_type=2 2 2 2 2 2 2 2 2 2 2 2 2 2 2 2 2 2 2 2 2 2 2 2 2 2 2 2 2 2
left_child=3 2 -2 4 6 14 11 9 10 13 -9 15 -13 -7 29 -1 -4 18 19 -3 -21 28 -23 25 27 26 -19 -25 -20 -5
right_child=1 17 16 5 -6 7 -8 8 -10 -11 -12 12 -14 -15 -16 -17 -18 23 21 20 -22 22 -24 24 -26 -27 -28 -29 -30 -31
leaf_value=0.0019703509430401031 0.0040460998685964925 -0.0016499129644283695 -0.014050697612781181 -0.0048696295296102527 0.01776717210124279 0.0018721494514173322 -0.018078551122120447 0.0066389443210426204 0.020433158890477251 -0.00710708622349044 -0.0078288881908875046 0.00026867939633182225 -0.0010641807813559158 -0.0017717202606854629 -0.016207313336550244 0.014552001655101777 -0.0014869303419822602 0.0088621641932961643 0.001960553797558412 -0.0049786948388622658 -0.029099837057292462 -0.0012650313095057153 0.0026882537253882718 -0.0032414181408516709 0.010576450453933191 0.0006266116404019383 0.001513070362522161 -0.019340086226853043 0.0087544813163042308 -0.017378454816838106
leaf_weight=75 71 652 92 311 116 696 35 121 35 195 41 12965 4606 1299 63 50 41 372 484 31 20 1522 627 210 54 1206 616 26 132 30
leaf_count=75 71 652 92 311 116 696 35 121 35 195 41 12965 4606 1299 63 50 41 372 484 31 20 1522 627 210 54 1206 616 26 132 30
internal_value=6.33095e-12 0.00054553 -0.00522723 -0.000162723 4.96123e-05 -0.0015205 -6.62998e-05 -0.000497211 0.00607862 -0.00108874 0.00297733 -3.06743e-05 -8.07119e-05 -0.000500475 -0.00756651 0.00700301 -0.0101777 0.000743386 1.51607e-05 -0.00257764 -0.014438 0.000674379 -0.000111607 0.00176009 -0.00211176 0.00227186 0.00428014 -0.005015 0.0034164 -0.00597011
internal_weight=26794 6156 204 20638 17847 2791 17731 2387 197 2190 162 17696 17571 1995 404 125 133 5952 3468 703 51 2765 2149 2484 290 2194 988 236 616 341
internal_count=26794 6156 204 20638 17847 2791 17731 2387 197 2190 162 17696 17571 1995 404 125 133 5952 3468 703 51 2765 2149 2484 290 2194 988 236 616 341
is_linear=0
shrinkage=0.05


Tree=129
num_leaves=31
num_cat=0
split_feature=0 7 7 7 7 7 4 7 0 7 7 0 4 7 7 7 7 7 4 7 0 7 7 2 4 4 7 7 2 7
split_gain=0.888371 3.36073 2.42466 3.77642 2.72071 1.96992 0.841723 2.66909 3.26195 2.63304 3.46986 2.34532 2.10035 6.30024 19.1299 8.70548 12.5282 5.25319 3.51786 14.48 6.20755 10.2537 8.39228 5.7556 5.60536 1.688 1.41797 1.3596 1.27094 1.24307
threshold=6.5000000000000009 -0.99057531356811512 -0.054216818884015076 0.15061160176992419 1.399089574813843 -0.60042592883110035 10.500000000000002 -0.74022945761680592 4.5000000000000009 -0.50613984465599049 -0.44761744141578669 1.0000000180025095e-35 5.5000000000000009 0.069330483675003066 0.088837951421737685 -0.10948797687888144 -0.18101536482572553 -0.05096557363867759 1.0000000180025095e-35 0.010808077175170185 1.0000000180025095e-35 1.7989926934242251 -0.21352781355381009 1.0000000180025095e-35 1.5000000000000002 6.5000000000000009 -0.60042592883110035 -1.1856499910354612 1.0000000180025095e-35 -1.0523489713668821
decision_type=2 2 2 2 2 2 2 2 2 2 2 2 2 2 2 2 2 2 2 2 2 2 2 2 2 2 2 2 2 2
left_child=6 -2 5 -4 -5 -3 12 8 27 11 -11 26 18 15 -15 16 -14 -17 20 24 22 -22 -1 -21 -20 -16 -9 -8 -12 -29
right_child=1 2 3 4 -6 -7 7 9 -10 10 28 -13 13 14 25 17 -18 -19 19 23 21 -23 -24 -25 -26 -27 -28 29 -30 -31
leaf_value=0.0020387454124593594 -0.02096676800089578 -0.0018813667490824382 -0.023406133716079323 0.007111398618113488 -0.01453606148383447 0.01904649987168934 -0.010726431797192706 -0.0053870749273678157 0.00085805852375806706 -0.010432355489203897 0.0030966551501879166 0.013243250531745673 -0.001207474104103243 -0.037936076607454468 -0.0025314453864634808 0.011324510359954016 -0.04108074344694615 0.002572710947696726 0.0047216621184399538 0.0058898995201894433 -3.8564499608252019e-05 0.012780954509954491 -0.0061692268801686575 0.017687307239150792 -0.00072427841246330989 -0.00028341379580077542 0.0059782707109957579 0.00094382315717135264 0.00057861593047023958 -0.0063877565893838461
leaf_weight=470 24 22 22 47 21 23 99 41 395 69 563 79 1313 37 2605 204 20 1075 561 556 8219 159 923 127 2995 1229 83 89 4559 165
leaf_count=470 24 22 22 47 21 23 99 41 395 69 563 79 1313 37 2605 204 20 1075 561 556 8219 159 923 127 2995 1229 83 89 4559 165
internal_value=2.07148e-12 -0.00372629 -0.000661312 -0.00539952 0.000426154 0.0088151 2.22444e-05 0.000535668 -0.00226332 0.000923811 0.000705354 0.00651006 -0.000131635 -0.000875757 -0.00215613 0.00102176 -0.00180572 0.00396862 0.000212701 0.0014156 -0.000309157 0.000204728 -0.00339985 0.00808356 0.000134881 -0.00181083 0.00222037 -0.00575608 0.000855394 -0.00381882
internal_weight=26794 159 135 90 68 45 26635 6142 748 5394 5191 203 20493 6483 3871 2612 1333 1279 14010 4239 9771 8378 1393 683 3556 3834 124 353 5122 254
internal_count=26794 159 135 90 68 45 26635 6142 748 5394 5191 203 20493 6483 3871 2612 1333 1279 14010 4239 9771 8378 1393 683 3556 3834 124 353 5122 254
is_linear=0
shrinkage=0.05


Tree=130
num_leaves=31
num_cat=0
split_feature=5 7 0 7 2 7 0 5 5 0 7 0 5 5 0 5 5 7 7 0 7 7 7 5 0 5 0 0 5 7
split_gain=1.15893 15.8295 15.0602 8.00989 7.3287 3.87843 16.5278 10.9703 9.93201 7.2695 6.41606 5.23836 5.17656 3.77318 3.69396 8.53897 4.13053 3.47469 13.8869 17.9718 12.4745 10.4314 7.31054 6.75232 3.33161 3.26239 7.58603 5.17599 3.02492 3.29034
threshold=51.500000000000007 -1.3579659461975095 1.5000000000000002 -2.0927473306655879 1.0000000180025095e-35 -1.7188541293144224 3.5000000000000004 62.500000000000007 73.500000000000014 1.0000000180025095e-35 -1.1011176109313963 2.5000000000000004 53.500000000000007 42.500000000000007 5.5000000000000009 71.500000000000014 74.500000000000014 -0.29806017875671381 -0.33057262003421778 1.0000000180025095e-35 -0.1875178515911102 -0.36958755552768702 -0.16801038384437558 62.500000000000007 3.5000000000000004 47.500000000000007 5.5000000000000009 5.5000000000000009 40.500000000000007 -1.2360442876815794
decision_type=2 2 2 2 2 2 2 2 2 2 2 2 2 2 2 2 2 2 2 2 2 2 2 2 2 2 2 2 2 2
left_child=1 2 3 -1 25 6 7 9 11 -2 24 -9 -8 28 15 -14 -16 18 21 -20 23 -12 -22 -19 -7 26 -4 -27 29 -3
right_child=5 13 4 -5 -6 10 12 8 -10 -11 17 -13 14 -15 16 -17 -18 20 19 -21 22 -23 -24 -25 -26 27 -28 -29 -30 -31
leaf_value=-0.031104639190358715 0.0058088892372325064 0.012833375981650675 -0.0044699582749599355 -0.010900384008960703 0.011123656920599155 -0.020370035740578996 0.015557764552811043 0.017012946630146967 0.0068055969378257412 -0.029419382771960014 -0.0020785182461766113 0.037070022211518401 -0.0062551196843851353 -0.00080867578728009086 0.0065854657809004975 0.0048223999712844294 -0.0081588920392096052 0.0037173242069336882 -0.041602532916740348 -0.0028671553660813091 -0.0080204112480253536 0.011294840402084123 0.00015021389823894111 0.013965397775907235 -0.001879112912519347 -0.007510489793984514 -0.02719157374981377 0.021783284470438959 0.0028600310585084952 0.0001976702807382793
leaf_weight=85 32 52 200 116 78 58 47 134 285 27 1383 43 600 6766 228 245 60 772 49 77 284 163 7597 203 42 38 45 25 1471 5589
leaf_count=85 32 52 200 116 78 58 47 134 285 27 1383 43 600 6766 228 245 60 772 49 77 284 163 7597 203 42 38 45 25 1471 5589
internal_value=-4.48348e-12 -0.000303588 -0.00834604 -0.0194445 -0.0025668 0.000356185 0.00257289 0.00999022 0.012583 -0.0103125 1.40352e-06 0.0218856 -0.000702048 3.65845e-05 -0.00137655 -0.00304329 0.00351372 0.000121134 -0.00196939 -0.0179309 0.000515823 -0.00066852 -0.000144223 0.00585103 -0.0126038 -0.00603386 -0.00864332 0.00411402 0.000840723 0.000314149
internal_weight=26794 14465 587 201 386 12329 1701 521 462 59 10628 177 1180 13878 1133 845 288 10528 1672 126 8856 1546 7881 975 100 308 245 63 7112 5641
internal_count=26794 14465 587 201 386 12329 1701 521 462 59 10628 177 1180 13878 1133 845 288 10528 1672 126 8856 1546 7881 975 100 308 245 63 7112 5641
is_linear=0
shrinkage=0.05


Tree=131
num_leaves=31
num_cat=0
split_feature=6 7 4 4 6 0 7 0 6 7 7 7 4 7 7 7 0 6 7 7 7 7 7 6 6 0 7 4 7 7
split_gain=0.899548 6.38668 5.04507 12.3366 14.1836 4.28118 3.39123 2.76049 2.6344 2.46351 2.19909 3.9889 1.98474 1.9392 1.90674 1.37915 1.07831 6.83127 3.90151 4.32309 1.11246 7.31 3.30066 6.41425 5.16037 10.3943 7.35537 3.21081 2.38301 7.01907
threshold=5.5000000000000009 -1.3579659461975095 1.0000000180025095e-35 1.5000000000000002 4.5000000000000009 5.5000000000000009 -0.74022945761680592 1.0000000180025095e-35 3.5000000000000004 -1.4928926229476926 -0.85727426409721363 -0.49963735044002527 3.5000000000000004 -0.054216818884015076 -1.6261937022209165 -1.4278677105903623 6.5000000000000009 8.5000000000000018 -0.35983382165431971 0.62204208970069896 -0.55815973877906788 -0.51914480328559864 -0.74022945761680592 10.500000000000002 8.5000000000000018 3.5000000000000004 -2.0927473306655879 2.5000000000000004 -0.49963735044002527 -0.48663237690925593
decision_type=2 2 2 2 2 2 2 2 2 2 2 2 2 2 2 2 2 2 2 2 2 2 2 2 2 2 2 2 2 2
left_child=1 9 7 4 8 12 -7 13 -4 14 -9 -12 -5 -3 -1 -11 20 -18 -19 -20 22 -22 24 27 26 -26 -2 -24 -23 -30
right_child=16 2 3 5 -6 6 -8 10 -10 15 11 -13 -14 -15 -16 -17 17 18 19 -21 21 28 23 -25 25 -27 -28 -29 29 -31
leaf_value=-0.0091706970735385869 -0.010049585834261509 -0.022918058757980666 0.0025298574787103751 -0.0060719572819284045 0.031039882645321388 -0.03111624769633636 -0.0043533834596646238 0.010011528071481736 0.012165862248041372 -0.025444812947728986 -0.010666248346368472 -0.0015517319316476796 2.7729266788359062e-05 -0.0052234281683922745 0.0047430707960192005 -0.010632314262770568 -0.022419404987296141 -0.01547037594486028 0.024818075531058845 -0.0023485756879381373 -0.0073969162162393328 0.0067799281581003863 0.0025055817433472308 -0.013592632609377792 0.0066454618135081984 -0.00098473798460504839 -0.00043838227791068304 0.0089512409321102493 -0.010429983808588283 0.00015461879668927618
leaf_weight=97 257 30 289 142 60 20 29 32 94 30 150 601 2192 32 33 33 37 20 27 32 330 133 706 53 677 1310 883 266 158 18041
leaf_count=97 257 30 289 142 60 20 29 32 94 30 150 601 2192 32 33 33 37 20 27 32 330 133 706 53 677 1310 883 266 158 18041
internal_value=5.32385e-12 -0.000705744 -0.000239648 0.000773922 0.00843592 -0.000650444 -0.015277 -0.00362941 0.00489483 -0.00957123 -0.00282524 -0.00337221 -0.000343374 -0.0137853 -0.00563874 -0.0176859 0.000118927 -0.00468959 0.00361425 0.0100836 0.000143376 -2.13113e-05 0.000883598 0.00334591 7.64745e-05 0.00161498 -0.00260512 0.00426952 0.000111459 6.27254e-05
internal_weight=26794 3864 3671 2826 443 2383 49 845 383 193 783 751 2334 62 130 63 22930 116 79 59 22814 18662 4152 1025 3127 1987 1140 972 18332 18199
internal_count=26794 3864 3671 2826 443 2383 49 845 383 193 783 751 2334 62 130 63 22930 116 79 59 22814 18662 4152 1025 3127 1987 1140 972 18332 18199
is_linear=0
shrinkage=0.05


Tree=132
num_leaves=31
num_cat=0
split_feature=5 7 0 7 5 7 7 7 0 7 6 0 7 0 5 6 0 7 5 0 5 6 0 7 7 0 7 7 6 7
split_gain=0.955531 12.9935 13.5232 7.20306 3.46819 4.88346 8.73027 6.59474 8.10127 5.03165 4.98817 3.57723 3.3696 13.8255 9.77964 12.8278 6.45638 5.90911 4.74038 3.35576 7.702 5.72772 3.11232 3.11166 12.5785 16.1913 11.2634 9.35985 8.15437 6.59526
threshold=51.500000000000007 -1.3579659461975095 1.5000000000000002 -2.0927473306655879 43.500000000000007 -0.1875178515911102 -0.28505519032478327 -0.063970554620027528 1.0000000180025095e-35 -0.27855271100997919 9.5000000000000018 3.5000000000000004 -1.7188541293144224 3.5000000000000004 62.500000000000007 9.5000000000000018 1.0000000180025095e-35 -1.1011176109313963 53.500000000000007 5.5000000000000009 71.500000000000014 9.5000000000000018 3.5000000000000004 -0.29806017875671381 -0.33057262003421778 1.0000000180025095e-35 -0.1875178515911102 -0.36958755552768702 8.5000000000000018 -0.16801038384437558
decision_type=2 2 2 2 2 2 2 2 2 2 2 2 2 2 2 2 2 2 2 2 2 2 2 2 2 2 2 2 2 2
left_child=1 2 3 -1 -3 6 11 8 -7 -8 -9 -6 13 14 16 -16 -2 22 -15 20 -20 -21 -14 24 27 -26 28 -19 -25 -28
right_child=12 4 -4 -5 5 7 9 10 -10 -11 -12 -13 17 18 15 -17 -18 23 19 21 -22 -23 -24 26 25 -27 29 -29 -30 -31
leaf_value=-0.029136347899980403 0.0051972405286505822 0.00072863779433732993 -0.0020857393083529344 -0.00997667932593874 0.0010613373902215021 -0.010496284026972284 -0.018356248398643287 -0.00083123833835314562 0.0081132526420380751 -0.005504187000702012 0.016993109150789679 -0.0025814968770931403 -0.019610525780068389 0.014954043868830072 0.036983747316731347 0.0088846405364148111 -0.028002435444957681 -0.0019682163677226471 -0.0058901050952069149 -0.015245889561871687 0.0046305167815667032 0.0060750228112622625 -0.0017385220897960523 0.0017772239324604644 -0.03953013596866204 -0.0027635589471788377 -0.007627009896091743 0.010699671084786897 0.011091623826341445 0.00013360965935395056
leaf_weight=85 32 7816 386 116 1296 67 87 2097 460 611 40 1404 58 47 45 417 27 1383 600 36 245 252 42 580 49 77 284 163 395 7597
leaf_count=85 32 7816 386 116 1296 67 87 2097 460 611 40 1404 58 47 45 417 27 1383 600 36 245 252 42 580 49 77 284 163 395 7597
internal_value=-4.20358e-12 -0.000275663 -0.00756215 -0.018079 3.25346e-05 -0.000864981 -0.00212154 0.000737786 0.00574733 -0.00710609 -0.000497605 -0.000832936 0.000323422 0.0023896 0.00917353 0.0116216 -0.00999583 -7.26881e-06 -0.000605672 -0.00125113 -0.00283975 0.00340991 -0.0121043 0.000107634 -0.00187067 -0.0170617 0.000481136 -0.000632598 0.00555075 -0.000146052
internal_weight=26794 14465 587 201 13878 6062 3398 2664 527 698 2137 2700 12329 1701 521 462 59 10628 1180 1133 845 288 100 10528 1672 126 8856 1546 975 7881
internal_count=26794 14465 587 201 13878 6062 3398 2664 527 698 2137 2700 12329 1701 521 462 59 10628 1180 1133 845 288 100 10528 1672 126 8856 1546 975 7881
is_linear=0
shrinkage=0.05


Tree=133
num_leaves=31
num_cat=0
split_feature=4 5 7 0 7 4 0 4 7 7 7 7 7 4 5 5 7 7 4 5 0 4 5 5 0 0 4 4 5 5
split_gain=0.895258 0.878735 13.1084 12.0048 6.58465 3.86307 8.05393 15.4721 10.282 9.27728 6.74744 4.48901 11.6712 6.63403 14.1533 6.56128 4.39763 3.80996 3.76236 6.4934 4.10592 4.04702 2.77328 2.48411 5.46768 3.86651 2.21533 2.34593 1.64993 1.57789
threshold=13.500000000000002 51.500000000000007 -1.3579659461975095 1.5000000000000002 -2.0927473306655879 5.5000000000000009 3.5000000000000004 2.5000000000000004 0.61228835582733165 -1.07510769367218 1.2267736196517947 0.069330483675003066 0.088837951421737685 10.500000000000002 73.500000000000014 55.500000000000007 -0.2883064448833465 -0.17451287060976026 10.500000000000002 42.500000000000007 4.5000000000000009 6.5000000000000009 49.500000000000007 46.500000000000007 5.5000000000000009 5.5000000000000009 12.500000000000002 11.500000000000002 32.500000000000007 64.500000000000014
decision_type=2 2 2 2 2 2 2 2 2 2 2 2 2 2 2 2 2 2 2 2 2 2 2 2 2 2 2 2 2 2
left_child=1 2 3 4 22 6 7 9 17 -3 -9 13 -13 14 -7 -14 -15 -8 19 20 -4 -21 -1 24 -5 -25 27 -20 -6 -10
right_child=-2 5 18 23 28 11 8 10 29 -11 -12 12 15 16 -16 -17 -18 -19 26 21 -22 -23 -24 25 -26 -27 -28 -29 -30 -31
leaf_value=-0.022174333710351896 0.008780312042779707 -0.033382047787308695 -0.00035019901292724623 -0.0018147932412297656 -0.014556640237045122 0.0095968710370141277 -0.00035896882844460446 0.0086817038601934276 0.012902919604580421 0.00082998300231435786 -0.013650508362001608 -0.028963526445202149 0.0028010056065340271 -0.0073985618085982245 -0.00087676976515335117 -0.0025715263343638575 -0.00010815232448168522 -0.0052039252384278329 0.00089789158668775084 -0.0015579891019179943 0.0025183306201519706 -0.0082094968264356787 -0.04182630783090225 -0.0042224083917544166 -0.021578106016670241 0.016691420876826995 -0.010853463104246437 0.0041770213581773406 -0.0022342091129923412 0.029086364125832917
leaf_weight=58 29 20 3558 239 71 549 2458 1006 61 2147 35 39 717 261 782 2740 997 486 3311 4156 1921 242 26 51 41 39 37 653 44 20
leaf_count=58 29 20 3558 239 71 549 2458 1006 61 2147 35 39 717 261 782 2740 997 486 3311 4156 1921 242 26 51 41 39 37 653 44 20
internal_value=-4.26542e-12 -9.51351e-06 -0.000274057 -0.00771219 -0.0176152 0.000300752 0.00117563 0.00292093 -0.000675255 0.000514228 0.00793086 -0.000595406 -0.00176408 0.000982694 0.00344331 -0.00145723 -0.00162071 -0.00115878 3.09079e-05 -0.000493064 0.00065554 -0.00192399 -0.0282571 -0.00238599 -0.00470871 0.00484025 0.0013244 0.00143807 -0.00984197 0.0168988
internal_weight=26794 26765 14447 569 199 12318 6233 3208 3025 2167 1041 6085 3496 2589 1331 3457 1258 2944 13878 9877 5479 4398 84 370 280 90 4001 3964 115 81
internal_count=26794 26765 14447 569 199 12318 6233 3208 3025 2167 1041 6085 3496 2589 1331 3457 1258 2944 13878 9877 5479 4398 84 370 280 90 4001 3964 115 81
is_linear=0
shrinkage=0.05


Tree=134
num_leaves=30
num_cat=0
split_feature=4 5 4 5 0 4 0 4 4 0 4 0 4 3 5 5 5 4 4 5 3 4 5 3 4 0 0 3 4
split_gain=0.80797 0.793058 4.04062 6.0099 5.27993 3.66277 10.1056 5.42309 3.48642 7.26867 13.9636 6.02734 5.58773 4.25861 4.79887 4.05778 2.72431 2.27108 2.2701 3.95393 2.07581 1.93291 1.34128 2.47317 1.43271 1.1723 2.20972 0.931366 0.779907
threshold=13.500000000000002 51.500000000000007 10.500000000000002 43.500000000000007 4.5000000000000009 4.5000000000000009 5.5000000000000009 1.0000000180025095e-35 5.5000000000000009 3.5000000000000004 2.5000000000000004 2.5000000000000004 1.0000000180025095e-35 1.0000000180025095e-35 65.500000000000014 62.500000000000007 56.500000000000007 8.5000000000000018 9.5000000000000018 53.500000000000007 1.5000000000000002 12.500000000000002 78.500000000000014 1.0000000180025095e-35 6.5000000000000009 1.0000000180025095e-35 4.5000000000000009 1.5000000000000002 11.500000000000002
decision_type=2 2 2 2 2 2 2 2 2 2 2 2 2 2 2 2 2 2 2 2 2 2 2 2 2 2 2 2 2
left_child=1 2 3 5 17 7 -7 -1 9 10 12 -12 -3 16 -15 18 -11 -5 19 -10 -6 25 24 -24 -17 27 -27 -4 -20
right_child=-2 8 21 4 20 6 -8 -9 15 13 11 -13 -14 14 -16 22 -18 -19 28 -21 -22 -23 23 -25 -26 26 -28 -29 -30
leaf_value=7.5628055999359922e-05 0.0083412963913047106 0.0010231342511055207 -0.0054445958051543971 -0.0045679724481383589 -0.00033218356445252856 -0.00078725422781748908 -0.020348954697949333 0.0044334475003225578 0.011009474890733804 -0.001122079151611281 0.0066531334833421774 0.023960925034194624 -0.011569431423634778 -0.00019203713753107512 -0.005287311919606138 -0.0031854196803473497 0.0042815068966976675 0.0029253538688948045 -0.00049717946457179612 0.0011917808075372889 -0.0096850272645929558 -0.010310790209552728 0.0068111563399597484 -0.0016038503062139808 -5.8240043658151677e-05 0.0037083178777381973 2.6331205520980946e-05 0.00062347810574029067 -0.0046479278175695993
leaf_weight=2882 29 2075 65 1839 2161 2270 68 949 109 392 988 53 92 1356 701 1753 576 107 1416 1734 61 37 114 373 463 983 696 2329 123
leaf_count=2882 29 2075 65 1839 2161 2270 68 949 109 392 988 53 92 1356 701 1753 576 107 1416 1734 61 37 114 373 463 983 696 2329 123
internal_value=5.18586e-13 -9.03783e-06 -0.000260354 -0.000787619 -0.00225435 0.000203356 -0.0013562 0.00115513 0.000285715 0.00111685 0.00277489 0.00753432 0.000488517 -0.000641493 -0.00192844 -0.000565635 0.00209328 -0.00415596 0.000588669 0.00177243 -0.000588945 0.00106576 -0.0020099 0.000365987 -0.00253204 0.00116911 0.00218201 0.000458723 -0.000828916
internal_weight=26794 26765 14447 10337 4168 6169 2338 3831 12318 6233 3208 1041 2167 3025 2057 6085 968 1946 3382 1843 2222 4110 2703 487 2216 4073 1679 2394 1539
internal_count=26794 26765 14447 10337 4168 6169 2338 3831 12318 6233 3208 1041 2167 3025 2057 6085 968 1946 3382 1843 2222 4110 2703 487 2216 4073 1679 2394 1539
is_linear=0
shrinkage=0.05


Tree=135
num_leaves=31
num_cat=0
split_feature=1 5 5 7 7 4 7 7 7 7 4 4 5 5 4 7 5 7 7 7 7 7 7 7 5 5 4 5 7 7
split_gain=4.15222 3.89082 7.18192 6.28138 4.1941 3.20241 3.80577 7.62615 6.21862 14.4638 2.99856 8.2227 15.5367 12.975 9.51149 8.31423 4.73727 4.73115 3.62357 3.54051 11.1446 6.53186 5.16327 3.98949 4.44917 2.91083 5.76396 10.3473 3.08256 2.77992
threshold=1.0000000180025095e-35 70.500000000000014 71.500000000000014 1.3763308525085451 0.50174602866172802 6.5000000000000009 1.0902213454246523 1.0934725999832156 0.8918953835964204 0.87563917040824901 1.0000000180025095e-35 1.5000000000000002 25.500000000000004 38.500000000000007 2.5000000000000004 -0.65569707751274098 33.500000000000007 1.2267736196517947 1.0000000180025095e-35 -0.54515478014945973 -0.41835623979568476 -0.43136121332645411 -0.34357759356498713 -0.60042592883110035 59.500000000000007 49.500000000000007 7.5000000000000009 42.500000000000007 -0.45411992073059076 1.2527835965156557
decision_type=2 2 2 2 2 2 2 2 2 2 2 2 2 2 2 2 2 2 2 2 2 2 2 2 2 2 2 2 2 2
left_child=10 5 -3 4 -4 6 8 -8 9 -2 16 12 15 -14 17 -12 -1 18 -13 23 21 -21 -22 24 -18 26 27 -7 -27 -9
right_child=1 2 3 -5 -6 25 7 29 -10 -11 11 14 13 -15 -16 -17 19 -19 -20 20 22 -23 -24 -25 -26 28 -28 -29 -30 -31
leaf_value=-0.0079294372775931231 0.0014669891936158691 -0.014758229572325946 -0.0010294110887208391 0.011107808852217871 -0.014880726533883719 0.00197138946377697 0.017271310514931023 -0.0053523570371908141 -0.014514737035303066 0.036291582534710563 -0.0037834079874920568 -0.0091637531277157513 0.026528993931298303 -0.0052479014796919608 -2.4294352675641591e-05 0.0096748435529723266 0.001142149033246544 0.0065855828103270724 -0.028112589371656733 -0.0055971247464359514 0.0042022869138656042 -0.019831927812750415 -0.0012062549627834967 0.009009100383797871 -0.02181383671916344 0.017550455294549468 -0.00018055402195307321 -0.02076517421856662 0.0010276913174786548 0.0048294249123084386
leaf_weight=258 4862 100 613 101 60 94 116 84 60 30 323 255 127 43 12007 178 520 44 28 502 494 96 4134 169 22 30 527 107 478 332
leaf_count=258 4862 100 613 101 60 94 116 84 60 30 323 255 127 43 12007 178 520 44 28 502 494 96 4134 169 22 30 527 107 478 332
internal_value=-1.12229e-12 0.000989707 -0.00214852 -0.000519359 -0.0022643 0.00139786 0.00191605 0.00593467 0.00148432 0.00168055 -0.00039145 3.98122e-05 0.00543011 0.0184913 -0.000253433 0.000998166 -0.00129679 -0.00866711 -0.0110385 -0.00100856 -0.00145893 -0.00788231 -0.000628939 0.00230176 0.000210356 -0.000901266 -0.00292818 -0.0101322 0.00200345 0.00277349
internal_weight=26794 7594 874 774 673 6720 5484 532 4952 4892 19200 13005 671 170 12334 501 6195 327 283 5937 5226 598 4628 711 542 1236 728 201 508 416
internal_count=26794 7594 874 774 673 6720 5484 532 4952 4892 19200 13005 671 170 12334 501 6195 327 283 5937 5226 598 4628 711 542 1236 728 201 508 416
is_linear=0
shrinkage=0.05


Tree=136
num_leaves=31
num_cat=0
split_feature=1 4 4 4 0 2 0 0 2 0 0 0 0 2 4 0 2 0 4 2 0 4 0 0 4 4 2 2 4 4
split_gain=3.74738 2.7062 7.42099 8.58412 6.51036 17.656 4.8121 9.24738 4.8075 3.81304 14.9371 6.83917 3.54764 2.97139 2.64494 2.61817 2.22353 2.18432 10.0922 2.57886 6.00493 4.64456 5.457 2.92242 6.3145 4.98048 3.77093 2.2941 2.10825 1.75023
threshold=1.0000000180025095e-35 1.0000000180025095e-35 1.5000000000000002 2.5000000000000004 1.0000000180025095e-35 1.5000000000000002 5.5000000000000009 6.5000000000000009 1.0000000180025095e-35 1.5000000000000002 4.5000000000000009 5.5000000000000009 3.5000000000000004 1.5000000000000002 4.5000000000000009 1.5000000000000002 1.0000000180025095e-35 4.5000000000000009 4.5000000000000009 1.5000000000000002 3.5000000000000004 5.5000000000000009 2.5000000000000004 1.0000000180025095e-35 5.5000000000000009 4.5000000000000009 1.0000000180025095e-35 1.0000000180025095e-35 6.5000000000000009 6.5000000000000009
decision_type=2 2 2 2 2 2 2 2 2 2 2 2 2 2 2 2 2 2 2 2 2 2 2 2 2 2 2 2 2 2
left_child=1 4 12 -4 5 8 14 -8 -1 13 -11 -12 15 -6 -5 -3 -14 19 -19 23 21 22 -21 25 26 27 -25 -2 -26 -27
right_child=17 2 3 6 9 -7 7 -9 -10 10 11 -13 16 -15 -16 -17 -18 18 -20 20 -22 -23 -24 24 28 29 -28 -29 -30 -31
leaf_value=-0.017389417459656085 -0.010895366828382306 0.0055506746896690157 -0.0082337514505082948 0.0044299574540943741 0.0020047495268061969 -0.033096250299025666 0.0075038213972365569 -0.011281847983429377 -0.0019807714734763698 -0.011144235508970198 0.013817939631364965 -0.0008817344064976783 0.0086781910519969918 -0.0049664025103865091 -0.00035854042632466862 -0.0021584986734928357 0.023358404746977614 0.0020676919325323378 -0.0035143068479337649 0.0066641698910365338 -0.023006704077124598 0.0011550350073080183 0.026508962010082446 0.011209710012583009 -0.0023454387002402655 0.0028560110961399535 0.0035066950774522879 -0.0026790765734040177 0.0025411003015121717 -0.0020418303410406225
leaf_weight=56 103 344 327 296 1516 55 439 77 527 367 81 3423 133 170 11195 162 32 2207 1279 392 20 451 38 237 512 760 482 485 388 240
leaf_count=56 103 344 327 296 1516 55 439 77 527 367 81 3423 133 170 11195 162 32 2207 1279 392 20 451 38 237 512 760 482 485 388 240
internal_value=-5.31209e-12 -0.000371877 3.78216e-05 -0.000240762 -0.00123195 -0.00601562 -2.30797e-05 0.00470053 -0.00346085 -0.000682733 -0.00154711 -0.00054193 0.0051586 0.00130185 -0.000235192 0.00308252 0.0115253 0.000940222 1.9678e-05 0.00172138 0.00408489 0.0046999 0.0084179 0.00105736 0.0025522 -0.000466654 0.0060458 -0.00411832 -0.000238797 0.00168053
internal_weight=26794 19200 13005 12334 6195 638 12007 516 583 5557 3871 3504 671 1686 11491 506 165 7594 3486 4108 901 881 430 3207 1619 1588 719 588 900 1000
internal_count=26794 19200 13005 12334 6195 638 12007 516 583 5557 3871 3504 671 1686 11491 506 165 7594 3486 4108 901 881 430 3207 1619 1588 719 588 900 1000
is_linear=0
shrinkage=0.05


Tree=137
num_leaves=25
num_cat=0
split_feature=4 5 5 0 5 0 5 4 7 7 7 4 5 5 5 7 5 0 5 5 4 5 7 5
split_gain=0.695161 0.677457 1.50327 9.18214 1.21812 3.60102 1.25225 1.264 1.16097 1.00433 1.28084 0.944762 0.877345 4.12726 0.933511 0.65886 0.488081 0.475624 0.763286 0.534317 0.29306 0.198833 0.198141 0.0603608
threshold=13.500000000000002 83.500000000000014 81.500000000000014 4.5000000000000009 78.500000000000014 4.5000000000000009 77.500000000000014 5.5000000000000009 -0.78574690222740162 -0.67195332050323475 0.78135308623313915 10.500000000000002 89.500000000000014 92.500000000000014 96.500000000000014 -0.028206859715282914 88.500000000000014 1.0000000180025095e-35 86.500000000000014 86.500000000000014 5.5000000000000009 87.500000000000014 1.5974155068397524 82.500000000000014
decision_type=2 2 2 2 2 2 2 2 2 2 2 2 2 2 2 2 2 2 2 2 2 2 2 2
left_child=1 2 4 20 6 11 8 -8 -1 12 15 -6 17 -14 -15 -11 -17 18 -3 -19 -4 -12 -23 -22
right_child=-2 9 3 -5 5 -7 7 -9 -10 10 21 -13 13 14 -16 16 -18 19 -20 -21 23 22 -24 -25
leaf_value=-0.00087957331998701001 0.0077371036858651142 0.010640190389973147 0.004885436599029274 -0.033206845408615966 0.0022981710636672393 0.018116987005083098 0.0077752926342544108 -0.0051449971807111675 0.00011034594009906264 -0.0083763826690200303 -0.00024412949336692692 -0.0077661363959864345 -0.018786960977706171 0.012757556678116089 0.0014790615218496601 -0.008382121054455639 -0.00012196439288049584 0.0059356658440083273 -0.00041639364853098584 0.015631038723168549 0.00089456111281400639 0.0064013001263925912 0.00080795672663953151 -0.002853103659369729
leaf_weight=3417 29 27 41 24 171 36 21 192 22235 36 20 27 21 32 43 20 169 30 37 27 21 76 20 22
leaf_count=3417 29 27 41 24 171 36 21 192 22235 36 20 27 21 32 43 20 169 30 37 27 21 76 20 22
internal_value=-3.66118e-12 -8.38319e-06 -4.50891e-05 -0.00593189 -2.0729e-05 0.00357057 -5.32193e-05 -0.00387117 -2.15172e-05 0.00171554 2.33759e-05 0.000925766 0.00437466 0.000805367 0.00629122 -0.00217691 -0.000996055 0.0072065 0.0042481 0.0105282 0.00186096 0.00429117 0.00523602 -0.00102285
internal_weight=26794 26765 26207 108 26099 234 25865 213 25652 558 341 198 217 96 75 225 189 121 64 57 84 116 96 43
internal_count=26794 26765 26207 108 26099 234 25865 213 25652 558 341 198 217 96 75 225 189 121 64 57 84 116 96 43
is_linear=0
shrinkage=0.05


Tree=138
num_leaves=31
num_cat=0
split_feature=6 7 7 7 7 2 7 7 7 0 0 6 0 6 2 7 7 7 7 7 2 7 0 2 7 7 2 6 6 6
split_gain=0.937527 5.01446 2.16617 1.71102 1.59227 2.49207 2.47824 2.07511 1.16563 1.02224 7.39429 4.24051 0.788244 6.15567 3.68791 1.61049 1.00727 5.12976 3.64891 3.14757 3.01688 2.94342 2.36105 6.19828 2.27436 6.17204 2.30064 1.78224 1.55282 0.980312
threshold=5.5000000000000009 -1.3579659461975095 -1.4928926229476926 -1.6261937022209165 -0.94505789875984181 1.0000000180025095e-35 -1.1856499910354612 -0.86702802777290333 -1.4278677105903623 3.5000000000000004 2.5000000000000004 1.5000000000000002 6.5000000000000009 8.5000000000000018 1.0000000180025095e-35 -0.15500540286302564 -0.56466224789619435 -0.51914480328559864 -0.60042592883110035 -0.61993339657783497 1.0000000180025095e-35 -0.53865227103233326 5.5000000000000009 1.5000000000000002 -0.49963735044002527 -0.48663237690925593 1.5000000000000002 6.5000000000000009 8.5000000000000018 7.5000000000000009
decision_type=2 2 2 2 2 2 2 2 2 2 2 2 2 2 2 2 2 2 2 2 2 2 2 2 2 2 2 2 2 2
left_child=1 2 3 -1 5 -3 -7 -6 -4 10 -9 -11 16 -14 15 -15 18 21 19 20 -2 27 -20 -24 26 -26 -19 -18 -23 -21
right_child=12 4 8 -5 7 6 -8 9 -10 11 -12 -13 13 14 -16 -17 17 24 22 29 -22 28 23 -25 25 -27 -28 -29 -30 -31
leaf_value=-0.0082342852137445178 -0.00068596271345908156 0.0067810154594680205 -0.023318311733504137 0.0049460333623838702 -0.0084848047120542058 -0.014824623124053081 0.0015234901891637814 -0.00021216306539176191 -0.0097006361762231041 0.010739063434598465 0.022945911256330356 -0.0026798244717816315 -0.020820076464096438 0.00083544734865427018 -0.010687102633528412 0.019034060033323665 -0.0085117785286315736 0.013452620836324059 0.0024870829216044241 -0.015533805584970814 0.0021227749175891878 -0.012590234509572902 0.024922580502050765 -0.0017536139409793051 -0.0097770737733137852 0.00014835228790483499 0.00029110843450694843 0.0010067425441229716 0.00067938279647093561 -0.0021343883304368884
leaf_weight=97 1941 187 30 33 82 30 102 2273 33 63 35 899 37 20 28 31 71 64 106 39 1884 145 51 38 158 18041 69 160 26 21
leaf_count=97 1941 187 30 33 82 30 102 2273 33 63 35 899 37 20 28 31 71 64 106 39 1884 145 51 38 158 18041 69 160 26 21
internal_value=-2.84957e-12 -0.000720488 -0.00857605 -0.00488851 -0.000307488 0.00306805 -0.00219199 -0.000628728 -0.0161852 -0.000431725 0.000139021 -0.00180104 0.000121411 -0.0039898 0.00389273 0.0118973 0.000142315 -1.27297e-05 0.00085423 0.000519231 0.000697478 -0.00559994 0.00752844 0.0135327 0.000109792 6.21818e-05 0.00662447 -0.00191886 -0.0105726 -0.010844
internal_weight=26794 3864 193 130 3671 319 132 3352 63 3270 2308 962 22930 116 79 51 22814 18734 4080 3885 3825 402 195 89 18332 18199 133 231 171 60
internal_count=26794 3864 193 130 3671 319 132 3352 63 3270 2308 962 22930 116 79 51 22814 18734 4080 3885 3825 402 195 89 18332 18199 133 231 171 60
is_linear=0
shrinkage=0.05


Tree=139
num_leaves=31
num_cat=0
split_feature=7 4 7 4 7 0 4 0 7 4 7 4 0 0 4 4 7 7 7 0 4 7 4 0 4 7 7 4 2 0
split_gain=0.710873 3.50726 3.06789 5.08662 3.20468 3.32118 2.94293 3.38817 2.82053 4.95743 1.72297 1.51244 6.07794 3.16631 1.43529 1.26991 2.32782 1.4872 8.23401 5.0544 4.84739 4.08836 2.80393 1.42585 1.11745 1.41168 0.612973 1.02407 0.202191 0.679909
threshold=0.80736306309700023 11.500000000000002 1.4543607831001284 1.0000000180025095e-35 1.399089574813843 4.5000000000000009 4.5000000000000009 1.0000000180025095e-35 0.76834812760353099 5.5000000000000009 1.7697314620018008 8.5000000000000018 1.0000000180025095e-35 3.5000000000000004 2.5000000000000004 12.500000000000002 0.16686782985925677 -0.23303528130054471 -0.22978403419256208 1.0000000180025095e-35 4.5000000000000009 -0.26554772257804865 10.500000000000002 3.5000000000000004 13.500000000000002 0.088837951421737685 1.7664802670478823 6.5000000000000009 1.5000000000000002 1.0000000180025095e-35
decision_type=2 2 2 2 2 2 2 2 2 2 2 2 2 2 2 2 2 2 2 2 2 2 2 2 2 2 2 2 2 2
left_child=8 2 3 4 5 -2 14 -8 15 28 26 12 -12 -13 -5 17 24 21 20 -20 -19 23 -23 -1 25 -17 27 -4 29 -10
right_child=1 -3 10 6 -6 -7 7 -9 9 -11 11 13 -14 -15 -16 16 -18 18 19 -21 -22 22 -24 -25 -26 -27 -28 -29 -30 -31
leaf_value=0.00051387073199674407 -0.0079476159968263037 0.011725864704529724 4.9924214043595055e-05 0.0030943486954353445 -0.024903719321541166 0.0028123064225332606 0.00093580717181053681 -0.0035798449223448923 0.017086758869974055 -0.00067635952013113323 -0.012528843865882544 0.001119373663282989 0.0006043667454060978 -0.0046449085434977994 0.015293812565505506 -0.0057473374044560398 -0.017577163430933768 0.022371726191199537 -0.0011148915417008537 0.0014089454771177966 -0.0056781711056828506 -0.0062340630698433357 0.0030470529140438889 -0.00059148200323059672 0.0073766767850209931 0.003239789579604422 0.005338802725497421 0.003527993316030396 0.016889092613112285 0.0067594967662201579
leaf_weight=5783 353 58 470 73 23 90 818 844 34 136 122 1535 317 282 36 148 26 67 3174 5290 20 437 100 5888 29 62 127 385 37 30
leaf_count=5783 353 58 470 73 23 90 818 844 34 136 122 1535 317 282 36 148 26 67 3174 5290 20 437 100 5888 29 62 127 385 37 30
internal_value=-5.74002e-12 -0.000504846 -0.000634413 -0.00205839 -0.00670641 -0.00576163 -0.000835367 -0.00135734 0.000131382 0.00555547 0.000349354 -0.000411596 -0.00304541 0.000224752 0.00712353 7.02371e-05 -0.00336914 0.000114143 0.00061981 0.000462507 0.0159235 -0.000240048 -0.00450574 -4.37779e-05 -0.0018235 -0.003094 0.00209753 0.00161607 0.0139468 0.0122459
internal_weight=26794 5533 5475 2237 466 443 1771 1662 21261 237 3238 2256 439 1817 109 21024 265 20759 8551 8464 87 12208 537 11671 239 210 982 855 101 64
internal_count=26794 5533 5475 2237 466 443 1771 1662 21261 237 3238 2256 439 1817 109 21024 265 20759 8551 8464 87 12208 537 11671 239 210 982 855 101 64
is_linear=0
shrinkage=0.05


Tree=140
num_leaves=31
num_cat=0
split_feature=1 5 5 0 7 7 7 0 5 5 7 7 7 0 7 7 0 5 7 7 7 5 5 5 5 0 7 7 7 5
split_gain=3.50526 3.58861 6.3455 6.11533 6.84104 3.30352 5.90685 2.75333 2.57536 3.42846 3.15046 2.47691 2.39683 12.4535 12.0954 2.35302 2.34507 2.24652 2.20753 5.68734 3.95646 3.55482 3.51297 6.83398 2.64626 3.95125 3.53982 2.38227 12.1186 7.57917
threshold=1.0000000180025095e-35 70.500000000000014 71.500000000000014 5.5000000000000009 -0.92555043101310719 1.3763308525085451 0.47248482704162603 4.5000000000000009 34.500000000000007 40.500000000000007 0.78135308623313915 0.63179582357406627 -0.37609004974365229 4.5000000000000009 -0.23303528130054471 -0.002196901739807799 4.5000000000000009 78.500000000000014 0.80736306309700023 1.6494354605674746 0.78135308623313915 29.500000000000004 76.500000000000014 64.500000000000014 48.500000000000007 3.5000000000000004 1.7697314620018008 -0.047714328393340104 -0.0607193075120449 67.500000000000014
decision_type=2 2 2 2 2 2 2 2 2 2 2 2 2 2 2 2 2 2 2 2 2 2 2 2 2 2 2 2 2 2
left_child=18 8 7 5 -5 6 -4 15 16 10 11 -10 13 -11 -14 -3 -2 -7 20 22 27 -21 23 -20 25 -23 -26 28 29 -1
right_child=1 2 3 4 -6 17 -8 -9 9 12 -12 -13 14 -15 -16 -17 -18 -19 19 21 -22 24 -24 -25 26 -27 -28 -29 -30 -31
leaf_value=-0.00070194801012109589 0.0013386070872320958 0.0049500383938161224 0.0010289794309400358 -0.026065406066675983 0.0090798223728779711 0.015590425015523516 -0.015611268194013482 -0.021614658835999393 -0.0027332123868607549 0.010351187879639149 -0.012988277163300942 0.0091331643033772721 -0.0053667338755309449 0.00085540296019199873 0.001987686383631703 -0.017861774414777758 0.012197581367275003 -0.00017742612650869667 -0.0028760714433715088 -0.0044167118898538445 0.0088243923073018631 0.0040273637347811829 0.0042844796998958504 -0.012804848961916165 0.002701241089615055 -0.003421975657786137 -0.0037262745887746505 0.00087855588474763837 -0.017281704252285483 0.0050493223431419066
leaf_weight=9906 97 26 555 45 20 58 59 54 365 435 67 50 675 1674 3255 20 102 37 1625 344 124 951 140 194 372 219 505 4105 107 608
leaf_count=9906 97 26 555 45 20 58 59 54 365 435 67 50 675 1674 3255 20 102 37 1625 344 124 951 140 194 372 219 505 4105 107 608
internal_value=3.27588e-12 0.00090934 -0.00210455 -0.000573189 -0.0152515 0.000772495 -0.000570002 -0.0139573 0.00130133 0.00113033 -0.00292776 -0.00130353 0.00145423 0.00281399 0.000724523 -0.00496814 0.00690451 0.00944926 -0.000359663 -0.00135025 -6.94919e-05 0.000286221 -0.00334759 -0.003935 0.00107655 0.002633 -0.000999894 -0.000144383 -0.000539747 -0.000369366
internal_weight=26794 7594 874 774 65 709 614 100 6720 6521 482 415 6039 2109 3930 46 199 95 19200 4350 14850 2391 1959 1819 2047 1170 877 14726 10621 10514
internal_count=26794 7594 874 774 65 709 614 100 6720 6521 482 415 6039 2109 3930 46 199 95 19200 4350 14850 2391 1959 1819 2047 1170 877 14726 10621 10514
is_linear=0
shrinkage=0.05


Tree=141
num_leaves=31
num_cat=0
split_feature=4 3 7 7 7 7 7 7 7 7 3 7 3 4 4 2 4 2 2 4 3 7 7 7 2 7 7 2 3 7
split_gain=0.663189 2.36247 6.23513 1.91828 2.13172 3.69173 1.88985 12.072 5.38059 3.80786 3.10636 6.30968 2.70058 12.9377 3.41359 2.3232 2.18956 1.48527 1.12494 1.79601 1.24116 1.03392 0.96062 2.37618 4.29585 1.84928 1.40031 1.28045 1.15022 2.42081
threshold=10.500000000000002 2.5000000000000004 0.46598234772682195 -0.74022945761680592 -0.49313485622406 -0.46712490916252131 1.0934725999832156 1.0902213454246523 1.3015522360801699 1.0642113685607912 1.5000000000000002 1.7697314620018008 1.0000000180025095e-35 4.5000000000000009 3.5000000000000004 1.0000000180025095e-35 2.5000000000000004 1.0000000180025095e-35 1.0000000180025095e-35 12.500000000000002 1.0000000180025095e-35 -0.60042592883110035 -1.0523489713668821 -1.1336300969123838 1.5000000000000002 -1.4928926229476926 -1.4278677105903623 1.0000000180025095e-35 1.0000000180025095e-35 -0.80850562453269947
decision_type=2 2 2 2 2 2 2 2 2 2 2 2 2 2 2 2 2 2 2 2 2 2 2 2 2 2 2 2 2 2
left_child=1 6 -3 22 17 -6 7 9 12 15 16 -12 13 -8 -14 -1 -10 -5 19 -7 -20 -19 23 25 -25 27 -27 -2 29 -24
right_child=3 2 -4 4 5 18 8 -9 10 -11 11 -13 14 -15 -16 -17 -18 21 20 -21 -22 -23 28 24 -26 26 -28 -29 -30 -31
leaf_value=-0.00072721025334226866 0.011405843820679806 0.02795484292833135 -0.0095005284529179335 0.014559980513566093 -0.016093320636586708 0.0047211224772960728 0.011083645065453777 0.016105835448051321 0.0026134382637579942 -0.016552619247564248 0.0013182229647257678 -0.014064007990527899 -0.016438494050551367 -0.013188158970804192 -0.0018833203643049683 0.00043743381135211807 -0.00088620854434701298 -0.00082635968927449233 -0.0064352562199704927 -0.0013432543729978235 0.00052341967937410635 0.0067593219994575657 -0.0043438236426835307 0.019110462192053857 -6.9128570427733755e-05 -0.012586026084769903 -0.0029848182429982857 -0.0022543639986820165 -0.0065707116151136951 0.0097141579531769204
leaf_weight=7301 29 25 20 38 33 384 94 116 642 35 150 120 115 132 62 10355 1471 75 65 179 4522 112 121 38 126 58 110 42 183 41
leaf_count=7301 29 25 20 38 33 384 94 116 642 35 150 120 115 132 62 10355 1471 75 65 179 4522 112 121 38 126 58 110 42 183 41
internal_value=-4.78132e-12 -0.000135858 0.011308 0.000455464 0.000783718 0.000576886 -0.000160865 2.85955e-05 -0.00137182 -7.68231e-05 -0.000468205 -0.00551832 -0.00671505 -0.00309281 -0.0113401 -4.41626e-05 0.000177101 0.00554821 0.000683705 0.00279302 0.000424812 0.00371694 -0.00191779 -0.000259916 0.00437492 -0.00344031 -0.00629952 0.00332516 -0.00385438 -0.000785939
internal_weight=26794 20638 45 6156 5408 5183 20593 17807 2786 17691 2383 270 403 226 177 17656 2113 225 5150 563 4587 187 748 403 164 239 168 71 345 162
internal_count=26794 20638 45 6156 5408 5183 20593 17807 2786 17691 2383 270 403 226 177 17656 2113 225 5150 563 4587 187 748 403 164 239 168 71 345 162
is_linear=0
shrinkage=0.05


Tree=142
num_leaves=31
num_cat=0
split_feature=1 6 6 7 7 7 7 0 7 7 7 7 0 7 0 7 6 0 7 7 6 7 7 6 0 7 6 6 0 7
split_gain=3.08047 5.92796 2.83177 5.99866 7.99142 5.72909 10.3305 15.7412 7.55988 7.21539 10.8931 4.69666 3.44485 2.60227 2.37859 4.36344 4.05216 2.36798 2.2842 2.23537 2.14546 1.90373 5.00246 3.75777 4.39748 3.56591 2.88226 8.00462 3.03264 2.261
threshold=1.0000000180025095e-35 11.500000000000002 6.5000000000000009 -0.51914480328559864 -0.5776672065258025 -0.37609004974365229 -0.29480892419815058 1.0000000180025095e-35 -0.28505519032478327 -0.47687864303588862 -0.49313485622406 -0.44761744141578669 5.5000000000000009 -0.49963735044002527 2.5000000000000004 -0.30456265807151789 15.500000000000002 1.0000000180025095e-35 1.3763308525085451 0.010808077175170185 15.500000000000002 0.80736306309700023 1.6494354605674746 9.5000000000000018 4.5000000000000009 0.78135308623313915 12.500000000000002 10.500000000000002 1.0000000180025095e-35 -0.36958755552768702
decision_type=2 2 2 2 2 2 2 2 2 2 2 2 2 2 2 2 2 2 2 2 2 2 2 2 2 2 2 2 2 2
left_child=21 2 3 4 12 9 7 -7 -8 10 -4 -11 -2 -5 15 20 -16 -15 19 -17 -3 25 26 -24 -25 29 27 -23 -29 -1
right_child=1 14 5 13 -6 6 8 -9 -10 11 -12 -13 -14 17 16 18 -18 -19 -20 -21 -22 22 23 24 -26 -27 -28 28 -30 -31
leaf_value=-0.00088911491333559854 -0.0030425626609587308 0.01056462988434803 0.0022404691662488963 0.022731766663491727 -0.018509277572425511 -0.035880650570228073 0.017280099036601874 -0.0040567699316763507 4.7066963325134607e-05 0.015787169619837182 -0.018791879432705733 0.0050909401187998497 0.0093475003682953473 0.00059085486784119391 -0.0065858697244397541 -0.001157626487088926 0.015426283956251362 0.0057860521724814656 0.0061700275686585853 -0.0092806750150221228 -0.0057334846928715705 -0.0025132304408568718 -0.00047453111248928052 0.0038885699860168308 0.028153933882713318 0.0083758207588201222 0.0035300012271230422 -0.024561387538495991 -0.0098063458534344648 0.00037277975967235443
leaf_weight=5970 165 105 1164 20 65 48 65 204 3042 147 65 340 85 288 421 198 22 920 57 148 25 1610 2090 281 20 124 150 45 154 8756
leaf_count=5970 165 105 1164 20 65 48 65 204 3042 147 65 340 85 288 421 198 22 920 57 148 25 1610 2090 281 20 124 150 45 154 8756
internal_value=-3.77105e-12 0.000852462 0.00138894 0.00326467 -0.00289076 0.00081864 -0.000382098 -0.0101185 0.000407591 0.00316904 0.0011281 0.00831958 0.00117006 0.00484362 -0.00278523 -0.000534914 -0.00549272 0.00454746 -0.00310436 -0.00463223 0.00743038 -0.000337167 -0.00125707 0.000277707 0.00550089 -6.77007e-05 -0.00313029 -0.00368255 -0.0131429 -0.000138799
internal_weight=26794 7594 6618 1543 315 5075 3359 252 3107 1716 1229 487 250 1228 976 533 443 1208 403 346 130 19200 4350 2391 301 14850 1959 1809 199 14726
internal_count=26794 7594 6618 1543 315 5075 3359 252 3107 1716 1229 487 250 1228 976 533 443 1208 403 346 130 19200 4350 2391 301 14850 1959 1809 199 14726
is_linear=0
shrinkage=0.05


Tree=143
num_leaves=31
num_cat=0
split_feature=5 7 2 5 4 4 7 7 7 7 4 4 7 7 7 7 7 7 7 7 7 5 5 7 7 7 7 7 7 7
split_gain=0.765032 4.90542 5.45788 2.73949 7.02041 6.67708 7.78047 6.51436 7.26508 6.78442 2.91645 6.83443 10.4902 14.6206 6.60453 11.1129 7.31425 5.83155 4.24377 10.2621 6.09131 11.6552 5.55612 2.99763 2.50548 14.7433 6.51173 4.98485 3.89986 7.04294
threshold=43.500000000000007 -1.3579659461975095 1.5000000000000002 51.500000000000007 8.5000000000000018 6.5000000000000009 1.7989926934242251 -0.1875178515911102 -0.063970554620027528 -0.37609004974365229 5.5000000000000009 2.5000000000000004 0.47248482704162603 -0.080226775258779512 -0.39559751749038691 -0.30456265807151789 -0.55815973877906788 0.8301217555999757 0.069330483675003066 0.088837951421737685 -0.080226775258779512 73.500000000000014 55.500000000000007 -0.19402033835649488 0.46598234772682195 0.53750970959663402 0.030315545387566093 0.088837951421737685 -0.2883064448833465 -0.28180395066738123
decision_type=2 2 2 2 2 2 2 2 2 2 2 2 2 2 2 2 2 2 2 2 2 2 2 2 2 2 2 2 2 2
left_child=1 2 -1 4 5 7 -7 9 -9 -2 11 12 13 -5 16 -16 -13 -14 20 -20 23 -22 -21 -12 26 -26 28 -28 -3 -30
right_child=3 24 -4 10 -6 6 -8 8 -10 -11 18 14 17 -15 15 -17 -18 -19 19 22 21 -23 -24 -25 25 -27 27 -29 29 -31
leaf_value=-0.0075333148957385373 -0.0014753495034651898 0.0014755926323648241 0.01593670897806684 8.628630549074611e-05 0.0012094694480675548 -0.0033066806088133554 -0.036814761658509575 0.0054716888730456797 -0.0018284488384611467 -0.0068783802141204557 0.00041230257788952814 0.0023513172048923569 0.0089874692256380999 -0.0085124043208388619 0.03554881382201399 0.0062877309989979426 -0.017239053772610365 0.001208960389959198 -0.02716252324290765 0.0025483422776108747 0.0085067157881420288 -0.00074100505028981841 -0.0023955690911356027 -0.004681922998505287 -0.0222753725631477 1.9509728597719472e-06 0.024645083884780223 0.0056917216932897132 -0.024602574879077799 -0.0011560522888617818
leaf_weight=300 1467 4171 27 2323 2262 41 30 503 1057 962 739 1724 385 628 35 445 49 644 39 717 602 785 2740 474 77 2094 39 314 33 1088
leaf_count=300 1467 4171 27 2323 2262 41 30 503 1057 962 739 1724 385 628 35 445 49 644 39 717 602 785 2740 474 77 2094 39 314 33 1088
internal_value=2.84247e-13 0.000404343 -0.00559542 -0.000176536 -0.00102277 -0.00226645 -0.017465 -0.00199593 0.000525378 -0.00361521 0.000257392 0.00101791 -0.000227789 -0.00174359 0.00321847 0.00842135 0.0018099 0.00411929 -0.000520214 -0.00165791 0.00100954 0.00327279 -0.00137018 -0.00157835 0.000655357 -0.000788171 0.00121052 0.00778572 0.000771925 -0.00184627
internal_weight=26794 8143 327 18651 6322 4060 71 3989 1560 2429 12329 6233 3980 2951 2253 480 1773 1029 6096 3496 2600 1387 3457 1213 7816 2171 5645 353 5292 1121
internal_count=26794 8143 327 18651 6322 4060 71 3989 1560 2429 12329 6233 3980 2951 2253 480 1773 1029 6096 3496 2600 1387 3457 1213 7816 2171 5645 353 5292 1121
is_linear=0
shrinkage=0.05


Tree=144
num_leaves=31
num_cat=0
split_feature=1 6 6 7 7 7 7 0 7 7 0 0 0 7 0 7 6 7 7 7 6 6 0 7 7 6 6 0 7 7
split_gain=2.84727 5.49027 2.53026 5.46532 7.22896 5.05068 9.28358 14.3875 6.96906 6.79398 5.43329 4.82814 3.11647 2.3384 2.27687 3.73951 3.66417 2.23207 2.07503 1.96489 1.92174 1.7428 5.86693 1.93751 5.7517 7.09414 3.51667 3.91127 3.1668 10.0911
threshold=1.0000000180025095e-35 11.500000000000002 6.5000000000000009 -0.51914480328559864 -0.5776672065258025 -0.37609004974365229 -0.29480892419815058 1.0000000180025095e-35 -0.40535125136375422 -0.28505519032478327 1.0000000180025095e-35 4.5000000000000009 5.5000000000000009 -0.49963735044002527 2.5000000000000004 -0.30456265807151789 15.500000000000002 -0.18101536482572553 1.3763308525085451 0.010808077175170185 15.500000000000002 12.500000000000002 5.5000000000000009 0.80736306309700023 1.6494354605674746 10.500000000000002 9.5000000000000018 4.5000000000000009 -0.047714328393340104 -0.0607193075120449
decision_type=2 2 2 2 2 2 2 2 2 2 2 2 2 2 2 2 2 2 2 2 2 2 2 2 2 2 2 2 2 2
left_child=21 2 3 4 12 8 7 -7 11 -8 -10 -4 -2 -5 15 20 -16 -15 19 -17 -3 23 -23 28 25 -25 -26 -28 29 -1
right_child=1 14 5 13 -6 6 9 -9 10 -11 -12 -13 -14 17 16 18 -18 -19 -20 -21 -22 22 -24 24 26 -27 27 -29 -30 -31
leaf_value=-0.00044200727613125557 -0.0029110732175071131 0.0098606057287681671 0.0067558738101645395 0.021573039926588537 -0.017621274487330363 -0.034190021804533899 0.016412968212881917 -0.0037652631142274609 0.037421247859795885 7.6191722058372989e-05 0.0096464998349376496 0.00045977191124705881 0.0088736634044086233 0.0020039890753629679 -0.0063697286028992347 -0.0010568704206797511 0.014562094211578371 0.0063167352720600901 0.0059813047693878935 -0.0086726466788850549 -0.0055643766447901729 0.00071937765716723078 0.017255966957279687 -0.0023838907079275855 -0.00046593373434442102 -0.012390790428982664 0.003816364047773536 0.026720416396856309 0.0010510126291678236 -0.015948974030127502
leaf_weight=10219 165 105 411 20 65 48 65 204 21 3042 109 1175 85 555 421 198 22 653 57 148 25 590 59 1610 2090 199 274 20 4033 106
leaf_count=10219 165 105 411 20 65 48 65 204 21 3042 109 1175 85 555 421 198 22 653 57 148 25 590 59 1610 2090 199 274 20 4033 106
internal_value=-5.33333e-12 0.00081956 0.00133585 0.00310891 -0.0027665 0.000796767 -0.000330639 -0.00956046 0.00300362 0.000417965 0.0141332 0.00209136 0.00109574 0.00461604 -0.00268126 -0.000479594 -0.00533022 0.0043353 -0.00285826 -0.00431449 0.00689426 -0.000324153 0.0022227 -0.000413254 -0.00135882 -0.0034847 0.000254317 0.00537446 -0.000137117 -0.000601207
internal_weight=26794 7594 6618 1543 315 5075 3359 252 1716 3107 130 1586 250 1228 976 533 443 1208 403 346 130 19200 649 18551 4193 1809 2384 294 14358 10325
internal_count=26794 7594 6618 1543 315 5075 3359 252 1716 3107 130 1586 250 1228 976 533 443 1208 403 346 130 19200 649 18551 4193 1809 2384 294 14358 10325
is_linear=0
shrinkage=0.05


Tree=145
num_leaves=31
num_cat=0
split_feature=5 7 5 0 0 5 4 4 7 7 0 7 4 4 0 7 7 5 0 7 7 7 4 5 5 7 7 7 7 7
split_gain=0.689221 4.42909 2.83872 3.34219 3.25913 2.50002 6.45784 5.98733 7.04836 5.90514 9.03285 5.88829 2.51411 6.20189 9.3471 9.3247 13.1291 5.88922 5.72049 5.62591 3.70781 9.16149 5.61665 11.5329 4.92444 3.45244 2.27942 13.4566 5.67624 4.52183
threshold=43.500000000000007 -1.3579659461975095 42.500000000000007 5.5000000000000009 3.5000000000000004 51.500000000000007 8.5000000000000018 6.5000000000000009 1.7989926934242251 -0.1875178515911102 3.5000000000000004 -0.37609004974365229 5.5000000000000009 2.5000000000000004 3.5000000000000004 0.47248482704162603 -0.080226775258779512 53.500000000000007 5.5000000000000009 1.2267736196517947 0.069330483675003066 0.088837951421737685 10.500000000000002 73.500000000000014 55.500000000000007 -0.2883064448833465 0.46598234772682195 0.55051472783088695 0.030315545387566093 0.088837951421737685
decision_type=2 2 2 2 2 2 2 2 2 2 2 2 2 2 2 2 2 2 2 2 2 2 2 2 2 2 2 2 2 2
left_child=1 2 3 4 -1 6 7 9 -9 11 -11 -2 13 15 19 16 -7 -16 -17 -15 22 -22 23 -14 -23 -24 28 -28 -3 -30
right_child=5 26 -4 -5 -6 12 -8 8 -10 10 -12 -13 20 14 17 18 -18 -19 -20 -21 21 24 25 -25 -26 -27 27 -29 29 -31
leaf_value=-0.0080479058744318682 -0.0014607763945219637 0.00074233625545222645 0.01087440313026309 -0.023111869294994647 0.0047045186260771575 7.1340094760879771e-05 0.0011649714710994425 -0.0030851718447193867 -0.034977832933266957 -0.0027064874921163581 0.0050195050677428995 -0.006494344147874611 0.0087788246707729521 0.0072099337809780244 0.017044698224612038 0.0027825004931580268 -0.0080769582968870709 -0.00065078524931118549 0.016704972315346824 -0.013182022113885198 -0.025636641972531113 0.0024224749197319438 -0.0064181748502265051 -0.00067567064996745948 -0.0022319213030017725 -6.2936076946815681e-05 -0.019683314530799786 6.4072613874426843e-05 0.023348026760877709 0.0052963563780875729
leaf_weight=208 1467 5292 25 28 66 2323 2262 41 30 915 645 962 549 1006 49 949 628 1163 80 35 39 717 272 782 2740 997 90 2081 39 314
leaf_count=208 1467 5292 25 28 66 2323 2262 41 30 915 645 962 549 1006 49 949 628 1163 80 35 39 717 272 782 2740 997 90 2081 39 314
internal_value=1.0145e-13 0.000383786 -0.00531724 -0.00665761 -0.00497615 -0.00016756 -0.000975962 -0.00216877 -0.0165609 -0.0019126 0.000487913 -0.00345431 0.000246968 0.000953078 0.00304933 -0.000233572 -0.00166269 6.46262e-05 0.00386491 0.00652433 -0.000475011 -0.00153844 0.000954888 0.00322404 -0.00126658 -0.00142513 0.000622302 -0.000754566 0.00115183 0.00729073
internal_weight=26794 8143 327 302 274 18651 6322 4060 71 3989 1560 2429 12329 6233 2253 3980 2951 1212 1029 1041 6096 3496 2600 1331 3457 1269 7816 2171 5645 353
internal_count=26794 8143 327 302 274 18651 6322 4060 71 3989 1560 2429 12329 6233 2253 3980 2951 1212 1029 1041 6096 3496 2600 1331 3457 1269 7816 2171 5645 353
is_linear=0
shrinkage=0.05


Tree=146
num_leaves=31
num_cat=0
split_feature=4 5 0 5 0 4 5 5 5 0 4 0 4 5 5 4 5 5 0 0 4 4 4 4 2 0 5 0 5 5
split_gain=0.634855 1.10537 2.26282 1.74356 1.632 2.33307 1.08446 0.984448 0.972485 2.17287 7.59859 10.6661 8.00781 21.9175 6.25101 5.149 4.08664 3.70652 3.33435 2.665 5.90901 2.25912 2.05357 5.59721 9.69426 8.43575 5.31502 4.43879 4.09688 3.0518
threshold=11.500000000000002 51.500000000000007 4.5000000000000009 32.500000000000007 1.0000000180025095e-35 12.500000000000002 39.500000000000007 64.500000000000014 51.500000000000007 4.5000000000000009 1.0000000180025095e-35 1.5000000000000002 1.5000000000000002 25.500000000000004 38.500000000000007 7.5000000000000009 47.500000000000007 38.500000000000007 6.5000000000000009 5.5000000000000009 1.5000000000000002 6.5000000000000009 5.5000000000000009 2.5000000000000004 1.0000000180025095e-35 3.5000000000000004 53.500000000000007 2.5000000000000004 63.500000000000007 64.500000000000014
decision_type=2 2 2 2 2 2 2 2 2 2 2 2 2 2 2 2 2 2 2 2 2 2 2 2 2 2 2 2 2 2
left_child=8 2 3 -2 -5 -6 -4 -3 9 10 11 14 13 -12 -1 -14 -13 19 21 -11 -21 -19 23 24 29 27 -27 -25 -24 -10
right_child=1 7 6 4 5 -7 -8 -9 22 17 12 16 15 -15 -16 -17 -18 18 -20 20 -22 -23 28 25 -26 26 -28 -29 -30 -31
leaf_value=-0.0088834319633074622 -0.0020625887325767317 -0.0043091288160556707 0.0022802814917561452 -0.0016197446531251722 0.010634551163234597 -0.0043133882433176044 -0.0025030725873682273 0.0010642842908589105 -0.01543538715204467 0.012042045910026373 0.0002465578823882554 -0.014500314209092044 -0.0024814916263010516 0.022375969141079435 -0.00044292774527232435 0.00047153693248082887 0.00082552226175231717 0.0003104302829571802 -0.020027628594211172 0.0036833058652003267 -0.012996137427705291 -0.0041554647549685783 0.00065732707191118673 0.0054419092360263226 0.00045824435571771072 0.016192463691683714 -0.00061824604922341812 0.020294816707665066 -0.0020826705646138622 -0.0048380213772810723
leaf_weight=266 66 148 239 46 201 30 235 201 115 81 490 266 2300 145 1251 4121 52 3514 21 776 57 308 3519 988 3699 49 1163 53 2228 166
leaf_count=266 66 148 239 46 201 30 235 201 115 81 490 266 2300 145 1251 4121 52 3514 21 776 57 308 3519 988 3699 49 1163 53 2228 166
internal_value=2.46194e-12 0.00114103 0.00214721 0.00524054 0.00698063 0.00869326 -9.12126e-05 -0.00121441 -5.19135e-05 -0.000340481 -0.000801951 -0.00366826 -5.65332e-05 0.00529973 -0.00192294 -0.000586237 -0.0119942 0.000522022 -0.000158629 0.00338389 0.00254198 -4.94587e-05 0.000276832 0.000905424 -0.000221893 0.00289687 6.13949e-05 0.00619811 -0.000404917 -0.00917502
internal_weight=26794 1166 817 343 277 231 474 349 25628 13648 8891 1835 7056 635 1517 6421 318 4757 3843 914 833 3822 11980 6233 3980 2253 1212 1041 5747 281
internal_count=26794 1166 817 343 277 231 474 349 25628 13648 8891 1835 7056 635 1517 6421 318 4757 3843 914 833 3822 11980 6233 3980 2253 1212 1041 5747 281
is_linear=0
shrinkage=0.05


Tree=147
num_leaves=31
num_cat=0
split_feature=5 7 5 7 5 3 7 7 5 3 5 7 7 7 5 4 7 5 7 7 5 5 5 5 7 7 3 4 7 7
split_gain=0.637366 4.09339 2.60217 2.92732 2.49648 2.65285 2.23702 6.58937 4.47779 11.1077 6.38217 5.93341 7.48254 4.84155 3.82544 3.67089 3.78609 3.37459 3.3625 3.3532 3.04957 2.60317 2.48446 2.48107 2.20337 7.08047 4.87386 4.61199 5.59551 2.92811
threshold=43.500000000000007 -1.3579659461975095 42.500000000000007 -2.0927473306655879 32.500000000000007 1.0000000180025095e-35 -0.23303528130054471 -0.21352781355381009 67.500000000000014 1.5000000000000002 66.500000000000014 -0.38259252905845637 -1.7188541293144224 -1.4278677105903623 51.500000000000007 2.5000000000000004 -0.22978403419256208 76.500000000000014 -0.24929150938987729 -0.22653279453516004 70.500000000000014 81.500000000000014 47.500000000000007 60.500000000000007 -0.2883064448833465 -0.28180395066738123 1.0000000180025095e-35 2.5000000000000004 -0.85727426409721363 -1.2360442876815794
decision_type=2 2 2 2 2 2 2 2 2 2 2 2 2 2 2 2 2 2 2 2 2 2 2 2 2 2 2 2 2 2
left_child=1 2 3 -1 -5 -6 8 14 10 11 18 12 -10 -12 19 16 -16 20 23 -8 -11 -19 -21 -2 26 -26 29 28 -28 -3
right_child=6 24 -4 4 5 -7 7 -9 9 17 13 -13 -14 -15 15 -17 -18 21 -20 22 -22 -23 -24 -25 25 -27 27 -29 -30 -31
leaf_value=-0.015440928151129166 -0.0013636438338256293 0.012126547980065249 0.010390690241008999 -0.0066956651872689182 0.01596721786170684 -0.0054193978936507787 0.01590533025393432 8.988398791623831e-05 0.0062418897776649555 -0.0015052111074328424 -0.025424436076233788 0.021309818928393554 -0.0067341853471806464 -0.0023235859793372627 0.032329117454588413 -0.005180377195522722 0.01127110697195087 0.0076732147149130951 -0.0089748633409746821 -0.020344496247443288 -0.01554123611603821 -0.0049599657798700819 0.0003139053298117117 0.0017918375478595074 -0.02335488343837135 -8.9032244724507732e-05 0.020334369073988817 0.001083495567786899 0.0050786575229743698 -0.00021516877473780349
leaf_weight=69 5352 49 25 175 29 29 22 10892 650 60 48 53 134 43 25 28 146 61 135 22 109 123 43 705 33 3612 66 880 673 2503
leaf_count=69 5352 49 25 175 29 29 22 10892 650 60 48 53 134 43 25 28 146 61 135 22 109 123 43 705 33 3612 66 880 673 2503
internal_value=-6.42296e-12 0.000369066 -0.00511166 -0.00639496 -0.00371611 0.00527391 -0.000161134 0.0002866 -0.000830847 0.00198147 -0.0013635 0.0051186 0.00402404 -0.0145086 0.00777831 0.0116018 0.0143498 -0.00545699 -0.00117031 -0.000967399 -0.010558 -0.000771792 -0.00667817 -0.000996364 0.000598365 -0.00029967 0.00138315 0.00352902 0.00644114 2.17999e-05
internal_weight=26794 8143 327 302 233 58 18651 11178 7473 1190 6283 837 784 91 286 199 171 353 6192 87 169 184 65 6057 7816 3645 4171 1619 739 2552
internal_count=26794 8143 327 302 233 58 18651 11178 7473 1190 6283 837 784 91 286 199 171 353 6192 87 169 184 65 6057 7816 3645 4171 1619 739 2552
is_linear=0
shrinkage=0.05


Tree=148
num_leaves=31
num_cat=0
split_feature=1 4 4 4 0 2 0 0 2 0 0 0 0 2 4 0 2 0 4 2 0 4 0 0 4 4 2 2 4 0
split_gain=2.59292 2.44667 6.60097 7.2759 5.84623 15.7738 4.42535 7.99149 3.90079 3.45863 12.2433 6.18106 2.97407 2.50311 2.32002 2.05964 1.91782 1.73379 8.12671 1.81485 4.99708 3.70045 3.90717 2.7893 4.56173 3.95818 2.64544 1.96656 1.77184 1.5905
threshold=1.0000000180025095e-35 1.0000000180025095e-35 1.5000000000000002 2.5000000000000004 1.0000000180025095e-35 1.5000000000000002 5.5000000000000009 6.5000000000000009 1.0000000180025095e-35 1.5000000000000002 4.5000000000000009 5.5000000000000009 3.5000000000000004 1.5000000000000002 4.5000000000000009 1.5000000000000002 1.0000000180025095e-35 4.5000000000000009 4.5000000000000009 1.5000000000000002 3.5000000000000004 5.5000000000000009 2.5000000000000004 1.0000000180025095e-35 5.5000000000000009 4.5000000000000009 1.0000000180025095e-35 1.0000000180025095e-35 6.5000000000000009 6.5000000000000009
decision_type=2 2 2 2 2 2 2 2 2 2 2 2 2 2 2 2 2 2 2 2 2 2 2 2 2 2 2 2 2 2
left_child=1 4 12 -4 5 8 14 -8 -1 13 -11 -12 15 -6 -5 -3 -14 19 -19 23 21 22 -21 25 26 27 -25 -2 -26 -20
right_child=17 2 3 6 9 -7 7 -9 -10 10 11 -13 16 -15 -16 -17 -18 18 29 20 -22 -23 -24 24 28 -27 -28 -29 -30 -31
leaf_value=-0.015792013475272274 -0.010097911914141434 0.0051980534427309259 -0.0075412828976232195 0.0041836884480191561 0.0019285650122801694 -0.031256716686554935 0.0071536961505757031 -0.010309800698479348 -0.0019122678264635361 -0.010118629633511192 0.013131634612786181 -0.00084291101059199907 0.0080950004773396519 -0.0044697403431842647 -0.0003010427652216172 -0.0016395528625443947 0.021728742710547522 0.0017997622989039453 -0.0035498453022905344 0.0058565449629487398 -0.021252987515181305 0.00085767689501730412 0.022648470652730845 0.0096759799046575515 -0.0019220763926227848 0.001346283946436597 0.0032241086666597849 -0.002490738446910664 0.0025576619715813893 0.0059193327458595619
leaf_weight=56 103 344 327 296 1516 55 439 77 527 367 81 3423 133 170 11195 162 32 2207 1233 392 20 451 38 237 512 1000 482 485 388 46
leaf_count=56 103 344 327 296 1516 55 439 77 527 367 81 3423 133 170 11195 162 32 2207 1233 392 20 451 38 237 512 1000 482 485 388 46
internal_value=5.48211e-12 -0.000309336 8.02225e-05 -0.000182519 -0.00112713 -0.00566025 1.78909e-05 0.00454771 -0.00324549 -0.000606678 -0.0014299 -0.000519869 0.0049098 0.00128342 -0.000185519 0.00300894 0.0107391 0.000782098 -3.80363e-05 0.00147805 0.00346078 0.00402182 0.00734048 0.000921013 0.00238141 -0.00056789 0.0053508 -0.00382329 9.18859e-06 -0.00320928
internal_weight=26794 19200 13005 12334 6195 638 12007 516 583 5557 3871 3504 671 1686 11491 506 165 7594 3486 4108 901 881 430 3207 1619 1588 719 588 900 1279
internal_count=26794 19200 13005 12334 6195 638 12007 516 583 5557 3871 3504 671 1686 11491 506 165 7594 3486 4108 901 881 430 3207 1619 1588 719 588 900 1279
is_linear=0
shrinkage=0.05


Tree=149
num_leaves=31
num_cat=0
split_feature=1 3 0 4 4 4 0 3 0 4 4 0 4 4 0 3 0 0 4 3 4 0 3 0 0 4 4 0 4 4
split_gain=2.34011 9.05645 6.01776 5.40443 5.07656 5.41557 8.34942 4.45741 3.76914 3.61694 3.41658 11.0683 9.06079 7.09478 5.92501 6.20756 3.15488 9.36397 4.00802 3.34875 2.95289 2.52845 2.50306 2.20415 6.32042 4.51366 2.30672 8.79499 4.50438 3.96713
threshold=1.0000000180025095e-35 1.0000000180025095e-35 1.0000000180025095e-35 5.5000000000000009 5.5000000000000009 7.5000000000000009 1.0000000180025095e-35 1.0000000180025095e-35 6.5000000000000009 6.5000000000000009 1.0000000180025095e-35 5.5000000000000009 5.5000000000000009 2.5000000000000004 1.0000000180025095e-35 1.5000000000000002 4.5000000000000009 1.0000000180025095e-35 4.5000000000000009 1.5000000000000002 6.5000000000000009 1.5000000000000002 1.5000000000000002 4.5000000000000009 5.5000000000000009 11.500000000000002 1.0000000180025095e-35 3.5000000000000004 1.5000000000000002 2.5000000000000004
decision_type=2 2 2 2 2 2 2 2 2 2 2 2 2 2 2 2 2 2 2 2 2 2 2 2 2 2 2 2 2 2
left_child=7 2 3 -2 16 6 20 23 10 -5 14 13 -13 -12 15 -9 17 18 -3 -18 -6 -16 -19 26 25 -25 27 -1 -28 -30
right_child=1 4 -4 9 5 -7 -8 8 -10 -11 11 12 -14 -15 21 -17 19 22 -20 -21 -22 -23 -24 24 -26 -27 28 -29 29 -31
leaf_value=-0.0010707087491759915 0.0037689325303661169 -0.0034332877207749329 0.0017237582508943434 0.01526599381693748 -0.0099774296092037425 0.00014824278293774356 -0.0019963907425065461 -0.0031318630465763733 -0.014567284170715584 -0.0029663847458939398 0.016244973645855986 0.021378549432744628 0.0042637307657290022 0.00046223685627094085 0.001838758377237856 -0.017370718598218732 0.00033289897886617918 0.0063893443550805604 0.0046145130527741598 -0.0053253807394855451 -0.023315322279930117 -0.0010338758164694 0.017802799507132119 0.014236856391286757 -0.0008648728528243871 0.00155911367239392 0.002982217770876009 -0.012756992540170634 -0.0070293942158734654 -0.0013299746841845845
leaf_weight=641 417 527 1819 222 244 905 613 394 42 31 72 113 245 6454 1194 95 1671 513 219 310 50 2137 53 127 1602 157 573 215 326 4813
leaf_count=641 417 527 1819 222 244 905 613 394 42 31 72 113 245 6454 1194 95 1671 513 219 310 50 2137 53 127 1602 157 573 215 326 4813
internal_value=9.12186e-12 0.000742993 0.00321585 0.00726677 -0.000462676 -0.00258824 -0.00531868 -0.000293869 0.000381853 0.013032 0.00044051 0.00110594 0.00966589 0.000636365 -0.000758662 -0.0058981 0.000706931 0.00260863 -0.00107073 -0.000552546 -0.0122458 -4.17746e-06 0.0074581 -0.00115279 0.000353836 0.00722839 -0.00158542 -0.00400593 -0.00122268 -0.00169153
internal_weight=26794 7594 2489 670 5105 1812 907 19200 10746 253 10704 6884 358 6526 3820 489 3293 1312 746 1981 294 3331 566 8454 1886 284 6568 856 5712 5139
internal_count=26794 7594 2489 670 5105 1812 907 19200 10746 253 10704 6884 358 6526 3820 489 3293 1312 746 1981 294 3331 566 8454 1886 284 6568 856 5712 5139
is_linear=0
shrinkage=0.05


Tree=150
num_leaves=31
num_cat=0
split_feature=6 7 4 4 6 0 7 7 7 0 7 6 7 4 7 7 7 6 4 7 7 7 4 6 0 6 7 0 7 4
split_gain=0.814016 3.54922 3.7306 6.83822 11.2697 3.21268 3.05746 2.14565 3.5479 3.3676 2.40471 1.94864 1.85062 1.63695 1.41597 1.24441 0.998514 0.698994 0.590256 0.539962 3.30376 10.031 3.01316 2.15166 3.08995 2.25656 0.528262 0.372922 0.208391 0.111387
threshold=5.5000000000000009 -1.3579659461975095 1.0000000180025095e-35 1.5000000000000002 4.5000000000000009 5.5000000000000009 -0.74022945761680592 0.48874105513095861 -0.16150789707899091 1.0000000180025095e-35 0.57652464509010326 3.5000000000000004 -1.4928926229476926 3.5000000000000004 -1.6261937022209165 1.7989926934242251 -1.4278677105903623 17.500000000000004 13.500000000000002 1.4543607831001284 1.0934725999832156 1.0902213454246523 8.5000000000000018 8.5000000000000018 4.5000000000000009 6.5000000000000009 -0.3858437836170196 4.5000000000000009 -1.7188541293144224 5.5000000000000009
decision_type=2 2 2 2 2 2 2 2 2 2 2 2 2 2 2 2 2 2 2 2 2 2 2 2 2 2 2 2 2 2
left_child=1 12 7 4 11 13 -7 8 9 -3 -9 -4 14 -5 28 -12 -14 18 19 20 21 -2 -22 25 -25 -21 -6 -10 -1 -19
right_child=17 2 3 5 26 6 -8 10 27 -11 15 -13 16 -15 -16 -17 -18 29 -20 23 22 -23 -24 24 -26 -27 -28 -29 -30 -31
leaf_value=-0.0098033086421262291 4.6859118787859045e-05 -0.020213478491641582 0.0010617059878851884 -0.0054492802182081303 0.029718331070616846 -0.028222879667300735 -0.002811138536921574 -0.023206400071891647 0.0021413879931323986 -0.002985804385026102 -0.0083160911138402301 0.0093491782267092465 -0.020915418645987907 9.025636429785425e-05 0.0050746265488366285 0.0045824472670969755 -0.0083116679953298325 0.0077825149198179136 0.0074841236488686668 0.001966132318033506 -0.0046213442745417976 0.014794780622268544 0.0020674159062244661 0.0021545256351844389 0.014790595995369728 -0.00146814874317574 0.019765984637197108 0.0071876037086789999 -0.0050556730336935845 0.0035581279703429045
leaf_weight=38 19046 30 289 142 40 20 29 24 69 521 100 94 30 2192 33 23 33 20 27 791 678 116 224 695 52 1210 20 78 59 71
leaf_count=38 19046 30 289 142 40 20 29 24 69 521 100 94 30 2192 33 23 33 20 27 791 678 116 224 695 52 1210 20 78 59 71
internal_value=-1.16511e-11 -0.000671353 -0.000323894 0.00054769 0.00625216 -0.000512772 -0.0131833 -0.0032388 -0.00208255 -0.00392379 -0.00872902 0.00309571 -0.00728029 -0.000246768 -0.00387191 -0.00590417 -0.0143135 0.000113132 9.57061e-05 8.69613e-05 -3.06504e-06 0.000136138 -0.00296028 0.000744271 0.00303414 -0.000110569 0.0264009 0.00481897 -0.00691557 0.00448656
internal_weight=26794 3864 3671 2826 443 2383 49 845 698 551 147 383 193 2334 130 123 63 22930 22839 22812 20064 19162 902 2748 747 2001 60 147 97 91
internal_count=26794 3864 3671 2826 443 2383 49 845 698 551 147 383 193 2334 130 123 63 22930 22839 22812 20064 19162 902 2748 747 2001 60 147 97 91
is_linear=0
shrinkage=0.05


Tree=151
num_leaves=31
num_cat=0
split_feature=7 7 5 7 5 3 3 5 7 3 7 3 7 5 5 7 5 5 5 5 7 4 7 7 5 5 7 7 5 7
split_gain=0.650033 4.45407 3.35533 3.00854 3.78721 3.52895 3.47735 5.41687 7.29919 3.4721 6.42196 3.41521 2.91646 2.81932 2.65739 4.96366 3.24694 3.97171 2.54339 1.5367 1.41463 1.35913 2.88918 7.62708 7.50728 5.72116 3.466 1.46668 1.28729 1.24532
threshold=-0.41835623979568476 -0.39234627783298487 46.500000000000007 -0.43136121332645411 42.500000000000007 1.5000000000000002 1.5000000000000002 71.500000000000014 -0.70771703124046315 1.0000000180025095e-35 -1.2360442876815794 1.0000000180025095e-35 -0.43786370754241938 54.500000000000007 58.500000000000007 -1.2360442876815794 85.500000000000014 81.500000000000014 89.500000000000014 38.500000000000007 -0.60042592883110035 10.500000000000002 -0.23303528130054471 -0.22978403419256208 67.500000000000014 27.500000000000004 1.0000000180025095e-35 -0.29480892419815058 56.500000000000007 -0.29806017875671381
decision_type=2 2 2 2 2 2 2 2 2 2 2 2 2 2 2 2 2 2 2 2 2 2 2 2 2 2 2 2 2 2
left_child=3 2 -2 6 19 11 7 9 18 12 -11 13 -1 -6 15 -8 17 -16 -9 -5 -17 22 24 -24 25 -3 -25 -26 -13 -23
right_child=1 21 -4 4 5 -7 14 8 -10 10 -12 28 -14 -15 16 20 -18 -19 -20 -21 -22 29 23 26 27 -27 -28 -29 -30 -31
leaf_value=-0.0014496426276619187 0.0092059514125516027 0.0128765817482042 0.0010414229428226298 -0.0024611188512709409 -0.0089914502472513268 0.00015748054466464302 0.023919214867055418 0.0085059833106455023 -0.021847020215152401 -0.0023371486243059735 0.0029711944760585623 -0.020139083836977257 0.012866949828134645 0.011116783913103459 -0.006001977782929999 -0.0042947593036869007 0.0030466172935162813 -0.023464259443183741 -0.0033987629948658686 0.013414991144090891 0.00086104376069097606 0.0027713138446580406 0.015242136693391277 0.0013173772131703169 0.0049962775036692629 -0.0023647525278820518 -0.00057342245109704717 0.02165019370806523 -0.0067536784093017166 0.00043385991253566919
leaf_weight=2997 232 63 275 27 72 110 20 373 23 851 1724 82 36 23 341 241 87 36 51 35 297 662 83 3557 20 2715 7607 39 23 4092
leaf_count=2997 232 63 275 27 72 110 20 373 23 851 1724 82 36 23 341 241 87 36 51 35 297 662 83 3557 20 2715 7607 39 23 4092
internal_value=-5.06398e-12 0.000152821 0.00477746 -0.000396875 -0.00477968 -0.00703585 -0.000166495 0.000288847 0.00558594 -0.000133371 0.00121686 -0.0109922 -0.00127971 -0.00412314 -0.00286424 -0.000539288 -0.0056602 -0.00766946 0.00707404 0.0065012 -0.00144853 2.83551e-05 -0.000218391 0.000141281 -0.00164427 -0.00201911 2.90117e-05 0.0160048 -0.017207 0.000759353
internal_weight=26794 19345 507 7449 372 310 7077 6055 447 5608 2575 200 3033 95 1022 558 464 377 424 62 538 18838 14084 11247 2837 2778 11164 59 105 4754
internal_count=26794 19345 507 7449 372 310 7077 6055 447 5608 2575 200 3033 95 1022 558 464 377 424 62 538 18838 14084 11247 2837 2778 11164 59 105 4754
is_linear=0
shrinkage=0.05


Tree=152
num_leaves=31
num_cat=0
split_feature=6 4 4 6 0 6 2 0 0 4 4 6 2 0 0 2 0 6 2 4 4 4 6 0 0 6 0 0 6 0
split_gain=0.691227 3.10571 2.63597 14.7066 3.29166 5.21915 2.76787 2.82223 1.83553 1.58166 4.80275 1.94521 1.49046 3.4555 5.53582 2.07126 1.26648 0.638103 0.600944 5.32821 8.92836 4.37545 3.55369 3.48556 0.917256 0.910924 3.13218 2.44922 0.692534 0.593469
threshold=5.5000000000000009 1.0000000180025095e-35 1.5000000000000002 4.5000000000000009 5.5000000000000009 2.5000000000000004 1.0000000180025095e-35 3.5000000000000004 1.0000000180025095e-35 3.5000000000000004 4.5000000000000009 4.5000000000000009 1.5000000000000002 3.5000000000000004 4.5000000000000009 1.0000000180025095e-35 1.0000000180025095e-35 18.500000000000004 1.0000000180025095e-35 1.0000000180025095e-35 1.5000000000000002 2.5000000000000004 7.5000000000000009 1.0000000180025095e-35 6.5000000000000009 8.5000000000000018 5.5000000000000009 4.5000000000000009 9.5000000000000018 5.5000000000000009
decision_type=2 2 2 2 2 2 2 2 2 2 2 2 2 2 2 2 2 2 2 2 2 2 2 2 2 2 2 2 2 2
left_child=1 8 3 6 9 -6 7 -3 -1 11 -11 -4 13 15 -15 -10 -8 18 19 22 -21 -22 23 -2 25 27 -27 -20 -26 -14
right_child=17 2 4 -5 5 -7 16 -9 12 10 -12 -13 29 14 -16 -17 -18 -19 24 20 21 -23 -24 -25 28 26 -28 -29 -30 -31
leaf_value=-0.011498474912895334 -0.0092017845942310109 -0.0043893497985648157 -0.010382052213346295 0.025004066026303919 0.00052646818803623317 -0.031536198288879616 0.00019194070572176806 0.0055141494517253406 0.016807196346954222 0.014464251282957516 -0.00036601271683841006 0.0013785900076713842 -0.0071725811064243319 -0.018879554443673729 -0.0037043270182809522 2.0181691451441675e-05 0.010076524450736077 0.0048369920904367744 -0.00056708539561403941 0.019683379233863794 -0.0065132635625649409 5.8697361425071407e-05 -0.013210574787312239 0.0073323356872424493 -8.8960069808222003e-05 0.0016424783632526226 -0.00192970107495907 0.0009091731405033044 -0.012405532405711711 0.0018892980175077877
leaf_weight=63 68 287 83 68 30 22 52 96 21 56 2172 61 20 73 340 147 86 71 6575 57 263 6841 129 60 21 3152 762 4906 25 187
leaf_count=63 68 287 83 68 30 22 52 96 21 56 2172 61 20 73 340 147 86 71 6575 57 263 6841 129 60 21 3152 762 4906 25 187
internal_value=-1.10374e-11 -0.00061865 0.000134701 0.0031349 -0.000594307 -0.0130385 0.00028057 -0.00190701 -0.00328592 -0.0003215 6.74078e-06 -0.00540011 -0.00262933 -0.0039273 -0.00638663 0.00211856 0.0063519 0.000104251 8.95506e-05 -0.000280323 -2.6461e-05 -0.000184606 -0.00735387 -0.00145142 0.000267241 0.000288306 0.000947026 6.37416e-05 -0.00678275 0.00101375
internal_weight=26794 3864 3013 589 2424 52 521 383 851 2372 2228 144 788 581 413 168 138 22930 22859 7418 7161 7104 257 128 15441 15395 3914 11481 46 207
internal_count=26794 3864 3013 589 2424 52 521 383 851 2372 2228 144 788 581 413 168 138 22930 22859 7418 7161 7104 257 128 15441 15395 3914 11481 46 207
is_linear=0
shrinkage=0.05


Tree=153
num_leaves=31
num_cat=0
split_feature=6 7 4 4 6 7 7 7 7 7 7 7 4 6 2 7 7 6 4 2 4 4 7 7 7 7 7 7 7 4
split_gain=0.623833 3.10362 3.13504 5.60152 9.07528 2.03172 1.95186 3.25457 2.57425 2.14157 1.75031 1.67565 1.55625 1.39769 1.34662 1.22868 0.90002 0.580415 0.550629 0.595693 4.76892 8.08249 4.70153 2.42159 2.91592 2.72287 0.499167 0.321261 0.18164 0.107443
threshold=5.5000000000000009 -1.3579659461975095 1.0000000180025095e-35 1.5000000000000002 4.5000000000000009 -0.85727426409721363 0.48874105513095861 -0.16150789707899091 -0.32081888616085047 0.57652464509010326 -0.65569707751274098 -1.4928926229476926 11.500000000000002 1.5000000000000002 1.5000000000000002 -1.6261937022209165 -1.4278677105903623 17.500000000000004 13.500000000000002 1.0000000180025095e-35 1.0000000180025095e-35 1.5000000000000002 1.7664802670478823 -0.56466224789619435 -0.48663237690925593 -0.60042592883110035 -0.3858437836170196 0.25790268182754522 -1.7188541293144224 5.5000000000000009
decision_type=2 2 2 2 2 2 2 2 2 2 2 2 2 2 2 2 2 2 2 2 2 2 2 2 2 2 2 2 2 2
left_child=1 11 6 4 10 13 7 8 -3 -8 -4 15 -7 -5 -11 28 -13 18 19 20 22 -22 -2 25 -25 -21 -6 -9 -1 -19
right_child=17 2 3 5 26 12 9 27 -10 14 -12 16 -14 -15 -16 -17 -18 29 -20 23 21 -23 -24 24 -26 -27 -28 -29 -30 -31
leaf_value=-0.0090558776239815508 -0.010351096590736755 -0.0010962883434317426 -0.00041776242161283114 0.0037664256552611855 0.027004905687645075 -0.0002516598524341653 -0.021833661318911859 0.0034957884042961778 -0.0082688337826311905 -0.0024686606621126764 0.0063452021798409367 -0.019728213925845922 0.0062927959895827563 -0.0069190591851928098 -0.014518181369790146 0.0048092644802774443 -0.0077622198781958128 0.0073213586420752116 0.0072192558673796828 0.0012602505388375367 0.018699210114254242 -0.00020463016545876645 0.0066054479182496963 -0.0032679886213117758 0.00016836021010202358 0.0075619813869707286 0.017330519771203399 0.009039223767296576 -0.0046234253241475357 0.0031724342368018459
leaf_weight=38 206 359 197 37 40 2074 24 113 192 92 186 30 95 177 31 33 33 20 27 1943 57 7065 51 649 12653 188 20 34 59 71
leaf_count=38 206 359 197 37 40 2074 24 113 192 92 186 30 95 177 31 33 33 20 27 1943 57 7065 51 649 12653 188 20 34 59 71
internal_value=-1.5693e-12 -0.000587718 -0.000262801 0.00053619 0.00569913 -0.000423602 -0.00293493 -0.00183213 -0.00359561 -0.00817135 0.0028666 -0.00676787 3.49807e-05 -0.00507157 -0.00550553 -0.00352461 -0.0134603 9.9038e-05 8.31591e-05 7.47129e-05 -0.000294797 -5.33357e-05 -0.00698618 0.000251387 7.01934e-07 0.0018162 0.0237801 0.00477794 -0.00635985 0.00408429
internal_weight=26794 3864 3671 2826 443 2383 845 698 551 147 383 193 2169 214 123 130 63 22930 22839 22812 7379 7122 257 15433 13302 2131 60 147 97 91
internal_count=26794 3864 3671 2826 443 2383 845 698 551 147 383 193 2169 214 123 130 63 22930 22839 22812 7379 7122 257 15433 13302 2131 60 147 97 91
is_linear=0
shrinkage=0.05


Tree=154
num_leaves=31
num_cat=0
split_feature=7 7 7 0 6 4 0 7 4 7 7 6 0 7 7 7 7 7 7 6 4 7 6 7 6 4 7 7 7 7
split_gain=0.60437 3.96937 2.71317 3.87013 5.64937 2.37485 6.51472 2.83201 1.93549 1.81072 1.48005 3.54614 1.30506 4.94373 9.07082 4.28715 3.90334 3.6584 2.31398 9.90766 4.41188 3.94688 2.23401 2.19623 1.44571 1.23013 2.57255 6.90494 5.80435 7.94096
threshold=-0.41835623979568476 -0.39234627783298487 -0.43136121332645411 4.5000000000000009 5.5000000000000009 10.500000000000002 1.0000000180025095e-35 -0.39559751749038691 4.5000000000000009 -0.40535125136375422 -0.42485871911048884 7.5000000000000009 5.5000000000000009 -0.47687864303588862 -0.55815973877906788 -0.45411992073059076 -0.51914480328559864 -0.60042592883110035 -0.49313485622406 9.5000000000000018 1.0000000180025095e-35 -0.50613984465599049 7.5000000000000009 -0.457371175289154 3.5000000000000004 10.500000000000002 -0.23303528130054471 -0.22978403419256208 -0.2883064448833465 -0.29480892419815058
decision_type=2 2 2 2 2 2 2 2 2 2 2 2 2 2 2 2 2 2 2 2 2 2 2 2 2 2 2 2 2 2
left_child=2 5 12 8 -5 6 -2 9 -4 -8 11 -6 18 14 17 23 -16 -14 21 20 -20 24 -17 -15 -1 26 28 -28 29 -3
right_child=1 25 3 4 10 -7 7 -9 -10 -11 -12 -13 13 15 16 22 -18 -19 19 -21 -22 -23 -24 -25 -26 -27 27 -29 -30 -31
leaf_value=-0.0032963254235927409 0.024323331950952046 -0.0010690116231796933 0.01406300527831683 0.015939539670944216 -0.0089557955812385962 -0.0027069842522983913 0.0013315134885909874 -0.0073577464014912657 -0.00094122718569011454 0.0089081258391437903 -0.0065977956106947682 -0.028088544205658969 0.00093814019510649483 0.0063847640924729627 -0.010396313518821632 -0.0010717715577381413 -0.001655564072243438 0.0092377842360774412 -0.01296955345867154 -0.026484906552142876 -0.00035565052174755266 0.013146010322379881 0.011230895978709063 0.016933368074696985 -3.7870138396944487e-05 0.00072529887599083638 0.014502706586843335 2.7682069180987961e-05 -0.0050463488155304435 0.010023797444641094
leaf_weight=375 44 1823 26 21 74 93 138 48 124 184 91 36 1100 114 252 205 259 151 78 43 623 55 45 87 3690 4754 83 11164 837 177
leaf_count=375 44 1823 26 21 74 93 138 48 124 184 91 36 1100 114 252 205 259 151 78 43 623 55 45 87 3690 4754 83 11164 837 177
internal_value=-2.79966e-12 0.000147356 -0.000382682 -0.00454478 -0.00873687 0.00451311 0.00613502 0.00397209 0.00165951 0.00566101 -0.011315 -0.0152174 -0.000163902 0.000842721 -0.000352896 0.00551384 -0.00596607 0.00193994 -0.000621891 -0.00318823 -0.00175919 -0.000158454 0.00114271 0.0109506 -0.000338466 2.98571e-05 -0.000204887 0.000134504 -0.00155037 -8.7298e-05
internal_weight=26794 19345 7449 372 222 507 414 370 150 322 201 110 7077 2213 1762 451 511 1251 4864 744 701 4120 250 201 4065 18838 14084 11247 2837 2000
internal_count=26794 19345 7449 372 222 507 414 370 150 322 201 110 7077 2213 1762 451 511 1251 4864 744 701 4120 250 201 4065 18838 14084 11247 2837 2000
is_linear=0
shrinkage=0.05


Tree=155
num_leaves=31
num_cat=0
split_feature=7 7 7 0 4 0 7 4 7 0 7 7 7 7 7 7 4 7 7 7 7 2 2 4 7 7 7 7 7 7
split_gain=0.545443 3.58236 2.44864 3.49279 2.14331 5.87954 2.55589 1.74678 1.63417 1.17782 4.46171 8.18642 3.86915 3.52277 3.30171 2.08836 6.06694 4.82399 3.56206 1.9821 1.65291 1.53813 1.24693 1.11019 2.32172 6.23171 5.23842 7.16672 4.99421 3.15231
threshold=-0.41835623979568476 -0.39234627783298487 -0.43136121332645411 4.5000000000000009 10.500000000000002 1.0000000180025095e-35 -0.39559751749038691 4.5000000000000009 -0.40535125136375422 5.5000000000000009 -0.47687864303588862 -0.55815973877906788 -0.45411992073059076 -0.51914480328559864 -0.60042592883110035 -0.49313485622406 1.0000000180025095e-35 -0.457371175289154 -0.50613984465599049 -0.457371175289154 -0.44111494719982142 1.0000000180025095e-35 1.5000000000000002 10.500000000000002 -0.23303528130054471 -0.22978403419256208 -0.2883064448833465 -0.29480892419815058 -0.28180395066738123 1.0000000180025095e-35
decision_type=2 2 2 2 2 2 2 2 2 2 2 2 2 2 2 2 2 2 2 2 2 2 2 2 2 2 2 2 2 2
left_child=2 4 9 7 5 -2 8 -4 -7 15 11 14 19 -13 -11 18 17 -17 21 -12 -14 -1 -18 24 26 -26 27 -3 -28 -27
right_child=1 23 3 -5 -6 6 -8 -9 -10 10 12 13 20 -15 -16 16 22 -19 -20 -21 -22 -23 -24 -25 25 29 28 -29 -30 -31
leaf_value=-0.001203375490144265 0.023107165248471909 -0.0010155610223116841 0.01335985494347719 -0.0083000279240926875 -0.0025716350458922887 0.001264937913472987 -0.0069898589281365275 -0.00089416589490288209 0.0084627196826698742 0.00089123338080455798 0.0060655257893749721 -0.0098764977137935136 -0.0018324754240386415 -0.0015727858992228751 0.0087758952097979608 -0.025917092749538524 0.00033518975536901295 -0.0039359218297669524 0.012488710169934414 0.016086699585323275 0.0067500202335855552 0.00075117833605237118 -0.0043039825367106295 0.00068903394884677299 0.013777571144592334 0.0012549800519384539 -0.01247269209838037 0.009522607680219411 -0.00285137616538177 -0.00054822845347087782
leaf_weight=2231 44 1823 26 222 93 138 48 124 184 1100 114 252 165 259 151 48 424 52 55 87 85 1834 220 4754 83 3557 169 177 668 7607
leaf_count=2231 44 1823 26 222 93 138 48 124 184 1100 114 252 165 259 151 48 424 52 55 87 85 1834 220 4754 83 3557 169 177 668 7607
internal_value=7.0035e-12 0.000139988 -0.000363548 -0.00431754 0.00428746 0.00582827 0.00377348 0.00157653 0.00537796 -0.000155707 0.000800585 -0.000335251 0.00523815 -0.00566777 0.00184294 -0.000590797 -0.00302882 -0.0144869 -0.000150532 0.010403 0.00108557 -0.000321542 -0.00124962 2.83642e-05 -0.000194642 0.000127779 -0.00147285 -8.29331e-05 -0.00479403 2.62979e-05
internal_weight=26794 19345 7449 372 507 414 370 150 322 7077 2213 1762 451 511 1251 4864 744 100 4120 201 250 4065 644 18838 14084 11247 2837 2000 837 11164
internal_count=26794 19345 7449 372 507 414 370 150 322 7077 2213 1762 451 511 1251 4864 744 100 4120 201 250 4065 644 18838 14084 11247 2837 2000 837 11164
is_linear=0
shrinkage=0.05


Tree=156
num_leaves=31
num_cat=0
split_feature=1 6 6 0 2 0 6 0 0 6 6 2 0 2 6 2 6 0 6 0 2 6 6 6 0 0 0 0 2 0
split_gain=2.09004 4.71056 2.26199 2.61726 3.02935 3.39702 1.49965 4.68137 1.56086 5.7674 2.18492 4.74038 1.43961 1.41392 1.74061 1.68469 1.63795 1.4015 3.25561 1.22399 1.21171 1.41363 1.10293 1.00132 2.04741 0.947203 0.868159 3.06098 5.09718 2.51771
threshold=1.0000000180025095e-35 11.500000000000002 6.5000000000000009 4.5000000000000009 1.5000000000000002 3.5000000000000004 12.500000000000002 5.5000000000000009 6.5000000000000009 4.5000000000000009 8.5000000000000018 1.0000000180025095e-35 6.5000000000000009 1.0000000180025095e-35 4.5000000000000009 1.5000000000000002 1.5000000000000002 2.5000000000000004 15.500000000000002 2.5000000000000004 1.0000000180025095e-35 13.500000000000002 14.500000000000002 4.5000000000000009 4.5000000000000009 1.0000000180025095e-35 4.5000000000000009 3.5000000000000004 1.0000000180025095e-35 2.5000000000000004
decision_type=2 2 2 2 2 2 2 2 2 2 2 2 2 2 2 2 2 2 2 2 2 2 2 2 2 2 2 2 2 2
left_child=6 2 13 4 5 -4 8 25 26 -10 11 -11 -5 23 16 -16 -15 22 20 -6 -19 -22 -3 -2 -25 -8 27 29 -29 -1
right_child=1 17 3 12 19 -7 7 -9 9 10 -12 -13 -14 14 15 -17 -18 18 -20 -21 21 -23 -24 24 -26 -27 -28 28 -30 -31
leaf_value=-0.00040265528610206969 -0.010076173263843413 0.00041281477887562275 0.00055637407674409035 -0.00080898073797451434 0.00579640179736107 0.012607454195773853 0.0033400252578311752 0.015513509560486902 0.015506289558707859 -0.032923008288655964 -0.0020252900848422069 -0.0019080484296533874 0.010044342113448488 0.0048605831528364344 0.004883914543378897 0.0012633734627355495 0.021147256201276415 -0.0079508158468304807 0.014131721380082044 -0.0015516370956902394 -0.0042057301937529698 0.0090510716904764598 -0.005032736122666393 0.0039519270889035521 -0.0081516143940389158 -0.00080288424364265967 0.00027372410694133132 0.00078817044366510979 -0.0065776119367217285 0.0056698595991928804
leaf_weight=12783 27 413 2304 2121 495 60 220 59 23 28 29 22 31 38 627 659 26 238 22 64 160 23 120 116 50 370 4544 427 522 173
leaf_count=12783 27 413 2304 2121 495 60 220 59 23 28 29 22 31 38 627 659 26 238 22 64 160 23 120 116 50 370 4544 427 522 173
internal_value=6.02983e-12 0.000702172 0.0011804 0.000670694 0.00164497 0.000862239 -0.000277724 0.0020848 -0.000360376 -0.00652853 -0.0129437 -0.0192764 -0.000652636 0.00285683 0.00342912 0.0030286 0.011477 -0.00254055 -0.00461882 0.00495512 -0.00559866 -0.00253957 -0.0008132 -0.00114619 0.000306282 0.000741929 -0.000326273 -0.000522346 -0.0032634 -0.00032157
internal_weight=26794 7594 6618 5075 2923 2364 19200 649 18551 102 79 50 2152 1543 1350 1286 64 976 443 559 421 183 533 193 166 590 18449 13905 949 12956
internal_count=26794 7594 6618 5075 2923 2364 19200 649 18551 102 79 50 2152 1543 1350 1286 64 976 443 559 421 183 533 193 166 590 18449 13905 949 12956
is_linear=0
shrinkage=0.05


Tree=157
num_leaves=30
num_cat=0
split_feature=4 0 4 4 2 2 3 2 3 2 2 3 3 0 0 2 4 2 0 4 3 4 4 4 3 4 3 3 3
split_gain=0.507347 0.487001 3.20006 5.14695 11.3718 6.7548 4.65239 3.13264 2.52215 2.30574 1.54507 1.47463 1.25737 3.37663 2.42004 6.83038 7.24463 3.09995 4.29794 3.05043 2.36595 1.73699 3.08324 2.18341 1.17538 1.08357 0.458484 0.2785 0.0131916
threshold=13.500000000000002 1.0000000180025095e-35 1.0000000180025095e-35 5.5000000000000009 1.0000000180025095e-35 1.5000000000000002 1.0000000180025095e-35 1.5000000000000002 1.0000000180025095e-35 1.0000000180025095e-35 1.0000000180025095e-35 1.5000000000000002 1.0000000180025095e-35 2.5000000000000004 4.5000000000000009 1.5000000000000002 6.5000000000000009 1.0000000180025095e-35 5.5000000000000009 2.5000000000000004 2.5000000000000004 2.5000000000000004 6.5000000000000009 1.0000000180025095e-35 1.5000000000000002 1.5000000000000002 2.5000000000000004 1.0000000180025095e-35 1.5000000000000002
decision_type=2 2 2 2 2 2 2 2 2 2 2 2 2 2 2 2 2 2 2 2 2 2 2 2 2 2 2 2 2
left_child=1 2 6 4 8 -6 7 10 -4 28 -1 -11 14 21 15 19 -17 25 -19 -3 24 23 -23 -14 -15 -16 27 -5 -8
right_child=-2 12 3 26 5 -7 9 -9 -10 11 -12 -13 13 20 17 16 -18 18 -20 -21 -22 22 -24 -25 -26 -27 -28 -29 -30
leaf_value=-0.0092730588828906033 0.0066098039327510474 -0.002068693964910519 -0.0017482037281239017 1.0813751690262485e-06 0.019945965362432646 0.0048632648496312048 -0.01042015055058206 0.011616182619278942 0.0038368927918275442 -0.0025837326754238024 0.0013835934536965719 -0.0084578872504343667 0.0026068972285856924 -7.7669425800775164e-05 0.0036717411510798397 -0.011011896173093477 0.00041841574193236705 0.0072430431657559136 0.00063725186736918009 0.00095075081890084946 0.013016311867007366 -0.00082730211709032032 0.0023532476583617034 0.016455659029427274 -0.0020342707621211742 -0.0042406144244218798 -0.0050622377948800349 -0.00064707153031150991 -0.011547117180338032
leaf_weight=39 29 1451 561 2718 133 168 82 72 316 772 266 124 1532 4486 49 332 238 274 2430 1975 33 1477 1574 29 926 370 53 4247 38
leaf_count=39 29 1451 561 2718 133 168 82 72 316 772 266 124 1532 4486 49 332 238 274 2430 1975 33 1477 1574 29 926 370 53 4247 38
internal_value=1.76885e-12 -7.16175e-06 -0.000292609 8.39538e-05 0.00314224 0.0115277 -0.00250819 0.00223542 0.000264214 -0.00426837 2.09395e-05 -0.00339667 0.000152197 0.000512125 -0.000356273 -0.00117125 -0.00623924 0.000686521 0.00130663 -0.000328062 -0.00033106 0.0015076 0.000813532 0.00286418 -0.000412446 -0.0033153 -0.000429392 -0.000394138 -0.010777
internal_weight=26794 26765 9589 8196 1178 301 1393 377 877 1016 305 896 17176 10057 7119 3996 570 3123 2704 3426 5445 4612 3051 1561 5412 419 7018 6965 120
internal_count=26794 26765 9589 8196 1178 301 1393 377 877 1016 305 896 17176 10057 7119 3996 570 3123 2704 3426 5445 4612 3051 1561 5412 419 7018 6965 120
is_linear=0
shrinkage=0.05


Tree=158
num_leaves=31
num_cat=0
split_feature=5 7 2 0 0 7 0 7 7 7 0 5 5 0 7 5 7 0 5 5 5 7 7 7 7 7 0 0 0 5
split_gain=0.631943 3.09503 4.60694 3.45586 2.90601 1.91653 2.69258 5.14502 5.20575 2.54828 5.54304 4.06696 3.77317 2.7275 2.52592 1.87517 4.92657 10.7095 5.2905 2.78217 4.90043 2.54442 6.7858 5.00995 4.01673 7.31447 3.17674 2.38582 1.78272 1.37307
threshold=43.500000000000007 -1.3579659461975095 1.5000000000000002 5.5000000000000009 1.5000000000000002 -0.29155768454074854 1.0000000180025095e-35 -0.457371175289154 -0.65569707751274098 -0.1875178515911102 4.5000000000000009 35.500000000000007 38.500000000000007 6.5000000000000009 0.46598234772682195 50.500000000000007 -1.2360442876815794 2.5000000000000004 46.500000000000007 49.500000000000007 45.500000000000007 -0.1875178515911102 -0.2883064448833465 -0.27855271100997919 -0.16475913673639295 -0.15825664997100827 1.0000000180025095e-35 5.5000000000000009 3.5000000000000004 27.500000000000004
decision_type=2 2 2 2 2 2 2 2 2 2 2 2 2 2 2 2 2 2 2 2 2 2 2 2 2 2 2 2 2 2
left_child=1 2 3 4 -1 6 -3 8 -8 10 12 -12 -7 14 -11 16 17 19 -19 20 -2 22 28 -24 26 -26 -23 -20 -18 -6
right_child=15 5 -4 -5 29 9 7 -9 -10 13 11 -13 -14 -15 -16 -17 21 18 27 -21 -22 24 23 -25 25 -27 -28 -29 -30 -31
leaf_value=-0.010718416847729326 -0.030163956073851424 -5.7136912342730189e-05 0.015384265766651542 -0.023599758443350979 -0.0043612807057797909 -0.019404190524851216 0.0031258307314296335 0.0058383278620901145 -0.0030579921471548775 0.0024511134880062105 0.012983632969828147 -0.0021700681650493516 -0.0045745135768531604 -0.01527794505402978 -0.00057351303386503696 0.000168755458045518 0.0011220890104190028 -0.0088521995051049213 0.0017602219029741234 -0.035836366388118927 4.3567106127738953e-05 -0.0074393200874328623 -0.015840794715107583 -0.0041106171892707887 -0.020316255865835173 0.0005111515679292357 0.012181520339701388 0.019956813751149081 -0.0016157891557506132 0.0049024557630117571
leaf_weight=112 29 1924 27 26 90 73 885 758 553 1016 53 269 104 28 2153 13032 1129 86 43 27 25 25 109 552 43 2146 118 31 1256 72
leaf_count=112 29 1924 27 26 90 73 885 758 553 1016 53 269 104 28 2153 13032 1129 86 43 27 25 25 109 552 43 2146 118 31 1256 72
internal_value=3.42991e-12 0.000367493 -0.00439823 -0.00617865 -0.00452555 0.000566878 0.00130845 0.00250489 0.000747768 -0.000259766 -0.00358291 0.000324175 -0.0106907 0.000258923 0.0003962 -0.000160447 -0.000923957 -0.00791778 -0.000418365 -0.0227314 -0.016179 -0.000610549 -0.00156215 -0.00604494 0.000632405 0.000102025 0.0087513 0.00938312 -0.000319745 -0.000244064
internal_weight=26794 8143 327 300 274 7816 4120 2196 1438 3696 499 322 177 3197 3169 18651 5619 241 160 81 54 5378 3046 661 2332 2189 143 74 2385 162
internal_count=26794 8143 327 300 274 7816 4120 2196 1438 3696 499 322 177 3197 3169 18651 5619 241 160 81 54 5378 3046 661 2332 2189 143 74 2385 162
is_linear=0
shrinkage=0.05


Tree=159
num_leaves=31
num_cat=0
split_feature=6 4 3 7 7 4 6 3 7 6 4 7 7 7 7 4 4 6 7 7 7 7 6 7 7 4 7 6 3 6
split_gain=0.56016 2.7057 11.6577 7.02584 2.71152 4.51542 5.97922 5.08596 2.45153 2.3538 4.98004 1.9492 1.68416 1.43147 1.73996 1.02559 4.31578 1.58454 0.942412 3.63796 1.36958 0.749825 0.502929 0.517306 5.02586 3.35333 14.7569 5.41923 2.06089 1.94447
threshold=5.5000000000000009 1.0000000180025095e-35 1.0000000180025095e-35 0.48874105513095861 -1.1856499910354612 1.5000000000000002 4.5000000000000009 1.0000000180025095e-35 0.28391262888908392 4.5000000000000009 1.5000000000000002 0.63179582357406627 -1.4928926229476926 -0.85727426409721363 -0.16150789707899091 3.5000000000000004 4.5000000000000009 4.5000000000000009 -0.53865227103233326 -0.55815973877906788 -0.32081888616085047 1.5779080390930178 17.500000000000004 0.38470122218132025 0.50174602866172802 5.5000000000000009 0.8301217555999757 9.5000000000000018 1.5000000000000002 6.5000000000000009
decision_type=2 2 2 2 2 2 2 2 2 2 2 2 2 2 2 2 2 2 2 2 2 2 2 2 2 2 2 2 2 2
left_child=1 2 8 13 9 6 7 -6 18 12 -11 -5 -3 -4 -15 17 -17 -7 19 -1 -20 -13 23 -2 28 26 -26 -27 29 -25
right_child=22 4 3 11 5 15 -8 -9 -10 10 -12 21 -14 14 -16 16 -18 -19 20 -21 -22 -23 -24 24 25 27 -28 -29 -30 -31
leaf_value=-0.011367356811503047 0.00024328479609562263 -0.0029585016992043807 0.016491765561311142 -0.021290554920280425 0.00076655386900058905 -0.0094952281241603501 0.022096130321733656 0.017858147968118097 0.0016861086870942799 0.024435710194520652 -0.0062520349254974947 -0.0088215741736348725 -0.011977236304604977 0.0016850455158875497 0.0091280676254776316 0.013739692359896645 -0.00031935193053846014 0.001557375200811016 -0.003821591905056777 -0.035334317907691003 -0.013209572817641693 0.0013898183703422546 0.0038035515588350022 -0.013623653886154191 0.0090717126655857124 0.00072881754440527963 -0.00098465646343910175 -0.0027380368809873943 0.0025748528918484227 -0.0043568760798623892
leaf_weight=76 15471 111 23 27 297 72 48 51 35 20 39 64 97 295 107 56 2163 59 57 20 122 25 91 63 523 3174 1206 1748 96 558
leaf_count=76 15471 111 23 27 297 72 48 51 35 20 39 64 97 295 107 56 2163 59 57 20 122 25 91 63 523 3174 1206 1748 96 558
internal_value=1.74304e-12 -0.000556918 -0.0030465 0.0013834 0.000146246 0.000613962 0.00555315 0.00327136 -0.0107774 -0.00466405 0.00415059 -0.00952311 -0.00716435 0.00436024 0.00366615 -0.000218343 3.54504e-05 -0.00451734 -0.0123637 -0.0163605 -0.0102201 -0.00595321 9.38478e-05 7.90668e-05 -0.000265751 0.000163011 0.00205726 -0.000502402 -0.00424301 -0.00529698
internal_weight=26794 3864 851 541 3013 2746 396 348 310 267 59 116 208 425 402 2350 2219 131 275 96 179 89 22930 22839 7368 6651 1729 4922 717 621
internal_count=26794 3864 851 541 3013 2746 396 348 310 267 59 116 208 425 402 2350 2219 131 275 96 179 89 22930 22839 7368 6651 1729 4922 717 621
is_linear=0
shrinkage=0.05


Tree=160
num_leaves=30
num_cat=0
split_feature=4 0 4 4 2 2 3 2 3 2 2 3 3 0 3 0 2 4 2 0 4 4 4 4 0 4 3 3 3
split_gain=0.504739 0.418005 2.91713 4.55263 10.1901 6.04707 4.31098 2.84011 2.20616 2.05615 1.37963 1.33689 1.05837 3.10154 2.12916 2.11239 6.1991 6.50872 2.86377 3.8012 2.80561 1.48399 2.64931 1.80413 1.1193 0.99296 0.420389 0.282675 0.0105363
threshold=13.500000000000002 1.0000000180025095e-35 1.0000000180025095e-35 5.5000000000000009 1.0000000180025095e-35 1.5000000000000002 1.0000000180025095e-35 1.5000000000000002 1.0000000180025095e-35 1.0000000180025095e-35 1.0000000180025095e-35 1.5000000000000002 1.0000000180025095e-35 2.5000000000000004 2.5000000000000004 4.5000000000000009 1.5000000000000002 6.5000000000000009 1.0000000180025095e-35 5.5000000000000009 2.5000000000000004 2.5000000000000004 6.5000000000000009 1.0000000180025095e-35 5.5000000000000009 1.5000000000000002 2.5000000000000004 1.0000000180025095e-35 1.5000000000000002
decision_type=2 2 2 2 2 2 2 2 2 2 2 2 2 2 2 2 2 2 2 2 2 2 2 2 2 2 2 2 2
left_child=1 2 6 4 8 -6 7 10 -4 28 -1 -11 15 21 24 16 20 -18 25 -20 -3 23 -23 -14 -15 -17 27 -5 -8
right_child=-2 12 3 26 5 -7 9 -9 -10 11 -12 -13 13 14 -16 18 17 -19 19 -21 -22 22 -24 -25 -26 -27 -28 -29 -30
leaf_value=-0.0087116197133675615 0.0065927914953951179 -0.0019534611470284 -0.0016422961107264281 3.7061882882919188e-05 0.018867134472138173 0.0045964320478517383 -0.0099086887657460643 0.011111300632344662 0.0035812208077154136 -0.0024841236867284445 0.0013583571337932841 -0.0080772130376464048 0.0024448057647228597 -0.00158827222947781 0.012324455252030131 0.0034904436621700924 -0.010439296512505468 0.00039492348456528323 0.0068271011485778526 0.00061476414729235026 0.0009422801459507274 -0.00073774641353861455 0.0022105061643703083 0.015033401561708288 2.5937193886455247e-05 -0.0040838806301581902 -0.0048310718578198613 -0.00061593092198940376 -0.010915868106837336
leaf_weight=39 29 1451 561 2718 133 168 82 72 316 772 266 124 1532 1477 33 49 332 238 274 2430 1975 1477 1574 29 3935 370 53 4247 38
leaf_count=39 29 1451 561 2718 133 168 82 72 316 772 266 124 1532 1477 33 49 332 238 274 2430 1975 1477 1574 29 3935 370 53 4247 38
internal_value=3.08137e-12 -7.14332e-06 -0.000271598 8.79326e-05 0.00296423 0.0109021 -0.00238697 0.00217927 0.000239838 -0.00408133 7.07208e-05 -0.00325817 0.000140496 0.000470716 -0.000337394 -0.000326004 -0.00108742 -0.00591553 0.000648254 0.00124427 -0.000284142 0.00142478 0.000783247 0.00267867 -0.0004146 -0.0031981 -0.000394866 -0.000361109 -0.0102276
internal_weight=26794 26765 9589 8196 1178 301 1393 377 877 1016 305 896 17176 10057 5445 7119 3996 570 3123 2704 3426 4612 3051 1561 5412 419 7018 6965 120
internal_count=26794 26765 9589 8196 1178 301 1393 377 877 1016 305 896 17176 10057 5445 7119 3996 570 3123 2704 3426 4612 3051 1561 5412 419 7018 6965 120
is_linear=0
shrinkage=0.05


Tree=161
num_leaves=31
num_cat=0
split_feature=5 7 2 7 7 4 7 7 5 7 5 2 5 5 5 7 4 4 7 7 2 5 4 7 7 7 4 7 7 7
split_gain=0.566867 2.60008 4.13393 1.84143 5.69144 2.13168 5.2521 8.65967 3.79699 2.40262 1.96067 1.90954 4.0425 2.26083 1.74609 5.62547 3.50268 5.14271 6.07496 3.34711 3.11856 2.42039 1.88842 4.69433 8.38723 8.97251 7.533 11.7548 5.32486 3.17637
threshold=43.500000000000007 -1.3579659461975095 1.5000000000000002 -0.2883064448833465 -0.28180395066738123 1.5000000000000002 -0.94505789875984181 -0.53865227103233326 24.500000000000004 -1.1336300969123838 33.500000000000007 1.0000000180025095e-35 18.500000000000004 42.500000000000007 51.500000000000007 -2.0927473306655879 8.5000000000000018 6.5000000000000009 1.7989926934242251 -0.53865227103233326 1.0000000180025095e-35 47.500000000000007 5.5000000000000009 0.47248482704162603 0.8301217555999757 0.58952966332435619 2.5000000000000004 -0.080226775258779512 -0.39559751749038691 0.069330483675003066
decision_type=2 2 2 2 2 2 2 2 2 2 2 2 2 2 2 2 2 2 2 2 2 2 2 2 2 2 2 2 2 2
left_child=1 2 -1 5 -5 6 8 -8 -3 -7 -11 12 -6 -13 15 20 17 19 -19 -17 21 -2 23 26 25 -25 27 -16 -28 -24
right_child=14 3 -4 4 11 9 7 -9 -10 10 -12 13 -14 -15 22 16 -18 18 -20 -21 -22 -23 29 24 -26 -27 28 -29 -30 -31
leaf_value=-0.0057065630262562389 -0.01046527454730224 0.0039516866785808671 0.014719423865554511 -0.020960572238475313 -0.0096861795455749564 -0.0076177389851661143 -0.0028981469441600079 0.0045776545023156192 0.018183264734905735 -0.00067909642045817958 0.0022950640050263538 -0.00020250808041126744 0.0028138557914644483 -0.0044498990141775057 0.00015845954723578401 0.0026292595034322938 0.0010062016655016407 -0.002293538079574341 -0.031902173658212025 -0.0017958805012477461 -0.017466242218547517 0.0031764782900954116 0.00089220984786963814 0.004257335561683599 0.00024884868985014584 0.019455434920609738 0.0012939211516604968 -0.0075515974740772863 0.0079714545449579254 -0.0014155236416243579
leaf_weight=300 74 103 27 33 70 93 641 979 86 1307 962 2329 851 362 2323 491 2262 41 30 3295 71 58 2600 312 697 141 1773 628 359 3496
leaf_count=300 74 103 27 33 70 93 641 979 86 1307 962 2329 851 362 2323 491 2262 41 30 3295 71 58 2600 312 697 141 1773 628 359 3496
internal_value=-6.38545e-13 0.000348057 -0.00402001 0.000530805 -0.000290163 0.00124824 0.00253985 0.00161964 0.0104274 0.000259027 0.000581874 -0.000101314 0.0018638 -0.000773878 -0.000151961 -0.000827559 -0.000555897 -0.00147201 -0.0148042 -0.00122199 -0.00901625 -0.00447117 0.000194468 0.000806438 0.00369126 0.00898787 0.000153762 -0.00148231 0.00241833 -0.000431254
internal_weight=26794 8143 327 7816 3645 4171 1809 1620 189 2362 2269 3612 921 2691 18651 6322 6119 3857 71 3786 203 132 12329 6233 1150 453 5083 2951 2132 6096
internal_count=26794 8143 327 7816 3645 4171 1809 1620 189 2362 2269 3612 921 2691 18651 6322 6119 3857 71 3786 203 132 12329 6233 1150 453 5083 2951 2132 6096
is_linear=0
shrinkage=0.05


Tree=162
num_leaves=31
num_cat=0
split_feature=1 7 7 7 7 2 7 7 0 7 2 2 7 7 7 7 7 7 2 7 7 7 7 2 7 7 0 7 7 0
split_gain=1.96924 2.80743 6.5287 4.333 12.3577 3.4871 5.35385 4.96852 2.54372 2.66832 3.83876 2.50178 2.39565 2.20408 2.19288 1.7247 3.37579 2.77399 2.31583 2.14788 13.7789 3.42317 3.27237 3.61218 1.6451 1.33187 1.93056 2.45741 1.27755 1.54064
threshold=1.0000000180025095e-35 1.0902213454246523 1.0934725999832156 0.8918953835964204 0.87563917040824901 1.0000000180025095e-35 0.58952966332435619 0.28391262888908392 1.0000000180025095e-35 1.7989926934242251 1.0000000180025095e-35 1.5000000000000002 1.2527835965156557 0.96342280507087719 1.3015522360801699 0.80736306309700023 1.6494354605674746 0.78135308623313915 1.0000000180025095e-35 -0.36958755552768702 -0.37609004974365229 -0.54515478014945973 -0.35983382165431971 1.5000000000000002 1.6721941828727724 1.0642113685607912 4.5000000000000009 1.0934725999832156 0.91465410590171825 1.0000000180025095e-35
decision_type=2 2 2 2 2 2 2 2 2 2 2 2 2 2 2 2 2 2 2 2 2 2 2 2 2 2 2 2 2 2
left_child=15 3 -3 4 5 7 -7 -2 9 14 -11 12 -10 -5 -4 17 25 19 -19 20 21 -1 23 -21 -13 28 27 -27 -17 -30
right_child=1 2 8 13 -6 6 -8 -9 11 10 -12 24 -14 -15 -16 16 -18 18 -20 22 -22 -23 -24 -25 -26 26 -28 -29 29 -31
leaf_value=0.00038761699917558317 -0.00020301309097556857 0.0142865513033908 -0.0074300422252585683 -0.022891036717704052 0.031439565325854346 0.00070602035937654341 0.0090991993515457427 -0.0064173734570864508 -0.0046951693492820086 -0.019120850786566737 0.0023106799989536003 -0.0065844363284607733 0.0074846275476386035 -0.0053397686501859493 0.0049432381126098338 -0.0037003956734163999 0.00011562840784576595 -0.00087865573191083966 0.013050776086999356 -0.0042047805098049786 -0.036444893120615572 -0.0020394451035511902 0.00031632144767066079 0.015614160669731423 0.0020699746305372839 -0.019093481337266238 0.0018836618341024844 -0.0042923623824685552 -0.0028377158639504929 0.0022929675606721406
leaf_weight=3414 1659 116 52 27 32 4201 199 399 46 48 37 75 330 53 115 360 2391 50 74 34 27 2529 8651 71 205 29 124 850 258 338
leaf_count=3414 1659 116 52 27 32 4201 199 399 46 48 37 75 330 53 115 360 2391 50 74 34 27 2529 8651 71 205 29 124 850 258 338
internal_value=7.04229e-12 0.000681579 0.0031167 0.00030204 0.000444602 0.000291019 0.00108562 -0.00140784 0.00168972 -0.00258014 -0.00979183 0.00332997 0.00599455 -0.0112633 0.00109048 -0.000269579 -0.00114516 -1.30963e-05 0.00743407 -7.5805e-05 -0.00080711 -0.000645201 0.000422812 0.0091966 -0.000248171 -0.00268397 -0.00395677 -0.00478068 -0.00134859 7.1967e-05
internal_weight=26794 7594 1024 6570 6490 6458 4400 2058 908 252 85 656 376 80 167 19200 4350 14850 124 14726 5970 5943 8756 105 280 1959 1003 879 956 596
internal_count=26794 7594 1024 6570 6490 6458 4400 2058 908 252 85 656 376 80 167 19200 4350 14850 124 14726 5970 5943 8756 105 280 1959 1003 879 956 596
is_linear=0
shrinkage=0.05


Tree=163
num_leaves=31
num_cat=0
split_feature=5 6 6 4 5 5 2 5 4 6 5 2 5 4 4 5 4 5 5 5 4 4 6 2 4 4 4 6 4 5
split_gain=0.558811 2.93676 2.2457 2.63328 2.26976 2.45522 2.15047 2.88943 1.8851 10.6674 2.57094 1.72385 1.68599 1.40073 3.50632 6.76161 8.24951 1.91274 1.82625 2.21846 2.41167 2.39652 1.50352 1.36956 1.25921 1.10728 4.0224 1.91383 0.776277 3.46674
threshold=43.500000000000007 6.5000000000000009 5.5000000000000009 1.0000000180025095e-35 36.500000000000007 33.500000000000007 1.0000000180025095e-35 46.500000000000007 1.5000000000000002 4.5000000000000009 28.500000000000004 1.0000000180025095e-35 35.500000000000007 4.5000000000000009 1.0000000180025095e-35 37.500000000000007 1.5000000000000002 35.500000000000007 32.500000000000007 37.500000000000007 8.5000000000000018 9.5000000000000018 6.5000000000000009 1.5000000000000002 2.5000000000000004 3.5000000000000004 4.5000000000000009 4.5000000000000009 8.5000000000000018 51.500000000000007
decision_type=2 2 2 2 2 2 2 2 2 2 2 2 2 2 2 2 2 2 2 2 2 2 2 2 2 2 2 2 2 2
left_child=2 6 3 4 5 -1 7 -2 9 11 -11 -5 -7 14 17 16 -16 23 -15 21 -21 -20 -19 -4 -17 27 -27 -10 29 -3
right_child=1 28 13 8 -6 12 -8 -9 25 10 -12 -13 -14 18 15 24 -18 22 19 20 -22 -23 -24 -25 -26 26 -28 -29 -30 -31
leaf_value=-0.0045911261000178968 -0.0020790822328189793 -0.001561987621710921 -0.012901733438364971 -0.0014675598060250204 -0.0069383015849780356 0.0045189324534439948 -0.0018230671614162955 -0.021301280025064068 -0.0096554316821541777 0.028728307211814925 0.0085647835563868301 0.0050502214030754096 -0.0034591780473934397 -0.0056765307890131109 0.03571641292805091 -0.0078315830824431023 0.0044568982704178148 0.0023663722025451797 0.018147847216044153 -0.0054574560456055127 0.00048571432503863071 0.0029295559625846664 -0.0013067005053190293 0.00093829210734728608 0.0050581746967509394 0.013031972080352717 -0.00054185441022178398 0.0020658485320624704 0.0006819567474690109 0.00031124177433751953
leaf_weight=288 46 3254 39 383 256 200 1420 34 83 43 25 138 99 124 39 40 46 1631 28 193 1477 340 336 33 36 56 2150 60 3647 10250
leaf_count=288 46 3254 39 383 256 200 1420 34 83 43 25 138 99 124 39 40 46 1631 28 193 1477 340 336 33 36 56 2150 60 3647 10250
internal_value=-1.2108e-12 -0.000150878 0.000345575 -0.000546278 -0.00300963 -0.00129628 -0.00227242 -0.0102485 0.000160533 0.0026898 0.0213152 0.000258839 0.00187735 0.00111864 0.00200686 0.00911049 0.0187995 0.00144595 0.000214806 0.000573258 -0.000201131 0.00408747 0.00173894 -0.00655839 -0.00172591 -0.000473668 -0.000197279 -0.00473741 3.46695e-05 -0.000140142
internal_weight=26794 18651 8143 3781 843 587 1500 80 2938 589 68 521 299 4362 2200 161 85 2039 2162 2038 1670 368 1967 72 76 2349 2206 143 17151 13504
internal_count=26794 18651 8143 3781 843 587 1500 80 2938 589 68 521 299 4362 2200 161 85 2039 2162 2038 1670 368 1967 72 76 2349 2206 143 17151 13504
is_linear=0
shrinkage=0.05


Tree=164
num_leaves=31
num_cat=0
split_feature=5 5 4 5 4 4 0 0 2 4 4 2 0 5 0 5 5 5 4 5 5 5 5 4 4 4 2 4 4 0
split_gain=0.504327 1.35085 1.44797 1.29966 4.04369 3.98429 4.80997 2.94051 3.01636 1.7199 3.85844 5.8212 5.37334 4.74209 3.75686 3.17579 2.83357 2.29669 2.25835 2.69358 1.67755 1.27598 1.26622 1.22719 1.16684 8.48964 1.02672 0.861889 4.98793 7.72051
threshold=43.500000000000007 40.500000000000007 11.500000000000002 51.500000000000007 8.5000000000000018 6.5000000000000009 1.0000000180025095e-35 4.5000000000000009 1.5000000000000002 5.5000000000000009 2.5000000000000004 1.0000000180025095e-35 3.5000000000000004 53.500000000000007 2.5000000000000004 63.500000000000007 64.500000000000014 67.500000000000014 9.5000000000000018 53.500000000000007 47.500000000000007 74.500000000000014 31.500000000000004 10.500000000000002 5.5000000000000009 8.5000000000000018 1.0000000180025095e-35 4.5000000000000009 1.0000000180025095e-35 4.5000000000000009
decision_type=2 2 2 2 2 2 2 2 2 2 2 2 2 2 2 2 2 2 2 2 2 2 2 2 2 2 2 2 2 2
left_child=1 2 27 4 5 7 -7 8 -2 10 11 16 14 -14 -12 18 -5 -13 19 -11 -9 23 -4 -17 -3 -26 -23 28 29 -1
right_child=3 24 22 9 -6 6 -8 20 -10 15 12 17 13 -15 -16 21 -18 -19 -20 -21 -22 26 -24 -25 25 -27 -28 -29 -30 -31
leaf_value=-0.0061711946492733838 -0.0021602922295663111 0.0024257544451104559 -0.0020931102528746397 -0.013166620454437139 0.00096793382020224968 -0.028193497946185454 -0.0019537583063356577 -0.0014826057971296964 -0.0082128601264157466 0.0092289648302873485 0.0043320592173030185 -7.5304873200331468e-05 0.015366860769323207 -0.00051196088926523913 0.017996482410520879 -0.0037391100775355591 -0.0029551805496350471 0.0041544575126548373 -0.00092754824500100325 0.0011533823843350251 0.0013012273458475579 -9.3282084571590757e-05 0.0041702106888187275 -0.00025509278028643795 -0.023377213687510105 0.0010075619193615551 -0.0055337503666401302 -0.00092429569923805862 0.0033570573512782761 0.00095225192812009259
leaf_weight=543 1566 1210 106 115 2262 31 40 1201 237 109 988 3344 49 1163 53 1011 166 355 1589 1960 985 995 338 337 37 1011 95 2719 909 1270
leaf_count=543 1566 1210 106 115 2262 31 40 1201 237 109 988 3344 49 1163 53 1011 166 355 1589 1960 985 995 338 337 37 1011 95 2719 909 1270
internal_value=-1.10828e-11 0.000328297 -7.06087e-05 -0.000143334 -0.000726202 -0.00167008 -0.0134105 -0.00146111 -0.00295589 0.000155546 0.000739571 -0.000196409 0.00239301 0.000130005 0.00502775 -0.000441604 -0.00713424 0.000330633 0.00049008 0.00157882 -0.000228225 -0.00183951 0.00267491 -0.00286811 0.00136796 0.000146649 -0.000567451 -0.000294651 0.000334301 -0.00118125
internal_weight=26794 8143 5885 18651 6322 4060 71 3989 1803 12329 6233 3980 2253 1212 1041 6096 281 3699 3658 2069 2186 2438 444 1348 2258 1048 1090 5441 2722 1813
internal_count=26794 8143 5885 18651 6322 4060 71 3989 1803 12329 6233 3980 2253 1212 1041 6096 281 3699 3658 2069 2186 2438 444 1348 2258 1048 1090 5441 2722 1813
is_linear=0
shrinkage=0.05


Tree=165
num_leaves=22
num_cat=0
split_feature=4 4 3 0 4 0 0 2 2 3 0 2 4 3 4 3 0 3 2 2 2
split_gain=0.453451 0.44833 1.1343 1.23982 0.89955 1.8599 1.27372 1.02188 1.24483 0.757021 0.543016 2.09834 3.88167 1.56504 0.321352 2.08362 0.707836 0.203852 0.165449 0.120028 0.0861163
threshold=13.500000000000002 12.500000000000002 1.0000000180025095e-35 5.5000000000000009 11.500000000000002 4.5000000000000009 1.0000000180025095e-35 1.5000000000000002 1.0000000180025095e-35 1.0000000180025095e-35 6.5000000000000009 1.0000000180025095e-35 5.5000000000000009 1.5000000000000002 5.5000000000000009 2.5000000000000004 3.5000000000000004 1.5000000000000002 1.0000000180025095e-35 1.0000000180025095e-35 1.0000000180025095e-35
decision_type=2 2 2 2 2 2 2 2 2 2 2 2 2 2 2 2 2 2 2 2 2
left_child=1 4 3 -3 10 6 19 8 -7 -8 14 13 -13 -12 15 -1 -16 18 -4 -6 -19
right_child=-2 2 17 -5 5 7 9 -9 -10 -11 11 12 -14 -15 16 -17 -18 20 -20 -21 -22
leaf_value=0.00010719634548208103 0.0062488614613639901 -0.0032968120966106657 -0.0026844317702026193 -0.018026652820408346 -0.0033388965990808275 -0.0016381296239692264 0.0032263793762346421 -0.0045859206727483365 0.004257428425386729 0.0082752924529696202 -0.0027005552460937061 -0.028473896402865653 0.00058848896641629169 0.011585153796924996 -0.00011018829837098534 0.011535199021454902 -0.0016602950002194538 0.0026936500333249571 0.00091733156330883509 0.001039583880143861 -0.0010109915265015194
leaf_weight=13970 29 50 88 20 45 212 150 113 155 147 73 20 27 26 10681 40 791 62 50 24 21
leaf_count=13970 29 50 88 20 45 212 150 113 155 147 73 20 27 26 10681 40 791 62 50 24 21
internal_value=-2.86193e-12 -6.77067e-06 -0.00195863 -0.00750534 1.4684e-05 0.00161883 0.00430362 -0.000428315 0.00085182 0.00572534 -3.82702e-05 -0.00307887 -0.0117785 0.00105125 -2.0849e-05 0.000139824 -0.000217069 -0.000201755 -0.00137945 -0.00181595 0.00175633
internal_weight=26794 26765 291 70 26474 846 366 480 367 297 25628 146 47 99 25482 14010 11472 221 138 69 83
internal_count=26794 26765 291 70 26474 846 366 480 367 297 25628 146 47 99 25482 14010 11472 221 138 69 83
is_linear=0
shrinkage=0.05


Tree=166
num_leaves=31
num_cat=0
split_feature=1 6 6 0 2 0 0 6 6 2 0 0 2 6 6 0 0 0 6 2 6 6 6 0 0 6 0 2 0 2
split_gain=1.89442 4.55278 2.03233 2.47323 2.51312 3.00496 1.25737 5.18368 2.43879 4.25707 1.21762 1.18293 1.60798 2.25507 1.13434 4.54802 1.12937 1.10109 2.92638 1.01828 1.26049 1.00845 0.816083 0.808618 1.83287 0.685803 2.9247 0.724654 0.614495 0.517188
threshold=1.0000000180025095e-35 11.500000000000002 6.5000000000000009 4.5000000000000009 1.5000000000000002 3.5000000000000004 6.5000000000000009 4.5000000000000009 8.5000000000000018 1.0000000180025095e-35 6.5000000000000009 1.0000000180025095e-35 1.0000000180025095e-35 4.5000000000000009 12.500000000000002 5.5000000000000009 2.5000000000000004 2.5000000000000004 15.500000000000002 1.0000000180025095e-35 13.500000000000002 14.500000000000002 3.5000000000000004 5.5000000000000009 4.5000000000000009 10.500000000000002 3.5000000000000004 1.0000000180025095e-35 1.0000000180025095e-35 1.0000000180025095e-35
decision_type=2 2 2 2 2 2 2 2 2 2 2 2 2 2 2 2 2 2 2 2 2 2 2 2 2 2 2 2 2 2
left_child=6 2 11 4 5 -4 14 -8 9 -9 -5 -2 -13 -14 22 28 -6 21 19 -19 -21 -3 23 24 -1 27 -27 -24 -16 -30
right_child=1 17 3 10 16 -7 7 8 -10 -11 -12 12 13 -15 15 -17 -18 18 -20 20 -22 -23 25 -25 -26 26 -28 -29 29 -31
leaf_value=-0.002237171267492536 5.2831741192726636e-05 0.00018394978302046117 0.00060200853334701305 -0.00077467196368136365 0.0054256686990177549 0.011936345747672022 0.015362214691855986 -0.031385712298963753 -0.0010965968444532552 -0.0019943188770081511 0.0092068418805983151 -0.0022644665774091016 0.013987751424105632 0.003510856548475202 0.0026500870563507888 0.015717523922729824 -0.0016326647091773339 -0.0074467931069950232 0.013415635165504433 -0.0040595519027556296 0.0084586186901382792 -0.0050231360153338758 0.00037769683757249629 -0.0097639151645125821 0.0098579656191621762 -0.0023694982964053836 0.002710678862456151 -0.00035824288327976166 -0.0012007371217593976 0.006112831297258918
leaf_weight=616 326 413 2304 2121 495 60 23 28 34 22 31 112 54 1051 220 54 64 238 22 160 23 120 4731 32 33 1254 366 11417 344 26
leaf_count=616 326 413 2304 2121 495 60 23 28 34 22 31 112 54 1051 220 54 64 238 22 160 23 120 4731 32 33 1254 366 11417 344 26
internal_value=3.92724e-12 0.000668505 0.00113865 0.000655519 0.00160261 0.000889682 -0.000264408 -0.00566942 -0.0114281 -0.0184535 -0.000630886 0.00272771 0.00344423 0.00402285 -0.000234117 0.00182864 0.00461756 -0.00251944 -0.00436156 -0.00529054 -0.00248623 -0.000988377 -0.000306122 -0.00200474 -0.00162216 -0.000241019 -0.00122175 -0.000142629 0.000557456 -0.000686811
internal_weight=26794 7594 6618 5075 2923 2364 19200 107 84 50 2152 1543 1217 1105 19093 644 559 976 443 421 183 533 18449 681 649 17768 1620 16148 590 370
internal_count=26794 7594 6618 5075 2923 2364 19200 107 84 50 2152 1543 1217 1105 19093 644 559 976 443 421 183 533 18449 681 649 17768 1620 16148 590 370
is_linear=0
shrinkage=0.05


Tree=167
num_leaves=31
num_cat=0
split_feature=7 7 7 7 2 4 4 3 7 2 7 3 2 2 7 2 2 3 7 4 3 7 7 7 4 4 7 3 7 2
split_gain=0.577365 5.1395 7.38578 4.73506 10.1854 4.87443 4.00559 3.11709 3.85494 6.81211 3.62318 3.06655 3.04445 3.11255 2.97633 2.94795 2.59111 1.9109 1.89382 2.88576 4.24061 1.97239 4.43795 2.45564 1.49272 1.31757 1.17648 1.17794 1.06967 2.15958
threshold=-0.78574690222740162 -0.67195332050323475 -0.65569707751274098 -0.82151058316230763 1.5000000000000002 2.5000000000000004 2.5000000000000004 1.5000000000000002 -0.92555043101310719 1.0000000180025095e-35 -0.86702802777290333 1.0000000180025095e-35 1.5000000000000002 1.0000000180025095e-35 -0.79875186085700978 1.0000000180025095e-35 1.5000000000000002 1.0000000180025095e-35 -0.63293838500976551 1.0000000180025095e-35 1.0000000180025095e-35 -0.48663237690925593 -0.49313485622406 -0.45411992073059076 11.500000000000002 7.5000000000000009 -0.89628919959068287 1.0000000180025095e-35 -0.74022945761680592 1.5000000000000002
decision_type=2 2 2 2 2 2 2 2 2 2 2 2 2 2 2 2 2 2 2 2 2 2 2 2 2 2 2 2 2 2
left_child=3 15 6 7 11 -6 -3 10 9 -9 26 14 13 -12 -5 24 -11 -14 19 20 -4 22 -20 -23 -2 28 -1 -28 29 -17
right_child=1 2 18 4 5 -7 -8 8 -10 16 12 -13 17 -15 -16 25 -18 -19 21 -21 -22 23 -24 -25 -26 -27 27 -29 -30 -31
leaf_value=0.00023155959298505567 -0.0036891892562077068 -0.021287749262316333 -0.011471003093968401 0.0074478460255226024 -0.026796322367154065 -0.0068568366467310436 0.004445787772419863 -0.0073353099847161228 -0.016021993326192554 0.019901108158671341 0.0074074434858214652 0.014949102892148259 -5.6344236839901316e-05 -0.010076745561382269 -0.01234160052508263 0.011609038322164519 0.002292750656539411 0.016560696473885559 -0.0012030344794987146 0.013049602205199854 0.010740741180433404 0.004275080228003679 -0.013834480424663304 2.753110259345292e-05 0.0064551135632209475 0.00053823692173076169 -0.010437374863540754 0.0039201625250279903 0.0092353620258436679 -0.0038034005108855519
leaf_weight=2661 132 62 44 38 65 58 20 291 55 23 70 38 22 40 38 41 228 81 1153 70 42 346 74 20559 50 75 50 20 297 51
leaf_count=2661 132 62 44 38 65 58 20 291 55 23 70 38 22 40 38 41 228 81 1153 70 42 346 74 20559 50 75 50 20 297 51
internal_value=6.62415e-12 9.40356e-05 -3.29337e-05 -0.000572876 -0.007415 -0.017394 -0.0150113 -0.000114931 -0.00340923 -0.00212934 0.000553106 0.00335178 0.00683393 0.00104956 -0.00244688 0.00449079 0.00390627 0.0130114 2.21733e-05 0.00551192 -0.000623407 -1.65218e-05 -0.00196483 9.78326e-05 -0.000902293 0.00660618 6.32422e-05 -0.00633522 0.00777609 0.00306519
internal_weight=26794 23016 22370 3778 237 123 82 3541 597 542 2944 114 213 110 76 646 251 103 22288 156 86 22132 1227 20905 182 464 2731 70 389 92
internal_count=26794 23016 22370 3778 237 123 82 3541 597 542 2944 114 213 110 76 646 251 103 22288 156 86 22132 1227 20905 182 464 2731 70 389 92
is_linear=0
shrinkage=0.05


Tree=168
num_leaves=31
num_cat=0
split_feature=7 7 7 7 2 4 4 4 7 0 2 7 4 4 4 7 0 7 0 0 7 7 4 0 7 4 7 7 7 0
split_gain=0.521072 4.6384 6.66567 4.2734 9.19236 4.39918 3.61505 2.68936 2.09559 3.70114 3.28362 2.35401 4.96683 2.06615 2.02361 5.07338 3.8726 1.96569 1.8326 2.2462 2.49654 1.70917 2.6044 4.5063 1.79393 3.44326 3.00848 1.65761 1.64926 1.57563
threshold=-0.78574690222740162 -0.67195332050323475 -0.65569707751274098 -0.82151058316230763 1.5000000000000002 2.5000000000000004 2.5000000000000004 1.5000000000000002 -0.86702802777290333 4.5000000000000009 1.0000000180025095e-35 -0.92555043101310719 1.5000000000000002 11.500000000000002 1.5000000000000002 -1.3579659461975095 6.5000000000000009 -0.79875186085700978 3.5000000000000004 4.5000000000000009 -0.72722449898719776 -0.63293838500976551 1.0000000180025095e-35 4.5000000000000009 -0.47687864303588862 6.5000000000000009 -0.45411992073059076 -0.74022945761680592 -0.89628919959068287 1.0000000180025095e-35
decision_type=2 2 2 2 2 2 2 2 2 2 2 2 2 2 2 2 2 2 2 2 2 2 2 2 2 2 2 2 2 2
left_child=3 7 6 8 17 -6 -3 18 11 10 -10 14 28 -9 15 -1 -16 -5 -2 -20 -21 22 23 -4 25 -23 -26 -15 -13 -12
right_child=1 2 21 4 5 -7 -8 13 9 -11 29 12 -14 27 16 -17 -18 -19 19 20 -22 24 -24 -25 26 -27 -28 -29 -30 -31
leaf_value=-0.003226015640726566 0.01156535009917526 -0.020223361662506396 -0.014746680088779508 0.0097498088274477878 -0.025456506204074966 -0.0065139948840028262 0.0042234983305388593 -0.0035327446144850306 0.0075038811279777087 0.010161150386556983 -0.0036206313706141839 -0.026120299876978 -0.00013353947147537592 -0.00320077994838357 -0.00046088411749338167 0.0080135555203767212 -0.022544500762596727 -0.0033814212950681781 -0.0087692270761933824 -0.002126668889873794 0.0089593242254026387 -0.0028920983190307142 0.012397122101059983 0.0086625919099718052 0.0052349623774347771 0.0044120159966667257 2.6154544687986874e-05 0.011718663555466965 -0.009398592520376732 -0.019366694125346841
leaf_weight=177 131 62 34 57 65 58 20 150 53 130 47 30 118 29 2681 232 20 57 29 70 185 1103 70 52 281 189 20559 52 29 24
leaf_count=177 131 62 34 57 65 58 20 150 53 130 47 30 118 29 2681 232 20 57 29 70 185 1103 70 52 281 189 20559 52 29 24
internal_value=3.18605e-13 8.93338e-05 -3.1287e-05 -0.000544232 -0.00704425 -0.0165243 -0.0142607 0.00426625 -0.000109184 0.00426648 -0.00191342 -0.000447309 -0.00605608 -5.7852e-05 -0.000128097 0.00314949 -0.000624406 0.00318419 0.00667316 0.00441655 0.00591611 2.10646e-05 0.00523632 -0.000592237 -1.56957e-05 -0.00182362 9.63885e-05 0.00637713 -0.0179012 -0.00894324
internal_weight=26794 23016 22370 3778 237 123 82 646 3541 254 124 3287 177 231 3110 409 2701 114 415 284 255 22288 156 86 22132 1292 20840 81 59 71
internal_count=26794 23016 22370 3778 237 123 82 646 3541 254 124 3287 177 231 3110 409 2701 114 415 284 255 22288 156 86 22132 1292 20840 81 59 71
is_linear=0
shrinkage=0.05


Tree=169
num_leaves=31
num_cat=0
split_feature=6 5 6 6 4 5 5 2 5 4 6 4 4 5 5 5 5 4 4 5 4 5 6 4 6 5 4 5 5 6
split_gain=0.494075 0.421699 2.64426 1.88896 2.25119 2.04603 2.14126 1.79602 2.509 1.53767 9.55303 1.18896 3.08691 6.0165 1.63371 2.41589 1.61826 1.08422 0.729463 2.76054 5.21803 2.19836 1.79987 1.37666 0.854968 0.709085 0.622964 4.79017 0.554615 0.439175
threshold=17.500000000000004 43.500000000000007 6.5000000000000009 5.5000000000000009 1.0000000180025095e-35 36.500000000000007 33.500000000000007 1.0000000180025095e-35 46.500000000000007 1.5000000000000002 4.5000000000000009 4.5000000000000009 1.0000000180025095e-35 37.500000000000007 33.500000000000007 37.500000000000007 35.500000000000007 3.5000000000000004 8.5000000000000018 51.500000000000007 6.5000000000000009 52.500000000000007 9.5000000000000018 12.500000000000002 7.5000000000000009 38.500000000000007 10.500000000000002 51.500000000000007 48.500000000000007 6.5000000000000009
decision_type=2 2 2 2 2 2 2 2 2 2 2 2 2 2 2 2 2 2 2 2 2 2 2 2 2 2 2 2 2 2
left_child=1 3 7 4 5 6 -1 8 -3 10 -6 12 16 -14 29 -16 -5 -11 19 20 -4 23 -21 -20 -23 -7 27 -9 -28 -13
right_child=-2 2 18 11 9 25 -8 26 -10 17 -12 14 13 -15 15 -17 -18 -19 21 22 -22 24 -24 -25 -26 -27 28 -29 -30 -31
leaf_value=-0.0042584093520619919 0.0036779592284461957 -0.0018333709727891762 -0.0011932967609154018 -0.0060739474862606989 0.00010686861891871509 -0.0096186517742117526 0.0017823483285269886 -0.0017251896649545788 -0.019745503185207354 -0.0046688903964912662 0.020033083172850588 -0.0058988840343248963 0.017619608675732333 -0.0017418768106788201 0.0044234877425213797 -0.00022899758768262529 0.0015579821749109289 -0.00017627727843232428 0.0020428913606919635 0.0010685010684870007 -0.02033531643036339 -0.002805387810560063 -0.00028516412334916191 -0.0066215755417943006 -6.263766500076919e-05 -0.0042902552832635374 -0.0018206302112696742 0.015814949138226307 -0.0049603214398534464 0.0013285062850918621
leaf_weight=288 91 46 3218 72 521 108 299 769 34 143 68 132 85 76 335 1670 1967 2206 1864 4154 36 358 6006 47 1377 148 390 41 220 25
leaf_count=288 91 46 3218 72 521 108 299 769 34 143 68 132 85 76 335 1670 1967 2206 1864 4154 36 358 6006 47 1377 148 390 41 220 25
internal_value=2.34313e-12 -1.2534e-05 -0.000144146 0.000287443 -0.000530511 -0.00280815 -0.00118143 -0.00215684 -0.00944603 0.000123012 0.00240735 0.00099645 0.00181478 0.00848003 0.000163738 0.00054835 0.00128849 -0.000449774 3.28202e-05 -0.000137636 -0.00140507 0.000659944 0.000268293 0.00182979 -0.000628577 -0.00653817 -0.00174618 -0.000837355 -0.00295298 -0.00474803
internal_weight=26794 26703 18560 8143 3781 843 587 1500 80 2938 589 4362 2200 161 2162 2005 2039 2349 17060 13414 3254 3646 10160 1911 1735 256 1420 810 610 157
internal_count=26794 26703 18560 8143 3781 843 587 1500 80 2938 589 4362 2200 161 2162 2005 2039 2349 17060 13414 3254 3646 10160 1911 1735 256 1420 810 610 157
is_linear=0
shrinkage=0.05


Tree=170
num_leaves=31
num_cat=0
split_feature=1 7 7 7 7 7 7 7 0 2 7 7 2 7 7 0 7 7 7 0 0 7 2 7 0 0 0 7 7 2
split_gain=1.74306 2.6409 6.0219 3.95389 10.8247 3.20258 6.67509 4.20478 2.05353 2.43795 2.36277 2.02203 2.90004 2.05358 1.97595 1.5129 1.51091 3.10259 2.56947 3.57859 1.96104 1.5908 3.79877 2.66055 1.24669 9.92949 1.31511 1.15219 1.7974 1.67556
threshold=1.0000000180025095e-35 1.0902213454246523 1.0934725999832156 0.8918953835964204 0.87563917040824901 0.36194251477718359 0.16686782985925677 0.58952966332435619 1.0000000180025095e-35 1.5000000000000002 1.5518980622291567 1.7989926934242251 1.0000000180025095e-35 1.3015522360801699 0.96342280507087719 2.5000000000000004 0.80736306309700023 1.6494354605674746 0.55051472783088695 1.5000000000000002 6.5000000000000009 0.44647487998008734 1.5000000000000002 -0.047714328393340104 3.5000000000000004 2.5000000000000004 4.5000000000000009 1.0642113685607912 1.2267736196517947 1.5000000000000002
decision_type=2 2 2 2 2 2 2 2 2 2 2 2 2 2 2 2 2 2 2 2 2 2 2 2 2 2 2 2 2 2
left_child=16 3 -3 4 5 6 -2 -7 11 10 -10 13 -13 -4 -5 -11 18 27 20 -20 21 23 -23 -1 25 -19 -26 -18 -29 -30
right_child=1 2 8 14 -6 7 -8 -9 9 15 -12 12 -14 -15 -16 -17 17 24 19 -21 -22 22 -24 -25 26 -27 -28 28 29 -31
leaf_value=-0.00039249838645039905 0.00036930364665604623 0.013730599525673638 -0.007254024674721922 -0.021784245919143023 0.029418158411863262 -0.0059641198049756169 0.0094775769354900324 0.00090171942680561704 0.0019786160646801383 0.0026651513068539252 0.0099169987674215237 -0.016590295491429666 0.0020374486071837914 0.0047198210737627484 -0.0051660684148236271 -0.0047959515319109481 -0.0013063283567268122 0.00012705318175863634 0.0012936803401444397 0.010393529654247688 -0.0076488186748148029 -0.0015532586142400721 -0.016706741939609249 0.0014390738268473652 -0.0056320969878664515 0.02560188678594736 0.00041235634941316041 -0.007158864316545656 -0.0045872723535074862 0.00024336550323865734
leaf_weight=10561 5357 116 52 27 32 444 209 448 198 164 178 48 37 115 53 116 956 1992 1084 120 88 511 45 2441 178 39 182 277 401 325
leaf_count=10561 5357 116 52 27 32 444 209 448 198 164 178 48 37 115 53 116 956 1992 1084 120 88 511 45 2441 178 39 182 277 401 325
internal_value=2.75387e-13 0.000641243 0.00300304 0.000273132 0.000409315 0.000265574 0.000711314 -0.00251581 0.00163256 0.00310632 0.00573668 -0.00220388 -0.00848175 0.000991438 -0.0107747 -0.000425877 -0.000253625 -0.00107314 -1.35648e-05 0.00220064 -0.000208926 -0.000160637 -0.00277971 -4.86384e-05 0.00013555 0.00061623 -0.00257629 -0.00254837 -0.00373221 -0.0024248
internal_weight=26794 7594 1024 6570 6490 6458 5566 892 908 656 376 252 85 167 80 280 19200 4350 14850 1204 13646 13558 556 13002 2391 2031 360 1959 1003 726
internal_count=26794 7594 1024 6570 6490 6458 5566 892 908 656 376 252 85 167 80 280 19200 4350 14850 1204 13646 13558 556 13002 2391 2031 360 1959 1003 726
is_linear=0
shrinkage=0.05


Tree=171
num_leaves=31
num_cat=0
split_feature=1 6 4 7 6 7 7 7 7 4 4 7 4 7 4 4 6 4 7 7 7 7 7 7 7 7 7 6 6 7
split_gain=1.57311 3.92243 2.04225 2.89235 2.45377 5.92715 2.79808 2.26335 4.1335 6.35844 2.55725 2.4264 3.17889 1.72276 1.62181 3.05346 10.1491 3.87379 3.99266 3.53605 3.14785 2.51627 2.28576 2.26236 9.84946 5.08415 4.64986 9.91605 4.39996 3.60685
threshold=1.0000000180025095e-35 11.500000000000002 6.5000000000000009 1.7989926934242251 6.5000000000000009 -0.23303528130054471 -0.37609004974365229 0.62204208970069896 1.7567265033721926 10.500000000000002 9.5000000000000018 -0.35983382165431971 7.5000000000000009 1.3763308525085451 1.0000000180025095e-35 1.5000000000000002 4.5000000000000009 2.5000000000000004 1.2267736196517947 1.0000000180025095e-35 -0.65569707751274098 -0.94505789875984181 1.0934725999832156 -0.54515478014945973 -0.41835623979568476 -0.43136121332645411 -0.34357759356498713 9.5000000000000018 6.5000000000000009 -0.53865227103233326
decision_type=2 2 2 2 2 2 2 2 2 2 2 2 2 2 2 2 2 2 2 2 2 2 2 2 2 2 2 2 2 2
left_child=14 2 3 4 5 -2 -6 11 9 -9 -10 -4 -13 -3 23 16 20 18 19 -17 21 -16 -22 -1 25 29 27 -26 -28 -25
right_child=1 13 7 -5 6 -7 -8 8 10 -11 -12 12 -14 -15 15 17 -18 -19 -20 -21 22 -23 -24 24 26 -27 28 -29 -30 -31
leaf_value=0.0016108129594291452 0.0009372713760396824 -0.0028969748062845852 0.0017915478672302799 0.012486646651148292 0.0024687770132304941 0.0094836892103807493 -0.00014382333079540038 0.019174730140661848 -0.0081047833633298687 0.0016162472284586152 0.0013719280340841839 -0.014742283029199549 -0.0029677255595142427 0.0057157006758878255 -0.00047629695000350769 -0.0057984160954091596 0.014772273756452646 4.3755240546314357e-05 0.0085398862551135778 -0.024517025665513108 0.0074280582936712032 -0.010775788361206651 -0.0091125946491956711 -0.016324428282678129 0.0056923157195765649 -0.017479477554094049 -0.0031834537881563923 -0.026016312690738303 0.00016404626051495579 -0.0036689956650102079
leaf_weight=780 631 914 219 59 1659 299 2681 69 120 204 175 66 436 62 258 255 151 12007 44 28 161 77 24 64 477 100 1525 26 2755 468
leaf_count=780 631 914 219 59 1659 299 2681 69 120 204 175 66 436 62 258 255 151 12007 44 28 161 77 24 64 477 100 1525 26 2755 468
internal_value=6.14223e-12 0.000609181 0.00104557 0.00147755 0.0013543 0.00368499 0.000854864 -0.00074033 0.00162022 0.00605411 -0.00248301 -0.00259996 -0.00451577 -0.00234986 -0.000240944 7.62214e-05 0.00336097 -0.000102477 -0.00547192 -0.00765043 4.72977e-05 -0.00284364 0.00528224 -0.00090676 -0.0012694 -0.00713576 -0.000494252 0.0040533 -0.0010287 -0.00519145
internal_weight=26794 7594 6618 5329 5270 930 4340 1289 568 273 295 721 502 976 19200 13005 671 12334 327 283 520 335 185 6195 5415 632 4783 503 4280 532
internal_count=26794 7594 6618 5329 5270 930 4340 1289 568 273 295 721 502 976 19200 13005 671 12334 327 283 520 335 185 6195 5415 632 4783 503 4280 532
is_linear=0
shrinkage=0.05


Tree=172
num_leaves=31
num_cat=0
split_feature=1 5 5 2 0 2 0 5 0 5 5 5 5 5 0 5 5 5 0 5 5 2 0 5 0 5 5 0 5 0
split_gain=1.41973 2.31955 4.78877 8.57807 4.07986 3.83652 2.99793 4.38508 2.84707 1.97529 1.8306 2.62748 2.11326 2.12393 1.51883 3.99363 3.15349 1.26425 6.98868 2.98434 7.85239 4.58754 2.57093 2.37772 1.55292 1.19967 1.83028 1.69666 1.08181 1.08079
threshold=1.0000000180025095e-35 70.500000000000014 71.500000000000014 1.5000000000000002 5.5000000000000009 1.0000000180025095e-35 1.0000000180025095e-35 81.500000000000014 4.5000000000000009 73.500000000000014 26.500000000000004 9.5000000000000018 40.500000000000007 35.500000000000007 4.5000000000000009 69.500000000000014 69.500000000000014 71.500000000000014 4.5000000000000009 66.500000000000014 67.500000000000014 1.0000000180025095e-35 4.5000000000000009 73.500000000000014 5.5000000000000009 42.500000000000007 33.500000000000007 6.5000000000000009 60.500000000000007 6.5000000000000009
decision_type=2 2 2 2 2 2 2 2 2 2 2 2 2 2 2 2 2 2 2 2 2 2 2 2 2 2 2 2 2 2
left_child=17 10 3 8 6 -6 9 -8 -3 -4 11 -2 13 -12 16 -16 -14 19 -19 25 21 22 -21 -20 -23 26 -1 28 -27 -28
right_child=1 2 4 -5 5 -7 7 -9 -10 -11 12 -13 14 -15 15 -17 -18 18 23 20 -22 24 -24 -25 -26 27 29 -29 -30 -31
leaf_value=-0.00060628777243931765 0.0029807905330219205 -0.010464441680321188 -0.019269599132239818 0.011341901166763689 -0.020895172926512634 0.0050800457153291935 0.0059005088056437675 -0.0043388240151909117 -0.030419176332174971 -0.0027816674109981069 0.0027953316399013392 0.024195814356207851 0.0015268152722333719 -0.0038275872376074072 0.00065488838856629433 -0.008416013138031397 0.0097563035178098306 7.9012057764956333e-05 0.023506136898483548 -0.01450071159836858 -0.00011759162805127034 -0.0032653453204473225 -0.034417470544576646 0.0081944213228543183 -0.014305754577120145 -0.00070864137782677722 0.00116135000333186 -0.010108833950843015 0.00064998268662737791 -0.010494704195298256
leaf_weight=2846 54 33 20 28 44 21 340 151 39 198 167 20 3068 440 2723 127 121 1198 35 43 533 109 26 92 45 8924 3530 46 1753 20
leaf_count=2846 54 33 20 28 44 21 340 151 39 198 167 20 3068 440 2723 127 121 1198 35 43 533 109 26 92 45 8924 3530 46 1753 20
internal_value=8.59324e-12 0.000578721 -0.00184435 -0.012141 -0.000514029 -0.0125032 0.000585118 0.00275155 -0.0212733 -0.00429432 0.000893865 0.00871458 0.000806785 -0.00200547 0.00108945 0.000250676 0.00183907 -0.000228896 0.00126133 -0.00033936 -0.00341368 -0.0112918 -0.0220056 0.0124142 -0.00649144 -0.000203594 0.000338364 -0.000526858 -0.000485576 0.00109568
internal_weight=26794 7594 874 100 774 65 709 491 72 218 6720 74 6646 607 6039 2850 3189 19200 1325 17875 756 223 69 127 154 17119 6396 10723 10677 3550
internal_count=26794 7594 874 100 774 65 709 491 72 218 6720 74 6646 607 6039 2850 3189 19200 1325 17875 756 223 69 127 154 17119 6396 10723 10677 3550
is_linear=0
shrinkage=0.05


Tree=173
num_leaves=31
num_cat=0
split_feature=7 7 5 7 5 2 4 5 5 2 5 5 7 5 2 2 7 7 7 7 7 4 5 7 7 7 7 4 4 2
split_gain=0.457701 2.71903 2.45841 2.08999 2.80624 3.17642 2.46411 2.92663 2.16131 1.6976 1.47142 4.36745 4.21121 3.7197 8.99234 1.97546 1.12032 4.61355 3.4052 1.02627 1.63841 1.49068 0.859276 4.60778 7.52732 8.11642 4.86407 2.5051 4.06248 3.56811
threshold=-0.41835623979568476 -0.39234627783298487 46.500000000000007 -0.43136121332645411 42.500000000000007 1.5000000000000002 1.0000000180025095e-35 54.500000000000007 50.500000000000007 1.5000000000000002 71.500000000000014 73.500000000000014 -1.1336300969123838 70.500000000000014 1.0000000180025095e-35 1.0000000180025095e-35 -0.78574690222740162 -0.67195332050323475 -0.82151058316230763 -0.40535125136375422 -0.41185374557971949 4.5000000000000009 62.500000000000007 -0.36958755552768702 -0.18101536482572553 -0.30131141841411585 -0.16801038384437558 1.0000000180025095e-35 1.5000000000000002 1.0000000180025095e-35
decision_type=2 2 2 2 2 2 2 2 2 2 2 2 2 2 2 2 2 2 2 2 2 2 2 2 2 2 2 2 2 2
left_child=3 2 -2 10 5 -5 7 8 -6 -9 13 -12 15 16 -15 -13 18 -18 -1 20 -4 -22 27 -24 25 -25 -26 -3 29 -29
right_child=1 22 19 4 6 -7 -8 9 -10 -11 11 12 -14 14 -16 -17 17 -19 -20 -21 21 -23 23 24 26 -27 -28 28 -30 -31
leaf_value=-0.00044875119924462378 0.0075322174865818702 -0.00059780816288693953 0.001857832019102235 -0.0052333378524053844 -0.0094629234924834132 0.017413079347461464 -0.00031885762931779029 0.011926826941115517 -0.023625860703113077 -0.0071866561748230688 0.010674854704325111 -0.00079081444232111889 -0.01834088646614089 -0.023661125940727255 0.011604847759008408 0.0057068238778800306 0.0042009049076779477 -0.00053027439945026254 -0.0066910862331995783 0.0036997302378881445 -0.018522558780387045 -0.0019245343568224098 -0.022948654911116417 -0.0076432997166220821 -0.018911462485496151 0.012378578960382636 -0.00092614040859920449 0.0017571757633603462 0.0005783540736961746 0.016345087036187308
leaf_weight=2794 232 5924 87 32 107 30 120 21 36 26 121 380 29 51 28 169 641 2627 237 133 24 31 23 67 38 207 3507 92 8903 77
leaf_count=2794 232 5924 87 32 107 30 120 21 36 26 121 380 29 51 28 169 641 2627 237 133 24 31 23 67 38 207 3507 92 8903 77
internal_value=6.66635e-12 0.000128235 0.00374155 -0.000333025 -0.003986 0.00572461 -0.00592812 -0.00947081 -0.0130284 0.00135341 -0.000141008 0.00203679 0.000228474 -0.000379685 -0.0111618 0.00120937 -0.000244459 0.00039772 -0.000936852 0.000543613 -0.00241247 -0.00916731 3.09873e-05 -0.00063617 -0.000501792 0.00748272 -0.00111893 0.000201914 0.000724131 0.00840374
internal_weight=26794 19345 507 7449 372 62 310 190 143 47 7077 699 578 6378 79 549 6299 3268 3031 275 142 55 18838 3842 3819 274 3545 14996 9072 169
internal_count=26794 19345 507 7449 372 62 310 190 143 47 7077 699 578 6378 79 549 6299 3268 3031 275 142 55 18838 3842 3819 274 3545 14996 9072 169
is_linear=0
shrinkage=0.05


Tree=174
num_leaves=31
num_cat=0
split_feature=1 3 0 3 0 2 3 0 0 3 2 2 3 3 0 0 2 2 0 0 0 2 0 2 2 2 0 0 0 0
split_gain=1.35833 6.83552 4.35272 2.82296 2.65653 3.4671 2.71367 2.31214 2.06872 3.02056 3.47914 1.73016 2.87832 2.83309 1.4492 5.16051 3.9146 3.47664 1.81926 2.14558 1.26026 7.08449 2.99376 1.18812 1.29443 1.1426 5.50704 3.08918 0.945613 0.70437
threshold=1.0000000180025095e-35 1.0000000180025095e-35 1.0000000180025095e-35 1.0000000180025095e-35 1.0000000180025095e-35 1.5000000000000002 1.5000000000000002 6.5000000000000009 4.5000000000000009 1.5000000000000002 1.5000000000000002 1.0000000180025095e-35 1.5000000000000002 1.5000000000000002 4.5000000000000009 5.5000000000000009 1.0000000180025095e-35 1.5000000000000002 3.5000000000000004 1.0000000180025095e-35 3.5000000000000004 1.0000000180025095e-35 1.5000000000000002 1.5000000000000002 1.0000000180025095e-35 1.0000000180025095e-35 5.5000000000000009 3.5000000000000004 6.5000000000000009 1.0000000180025095e-35
decision_type=2 2 2 2 2 2 2 2 2 2 2 2 2 2 2 2 2 2 2 2 2 2 2 2 2 2 2 2 2 2
left_child=3 2 23 14 5 6 -3 25 11 10 -10 12 -6 -13 17 16 -16 20 19 -19 22 -22 -1 24 -2 26 27 -5 -11 -27
right_child=1 4 -4 7 8 -7 -8 -9 9 28 -12 13 -14 -15 15 -17 -18 18 -20 -21 21 -23 -24 -25 -26 29 -28 -29 -30 -31
leaf_value=-0.00081476372495320514 0.0069458033007799421 -0.0053545754787977179 0.0014454315705697189 0.0014037498927095644 -0.0016643604431685406 0.0017104651109851451 0.00062090282948695037 -0.011394675196858035 0.0027144917370327121 -0.0046680157394309958 -0.0017644166675537842 0.0052799755133992312 0.0055857324116543334 -0.0022070747305756909 0.00053044532110793987 -0.00078699673687204091 0.012273510569216814 -0.0013677546973255639 0.0076037189875054981 -0.0073550746874345187 0.0015292665666081276 -0.008191007854024759 0.00580307582096002 0.011246478174604019 0.0018752441306291571 -0.00044174965736264789 0.0097157096041325299 -0.0040446926434021041 0.0055059642104121551 0.00048460554300544197
leaf_weight=4953 385 763 1819 1840 582 384 253 42 786 472 967 529 179 166 139 1602 145 234 29 415 424 336 177 98 187 3590 181 303 24 4790
leaf_count=4953 385 763 1819 1840 582 384 253 42 786 472 967 529 179 166 139 1602 145 234 29 415 424 336 177 98 187 3590 181 303 24 4790
internal_value=-7.88153e-12 0.000566069 0.00271442 -0.000223892 -0.000481386 -0.00233688 -0.00386659 0.000313857 0.000219746 -0.000730885 0.00024381 0.00168813 4.09833e-05 0.0034917 -0.000907432 0.000314222 0.00652602 -0.00125823 -0.00464882 -0.00519632 -0.000867937 -0.00276812 -0.000586429 0.00615964 0.00528812 0.000359798 0.00134075 0.000633391 -0.00417573 8.77541e-05
internal_weight=26794 7594 2489 19200 5105 1400 1016 10746 3705 2249 1753 1456 761 695 8454 1886 284 6568 678 649 5890 760 5130 670 572 10704 2324 2143 496 8380
internal_count=26794 7594 2489 19200 5105 1400 1016 10746 3705 2249 1753 1456 761 695 8454 1886 284 6568 678 649 5890 760 5130 670 572 10704 2324 2143 496 8380
is_linear=0
shrinkage=0.05


Tree=175
num_leaves=31
num_cat=0
split_feature=1 7 7 4 7 7 7 5 5 7 4 7 5 7 5 7 7 4 5 4 7 7 4 5 4 5 5 7 4 7
split_gain=1.22589 2.11096 5.25854 4.97555 5.39906 11.7121 4.45921 3.07833 3.0673 9.76402 4.93998 3.30326 10.8359 2.86583 2.76752 2.72593 2.55916 2.24179 2.07354 1.90102 1.50381 1.43845 1.3947 2.82344 2.58052 6.83695 8.33366 4.14095 3.43297 3.60662
threshold=1.0000000180025095e-35 1.0902213454246523 1.0934725999832156 5.5000000000000009 0.58952966332435619 0.72283068299293529 0.55051472783088695 45.500000000000007 63.500000000000007 0.010808077175170185 10.500000000000002 0.87563917040824901 53.500000000000007 0.86588546633720409 37.500000000000007 -0.48663237690925593 1.2527835965156557 6.5000000000000009 53.500000000000007 10.500000000000002 1.1780049204826357 1.6851991415023806 1.0000000180025095e-35 29.500000000000004 1.5000000000000002 25.500000000000004 38.500000000000007 -0.65569707751274098 2.5000000000000004 1.2267736196517947
decision_type=2 2 2 2 2 2 2 2 2 2 2 2 2 2 2 2 2 2 2 2 2 2 2 2 2 2 2 2 2 2
left_child=22 3 -3 4 6 18 15 14 11 19 -11 -5 -13 -7 -4 -2 20 -16 -6 -10 -9 -18 23 -1 25 27 -27 -24 29 -26
right_child=1 2 7 8 5 13 -8 16 9 10 -12 12 -14 -15 17 -17 21 -19 -20 -21 -22 -23 24 -25 28 26 -28 -29 -30 -31
leaf_value=-0.010282938714879446 -0.00062678414802963707 0.012673937092567311 0.011842179512255826 -0.0013398218680420542 0.036663589330220764 0.0081022337765285848 -0.018184777890001575 0.0026937804688947301 0.0044777192108096239 -0.015580091421863163 0.0017602283662805957 0.029854871719285393 -0.013305539422883437 -0.01131638290305426 0.00099521413873377698 0.0018050096883748354 0.0065238015543131736 -0.010087760618949962 0.016565430323992457 -0.0041551341832901292 -0.010241915442747995 0.0016122379448008147 -0.0032133994361273257 -0.00070960011757529261 -0.007208087584676383 0.018207035280808106 -0.0072598685473907569 0.0062844978995343906 5.4806019300088048e-05 0.0081796494333750813
leaf_weight=78 1911 116 25 1000 33 38 31 39 173 211 51 33 26 38 74 2903 315 119 21 101 53 283 323 6117 283 127 43 178 12007 44
leaf_count=78 1911 116 25 1000 33 38 31 39 173 211 51 33 26 38 74 2903 315 119 21 101 53 283 323 6117 283 127 43 178 12007 44
internal_value=-1.5375e-12 0.000537765 0.00264935 0.000208654 0.000987752 0.0110433 0.000717942 0.00136867 -0.00222145 -0.00530345 -0.0122047 -0.000661525 0.010835 -0.00160707 -0.00381075 0.000839667 0.00300507 -0.00583833 0.0288476 0.00129554 -0.00475831 0.00419943 -0.000212697 -0.000830136 8.14228e-05 0.00310109 0.0117654 0.000161103 -8.28546e-05 -0.00513757
internal_weight=26794 7594 1024 6570 4975 130 4845 908 1595 536 262 1059 59 76 218 4814 690 193 54 274 92 598 19200 6195 13005 671 170 501 12334 327
internal_count=26794 7594 1024 6570 4975 130 4845 908 1595 536 262 1059 59 76 218 4814 690 193 54 274 92 598 19200 6195 13005 671 170 501 12334 327
is_linear=0
shrinkage=0.05


Tree=176
num_leaves=31
num_cat=0
split_feature=1 5 5 0 0 5 4 0 5 4 5 4 5 5 4 0 5 5 5 0 5 4 5 5 0 0 5 0 5 5
split_gain=1.10637 1.99387 3.9396 3.64291 2.71652 3.87701 2.06841 5.37609 5.11837 3.19218 2.93459 2.90551 1.64664 1.46446 1.25871 3.90007 9.07223 6.01706 4.21592 3.76471 7.97754 3.26781 3.21703 2.81652 2.77924 7.3792 4.87885 4.48639 2.35824 2.16272
threshold=1.0000000180025095e-35 70.500000000000014 71.500000000000014 5.5000000000000009 1.0000000180025095e-35 81.500000000000014 6.5000000000000009 2.5000000000000004 20.500000000000004 10.500000000000002 48.500000000000007 10.500000000000002 73.500000000000014 75.500000000000014 1.0000000180025095e-35 1.0000000180025095e-35 60.500000000000007 34.500000000000007 53.500000000000007 5.5000000000000009 55.500000000000007 9.5000000000000018 47.500000000000007 52.500000000000007 1.5000000000000002 4.5000000000000009 62.500000000000007 5.5000000000000009 59.500000000000007 68.500000000000014
decision_type=2 2 2 2 2 2 2 2 2 2 2 2 2 2 2 2 2 2 2 2 2 2 2 2 2 2 2 2 2 2
left_child=14 6 -3 4 12 -6 -2 10 -9 -10 -8 -12 -4 -5 15 16 17 -1 -19 22 21 23 -16 -21 -17 26 -26 -27 -22 -30
right_child=1 2 3 13 5 -7 7 8 9 -11 11 -13 -14 -15 19 24 -18 18 -20 20 28 -23 -24 -25 25 27 -28 -29 29 -31
leaf_value=-0.028836057406357109 0.001219510621572913 -0.011074881659063977 -0.017808023113757371 -0.019479385875456501 0.0055327537813333466 -0.0040951358670960891 -0.0014708725343918914 0.010823582005328857 -0.015649969414716549 -0.004885053787960337 0.012497031473938158 0.0020091316519962698 -0.0027541013157013992 -0.0044675710526379669 0.00077462467777112028 0.0013307777584376712 0.0040511152261431425 -0.0038072118764855612 -0.015500081903800103 -0.0028526615290468695 0.021059494375668723 0.0034926570362522795 -0.00083791480701644677 -0.021476548254489899 -0.0096590569464991387 0.011235474144327053 0.010493555935946378 -0.00067021398211216613 0.0027815186043283835 0.016160770366815003
leaf_weight=34 5484 100 20 32 340 151 502 39 102 212 85 296 198 33 5701 1686 209 290 105 108 58 230 6761 25 334 81 33 3423 67 55
leaf_count=34 5484 100 20 32 340 151 502 39 102 212 85 296 198 33 5701 1686 209 290 105 108 58 230 6761 25 334 81 33 3423 67 55
internal_value=-4.60354e-12 0.000510877 -0.00173565 -0.000529034 0.000509589 0.00257183 0.00080306 -0.00104469 -0.00626008 -0.00838194 0.00104029 0.00434895 -0.0041352 -0.011858 -0.000202063 -0.000788629 -0.00449113 -0.00865274 -0.00691544 7.73516e-05 0.00415279 -0.000114849 -0.000100225 -0.00635339 -0.000363544 -0.0011015 -0.00784697 -0.000394997 0.0127592 0.00881315
internal_weight=26794 7594 874 774 709 491 6720 1236 353 314 883 381 218 65 19200 6195 638 429 395 13005 543 363 12462 133 5557 3871 367 3504 180 122
internal_count=26794 7594 874 774 709 491 6720 1236 353 314 883 381 218 65 19200 6195 638 429 395 13005 543 363 12462 133 5557 3871 367 3504 180 122
is_linear=0
shrinkage=0.05


Tree=177
num_leaves=17
num_cat=0
split_feature=6 4 4 6 6 4 0 0 2 6 4 6 6 4 2 6
split_gain=0.509034 0.436484 0.409605 1.32034 0.791696 0.686178 1.74765 1.1033 0.952269 0.407095 1.52918 0.351847 0.289779 0.129735 0.111088 0.103603
threshold=17.500000000000004 13.500000000000002 12.500000000000002 9.5000000000000018 15.500000000000002 11.500000000000002 4.5000000000000009 1.0000000180025095e-35 1.5000000000000002 5.5000000000000009 1.0000000180025095e-35 10.500000000000002 11.500000000000002 5.5000000000000009 1.0000000180025095e-35 8.5000000000000018
decision_type=2 2 2 2 2 2 2 2 2 2 2 2 2 2 2 2
left_child=1 2 5 14 12 9 7 -7 -8 10 -1 -11 -5 -2 15 -4
right_child=13 -3 3 4 -6 6 8 -9 -10 11 -12 -13 -14 -15 -16 -17
leaf_value=-0.0023901539468489641 0.00729028967092745 0.0061181093726692531 -0.0040442125632976873 -0.00028804188671832285 -0.0083096457625050912 -0.001690844525380627 0.00065346389024947306 0.0053278178277641839 -0.0045957975748893432 0.00012581430726672771 2.9102042687402665e-05 -0.00041330862414722829 0.0038005468308854895 0.0027312337932452351 -0.0092167452792637061 -0.0084002332766041424
leaf_weight=851 20 29 39 96 23 69 367 297 113 18249 2810 3628 79 71 32 21
leaf_count=851 20 29 39 96 23 69 367 297 113 18249 2810 3628 79 71 32 21
internal_value=-2.49118e-12 -1.27223e-05 -1.93877e-05 -0.00188826 0.000411461 1.154e-06 0.00140212 0.00400463 -0.0005823 -4.52558e-05 -0.000533254 3.64082e-05 0.00155766 0.00373322 -0.00683766 -0.00556882
internal_weight=26794 26703 26674 290 198 26384 846 366 480 25538 3661 21877 175 91 92 60
internal_count=26794 26703 26674 290 198 26384 846 366 480 25538 3661 21877 175 91 92 60
is_linear=0
shrinkage=0.05


Tree=178
num_leaves=18
num_cat=0
split_feature=6 4 0 4 3 6 4 3 3 6 0 3 4 3 4 0 6
split_gain=0.459492 0.393736 0.386902 2.34379 3.83486 4.19295 3.29928 4.24171 1.53048 1.05955 4.16018 5.96358 2.28758 1.40847 2.41587 2.0228 0.418118
threshold=18.500000000000004 13.500000000000002 1.0000000180025095e-35 1.0000000180025095e-35 1.0000000180025095e-35 6.5000000000000009 5.5000000000000009 1.0000000180025095e-35 1.5000000000000002 11.500000000000002 5.5000000000000009 1.5000000000000002 1.5000000000000002 1.0000000180025095e-35 12.500000000000002 2.5000000000000004 6.5000000000000009
decision_type=2 2 2 2 2 2 2 2 2 2 2 2 2 2 2 2 2
left_child=1 2 3 4 5 -1 7 -5 -6 13 12 -12 -11 14 -4 -15 -8
right_child=-2 -3 9 6 8 -7 16 -9 -10 10 11 -13 -14 15 -16 -17 -18
leaf_value=-0.010227235256501571 0.0040170154835976347 0.0058122037749352125 -0.00022340681653986797 0.00014008478809066199 -0.002920472128338571 0.004387508116587782 -0.00084901279021068823 0.0063151437122529993 -0.0082213115659226198 0.0090652004660417632 0.013517182764931107 -0.0041468348482559467 -0.0028258845344384365 0.0014630445214608423 -0.011146783145765464 -3.8030567109243734e-05 -5.3428515020341909e-05
leaf_weight=58 71 29 6747 728 854 319 2701 450 162 42 106 87 1093 4129 51 4917 4250
leaf_count=58 71 29 6747 728 854 319 2701 450 162 42 106 87 1093 4129 51 4917 4250
internal_value=-1.46818e-11 -1.06728e-05 -1.69987e-05 -0.000272627 -0.00216762 0.00213909 5.21026e-05 0.00249898 -0.00376568 0.000124749 -0.00123186 0.00555465 -0.00238586 0.000238456 -0.000305356 0.000647127 -0.000362574
internal_weight=26794 26723 26694 9522 1393 377 8129 1178 1016 17172 1328 193 1135 15844 6798 9046 6951
internal_count=26794 26723 26694 9522 1393 377 8129 1178 1016 17172 1328 193 1135 15844 6798 9046 6951
is_linear=0
shrinkage=0.05


Tree=179
num_leaves=28
num_cat=0
split_feature=6 7 7 7 7 4 6 4 0 6 4 7 4 7 6 0 6 7 4 6 7 4 7 6 7 6 4
split_gain=0.423558 0.438523 3.80531 5.46946 3.30296 2.99639 2.68466 3.05395 3.2829 2.51399 2.43163 2.77048 2.13556 2.02179 5.70168 2.80948 2.02572 4.57523 4.48814 1.78076 1.48131 2.17109 1.45387 0.968855 0.88969 0.678731 0.129988
threshold=17.500000000000004 -0.78574690222740162 -0.67195332050323475 -0.65569707751274098 -0.82151058316230763 2.5000000000000004 3.5000000000000004 1.5000000000000002 3.5000000000000004 6.5000000000000009 1.0000000180025095e-35 -0.79875186085700978 6.5000000000000009 -0.86702802777290333 7.5000000000000009 4.5000000000000009 8.5000000000000018 -2.0927473306655879 1.0000000180025095e-35 5.5000000000000009 -0.63293838500976551 1.0000000180025095e-35 -0.47687864303588862 11.500000000000002 -0.83776679635047901 7.5000000000000009 5.5000000000000009
decision_type=2 2 2 2 2 2 2 2 2 2 2 2 2 2 2 2 2 2 2 2 2 2 2 2 2 2 2
left_child=1 4 6 5 13 23 -3 8 -8 -9 11 25 -12 16 15 -15 17 -1 -18 -14 21 -5 -22 -4 -16 -6 -2
right_child=26 2 3 20 10 -7 7 9 -10 -11 12 -13 19 14 24 -17 18 -19 -20 -21 22 -23 -24 -25 -26 -27 -28
leaf_value=-0.0078572976395856059 0.0069659300195053222 -0.0090395974468648142 -0.023846897537420905 -0.00045812019325662838 -0.02079085867609019 0.0038997507392195987 0.014452297308710976 0.010620249487163331 0.0043608191234154881 -0.0027496648361972935 0.012652466513893821 0.00019608485745266081 0.0055803004892603049 -0.0052369615941175399 0.013625308986881685 0.0065035247453253233 -0.022395798726661489 -0.00051766761569956997 0.00084758833551591651 -0.008694530101776175 -0.0016539955360601755 0.01140156031719276 7.5290797421061954e-05 -0.011240836032838734 0.027138743585064296 -0.01112398671762397 0.0024024210922734841
leaf_weight=263 20 38 35 86 46 20 114 44 275 175 22 34 31 105 29 99 21 1102 1885 74 1291 70 20766 27 21 30 71
leaf_count=263 20 38 35 86 46 20 114 44 275 175 22 34 31 105 29 99 21 1102 1885 74 1291 70 20766 27 21 30 71
internal_value=-3.90724e-12 -1.16051e-05 7.0447e-05 -3.91683e-05 -0.000511966 -0.0129286 0.00385353 0.00465935 0.00731822 -6.3472e-05 -0.00622567 -0.0116676 -0.00151222 -0.00012781 0.00416935 0.000460627 -0.000461494 -0.00193182 0.000591496 -0.00448006 8.4136e-06 0.00486353 -2.59246e-05 -0.0183572 0.019301 -0.016975 0.00340539
internal_weight=26794 26703 22941 22295 3762 82 646 608 389 219 237 110 127 3525 254 204 3271 1365 1906 105 22213 156 22057 62 50 76 91
internal_count=26794 26703 22941 22295 3762 82 646 608 389 219 237 110 127 3525 254 204 3271 1365 1906 105 22213 156 22057 62 50 76 91
is_linear=0
shrinkage=0.05


Tree=180
num_leaves=31
num_cat=0
split_feature=7 7 0 7 7 7 4 4 7 0 0 7 2 7 4 7 7 7 0 0 0 0 4 7 7 7 2 7 4 4
split_gain=0.380832 3.51239 3.56819 3.57841 4.8936 2.90311 2.74409 2.49767 9.23216 8.20533 3.94024 1.94787 2.38879 2.29714 1.38298 1.30313 5.27717 4.3507 5.455 4.74807 3.54336 3.16238 6.27705 12.8837 4.87908 4.53132 4.22 3.75073 3.02927 2.31162
threshold=0.41071118414402014 0.50174602866172802 1.0000000180025095e-35 0.48874105513095861 0.47248482704162603 0.46598234772682195 11.500000000000002 5.5000000000000009 0.8301217555999757 1.0000000180025095e-35 4.5000000000000009 0.46598234772682195 1.0000000180025095e-35 0.49199229478836065 1.0000000180025095e-35 -0.15825664997100827 -0.16475913673639295 -0.16801038384437558 1.0000000180025095e-35 5.5000000000000009 4.5000000000000009 1.0000000180025095e-35 1.0000000180025095e-35 0.30992259085178381 -0.047714328393340104 0.088837951421737685 1.0000000180025095e-35 -0.14525166898965833 8.5000000000000018 12.500000000000002
decision_type=2 2 2 2 2 2 2 2 2 2 2 2 2 2 2 2 2 2 2 2 2 2 2 2 2 2 2 2 2 2
left_child=15 2 11 4 5 -4 7 8 9 -3 -10 14 -13 -14 -2 16 17 -1 -19 -20 -18 22 23 25 26 -17 -24 -23 -26 -29
right_child=1 6 3 -5 -6 -7 -8 -9 10 -11 -12 12 13 -15 -16 21 20 18 19 -21 -22 27 24 -25 28 -27 -28 29 -30 -31
leaf_value=-0.00010141493700006486 -0.008420185504421111 0.019139889037132124 -0.0033456992989387489 -0.013256680012025216 0.0077963661032486448 -0.015916744686987703 0.0083829334622594655 -0.00063163656933082097 -0.0020927885740970433 0.0038867533272002154 0.0047673817796465949 -0.002640370786486363 0.024273630335927013 0.0044293539086356767 0.0012413875918592448 -0.0072887510501678634 0.0020273887428394971 -0.012487733832870921 0.014743368248455228 -0.0056162573914561005 -0.012225277495822319 0.0097707594135146361 -0.01954908433431031 0.012048086283755477 0.0014558205611098318 -0.021027629629540398 -0.0022776631518948848 0.0017572792098431711 0.011629320074513809 -0.0036011366977266243
leaf_weight=13618 62 107 151 135 73 66 97 5489 1128 501 257 44 25 35 92 166 62 30 140 36 147 139 46 69 757 94 153 2777 81 217
leaf_count=13618 62 107 151 135 73 66 97 5489 1128 501 257 44 25 35 92 166 62 30 140 36 147 139 46 69 757 94 153 2777 81 217
internal_value=-7.07091e-12 -0.000282317 -0.00371651 -0.00653229 -0.00340197 -0.00716915 2.71638e-05 -8.11641e-05 0.00143491 0.0065711 -0.000819818 0.000921891 0.00620858 0.0126978 -0.00264834 0.000125863 -0.000111539 7.68125e-06 0.00721968 0.0105789 -0.00799721 0.000866355 -0.00114123 -0.0071587 0.000767879 -0.0122559 -0.00627005 0.00174167 0.00243918 0.00136891
internal_weight=26794 8262 683 425 290 217 7579 7482 1993 608 1385 258 104 60 154 18532 14033 13824 206 176 209 4499 1366 329 1037 260 199 3133 838 2994
internal_count=26794 8262 683 425 290 217 7579 7482 1993 608 1385 258 104 60 154 18532 14033 13824 206 176 209 4499 1366 329 1037 260 199 3133 838 2994
is_linear=0
shrinkage=0.05


Tree=181
num_leaves=31
num_cat=0
split_feature=1 6 6 4 0 4 4 6 4 4 0 4 0 6 4 0 0 6 4 6 0 0 6 6 4 6 0 4 6 4
split_gain=1.00724 2.70415 1.82045 3.01238 1.88264 1.85345 5.1284 1.93395 1.84246 2.12862 1.63322 1.11016 3.29104 8.88453 4.3177 3.96483 3.10968 5.74727 3.00011 2.75212 2.33158 6.53195 5.97235 4.28141 2.185 11.9912 3.08154 2.53092 1.85145 1.81423
threshold=1.0000000180025095e-35 11.500000000000002 6.5000000000000009 10.500000000000002 4.5000000000000009 4.5000000000000009 5.5000000000000009 10.500000000000002 6.5000000000000009 10.500000000000002 5.5000000000000009 1.0000000180025095e-35 5.5000000000000009 9.5000000000000018 9.5000000000000018 6.5000000000000009 1.0000000180025095e-35 7.5000000000000009 1.5000000000000002 13.500000000000002 1.5000000000000002 4.5000000000000009 9.5000000000000018 7.5000000000000009 1.5000000000000002 4.5000000000000009 2.5000000000000004 2.5000000000000004 7.5000000000000009 4.5000000000000009
decision_type=2 2 2 2 2 2 2 2 2 2 2 2 2 2 2 2 2 2 2 2 2 2 2 2 2 2 2 2 2 2
left_child=11 2 3 -2 5 7 -7 -4 -6 -10 -5 16 24 14 18 19 17 -1 -14 -15 28 23 -23 -22 25 -13 -27 -26 -18 -29
right_child=1 -3 4 10 8 6 -8 -9 9 -11 -12 12 13 15 -16 -17 20 -19 -20 -21 21 22 -24 -25 27 26 -28 29 -30 -31
leaf_value=-0.010370344301361753 0.0035370777963986016 -0.0019694518919945426 9.9236761473870148e-06 -0.00033341852772055967 -0.00026023207347339327 0.0064835606500374399 0.00051534571305015371 -0.013063733254013391 -0.015944589554381213 -0.0028034811015269418 -0.01002853867762229 -0.00086850263826255235 0.0072615291744184034 0.021435277361650858 0.0034542877175016869 -0.0063667017789114091 -0.00070603932964293198 -0.00048670226875829566 -0.011823336986443875 0.0057309631067208756 -0.011506013450632274 0.00017563499937788007 -0.0081096336806156365 -0.00030684388604842956 -0.0045954543750081787 0.0088877859501192338 0.023734413742931795 0.0037358479187320419 0.0026374105162810689 -0.00023000613028722658
leaf_weight=230 1199 976 1151 293 1951 508 1235 29 38 163 51 504 26 98 260 21 731 408 99 39 232 3271 233 135 326 77 64 296 955 11195
leaf_count=230 1199 976 1151 293 1951 508 1235 29 38 163 51 504 26 98 260 21 731 408 99 39 232 3271 233 135 326 77 64 296 955 11195
internal_value=9.66716e-12 0.000487454 0.00084979 0.00235373 0.000392532 0.00121884 0.00225479 -0.000311378 -0.000729821 -0.00528787 -0.00177078 -0.000192798 6.96101e-05 0.00388005 -0.000217132 0.0138637 -0.000743665 -0.00404977 -0.00785368 0.0169647 -0.00036409 -0.00104001 -0.000375298 -0.00738643 -9.64202e-05 0.00273742 0.0156267 -0.000251098 0.00118779 -0.000127849
internal_weight=26794 7594 6618 1543 5075 2923 1743 1180 2152 201 344 19200 13005 543 385 158 6195 638 125 137 5557 3871 3504 367 12462 645 141 11817 1686 11491
internal_count=26794 7594 6618 1543 5075 2923 1743 1180 2152 201 344 19200 13005 543 385 158 6195 638 125 137 5557 3871 3504 367 12462 645 141 11817 1686 11491
is_linear=0
shrinkage=0.05


Tree=182
num_leaves=31
num_cat=0
split_feature=1 3 0 3 0 2 3 0 0 3 2 2 3 3 0 0 2 2 0 0 2 2 0 0 2 0 2 0 0 2
split_gain=0.909036 5.70829 3.60774 2.33914 2.22292 3.05066 2.47131 1.90126 1.69006 2.1603 3.11748 1.4063 2.49607 2.32306 1.32602 4.41333 3.44468 3.24902 1.69225 2.03357 1.15727 1.01177 0.845364 0.831681 5.87676 2.53903 0.808339 4.04527 2.71591 0.609702
threshold=1.0000000180025095e-35 1.0000000180025095e-35 1.0000000180025095e-35 1.0000000180025095e-35 1.0000000180025095e-35 1.5000000000000002 1.5000000000000002 6.5000000000000009 4.5000000000000009 1.5000000000000002 1.5000000000000002 1.0000000180025095e-35 1.5000000000000002 1.5000000000000002 4.5000000000000009 5.5000000000000009 1.0000000180025095e-35 1.5000000000000002 3.5000000000000004 1.0000000180025095e-35 1.5000000000000002 1.0000000180025095e-35 6.5000000000000009 3.5000000000000004 1.0000000180025095e-35 1.5000000000000002 1.0000000180025095e-35 5.5000000000000009 3.5000000000000004 1.0000000180025095e-35
decision_type=2 2 2 2 2 2 2 2 2 2 2 2 2 2 2 2 2 2 2 2 2 2 2 2 2 2 2 2 2 2
left_child=3 2 20 14 5 6 29 26 11 10 -10 12 -6 -13 17 16 -16 23 19 -19 21 -2 -11 25 -25 -1 27 28 -5 -3
right_child=1 4 -4 7 8 -7 -8 -9 9 22 -12 13 -14 -15 15 -17 -18 18 -20 -21 -22 -23 -24 24 -26 -27 -28 -29 -30 -31
leaf_value=-0.00074522475562991829 0.0061683100095478362 -0.0063647383950107429 0.0012710161321338753 0.0012891540359598131 -0.0015986243982981777 0.0016050626759958203 0.00065607546871020031 -0.010310993882428322 0.0024510467534655761 -0.0040907343030439584 -0.0017886806982609802 0.0047198145676515153 0.0051529072456623758 -0.0020598911696410997 0.00048352359340144254 -0.00065517207704567017 0.011499221692311353 -0.0012193978210895235 0.0073984281673770526 -0.0070483443181939337 0.010583237851067085 0.001685426480362172 0.0055288461526894631 0.0016067249918568503 -0.0072463331214662283 0.0053493288671860924 0.00011918699944512081 0.008350993165854385 -0.0038195257842012068 -0.003531084507818557
leaf_weight=4953 385 408 1819 1840 582 384 253 42 786 472 967 529 179 166 139 1602 145 234 29 415 98 187 24 424 336 177 8380 181 303 355
leaf_count=4953 385 408 1819 1840 582 384 253 42 786 472 967 529 179 166 139 1602 145 234 29 415 98 187 24 424 336 177 8380 181 303 355
internal_value=7.37002e-12 0.000463081 0.00242632 -0.000183158 -0.000494118 -0.00219144 -0.00362634 0.000306345 0.000147246 -0.00071199 0.000112304 0.00147446 -1.05506e-05 0.00310049 -0.000805373 0.000363209 0.00610774 -0.00114093 -0.00441865 -0.00494669 0.00556288 0.00470275 -0.00362527 -0.00076363 -0.00230726 -0.000534945 0.000348005 0.00117309 0.000566835 -0.00504633
internal_weight=26794 7594 2489 19200 5105 1400 1016 10746 3705 2249 1753 1456 761 695 8454 1886 284 6568 678 649 670 572 496 5890 760 5130 10704 2324 2143 763
internal_count=26794 7594 2489 19200 5105 1400 1016 10746 3705 2249 1753 1456 761 695 8454 1886 284 6568 678 649 670 572 496 5890 760 5130 10704 2324 2143 763
is_linear=0
shrinkage=0.05


Tree=183
num_leaves=31
num_cat=0
split_feature=1 6 7 7 4 7 7 7 7 7 7 7 7 4 4 7 7 7 7 7 4 4 4 6 7 4 7 4 6 4
split_gain=0.820405 2.38188 4.22812 6.11773 4.46894 3.8777 3.69942 3.4377 2.53001 7.50558 5.45102 5.58341 4.75254 8.89707 6.86596 4.74119 4.0513 3.11842 2.76031 1.39951 3.03965 4.4476 3.98598 7.26875 5.0921 3.49293 2.33466 5.95511 2.17004 1.99624
threshold=1.0000000180025095e-35 6.5000000000000009 -0.51914480328559864 -0.5776672065258025 10.500000000000002 -0.18101536482572553 -0.12899544835090634 -0.28505519032478327 0.87563917040824901 0.8918953835964204 0.36194251477718359 0.16686782985925677 0.44647487998008734 5.5000000000000009 4.5000000000000009 0.96342280507087719 -0.37609004974365229 1.6851991415023806 0.22864147275686267 0.80736306309700023 7.5000000000000009 9.5000000000000018 5.5000000000000009 8.5000000000000018 1.0154427289962771 1.0000000180025095e-35 0.55051472783088695 5.5000000000000009 10.500000000000002 1.0000000180025095e-35
decision_type=2 2 2 2 2 2 2 2 2 2 2 2 2 2 2 2 2 2 2 2 2 2 2 2 2 2 2 2 2 2
left_child=19 2 3 -2 5 7 -7 -4 10 -10 11 16 14 -14 -12 -11 -3 -17 -13 26 22 -22 23 25 -24 -21 29 -28 -29 -1
right_child=1 8 4 -5 -6 6 -8 -9 9 15 12 18 13 -15 -16 17 -18 -19 -20 20 21 -23 24 -25 -26 -27 27 28 -30 -31
leaf_value=-0.00091632339163158862 0.00057872948083095258 0.0013135894973461176 0.0051102731192354126 -0.016639708569989756 -0.0015404021950772681 0.016958352738885945 0.0061106195877073336 -0.0039188191915041229 0.026208422635681929 -0.022509555527940393 -0.032489473040082623 0.016993213469600855 0.0036352801831083452 -0.0083518105718356217 -0.0001764366538414071 0.0042149284422795105 -0.0017679822218033632 -0.0022139949088991022 0.0037684476587604336 -0.0063023899454327133 0.018070957311155166 -0.00013086401077061263 -0.0013849643639178349 0.0037125024591615347 -0.010773071680586561 0.0025718839554621144 0.0084676399094319645 0.0012230711824692329 -0.0055993605273381474 0.00033543572846470796
leaf_weight=5065 250 2266 344 65 322 106 304 152 32 20 35 68 271 361 31 578 2015 280 94 506 34 2600 295 490 283 142 286 781 137 8581
leaf_count=5065 250 2266 344 65 322 106 304 152 32 20 35 68 271 361 31 578 2015 280 94 506 34 2600 295 490 283 142 286 781 137 8581
internal_value=-4.0612e-12 0.000439927 0.00219351 -0.00297428 0.00351912 0.00531731 0.00891516 0.00234329 -7.23402e-06 0.00242284 -0.000437378 0.000207941 -0.00454505 -0.00321178 -0.0173121 0.00155594 -0.000136858 0.00211691 0.00931958 -0.000174 -0.000962725 0.000104087 -0.00260024 -0.000882843 -0.00598156 -0.00435772 5.70402e-05 0.00216765 0.000204909 -0.000129181
internal_weight=26794 7594 1543 315 1228 906 410 496 6051 910 5141 4443 698 632 66 878 4281 858 162 19200 4350 2634 1716 1138 578 648 14850 1204 918 13646
internal_count=26794 7594 1543 315 1228 906 410 496 6051 910 5141 4443 698 632 66 878 4281 858 162 19200 4350 2634 1716 1138 578 648 14850 1204 918 13646
is_linear=0
shrinkage=0.05


Tree=184
num_leaves=31
num_cat=0
split_feature=7 7 7 7 6 6 6 3 7 7 6 6 0 6 6 0 7 7 6 0 7 0 0 3 7 7 6 0 7 7
split_gain=0.461379 3.43967 4.89436 2.9802 2.40588 2.35457 2.34478 2.24621 3.32425 2.98042 4.72797 4.02618 2.88255 2.32001 2.69108 2.19918 2.66197 2.39838 2.08298 2.06548 2.20355 2.02617 1.93654 1.75509 1.32596 1.30756 1.79998 3.2072 1.68313 1.35808
threshold=-0.78574690222740162 -0.67195332050323475 -0.65569707751274098 -0.82151058316230763 3.5000000000000004 8.5000000000000018 7.5000000000000009 1.5000000000000002 -0.92555043101310719 -0.86702802777290333 7.5000000000000009 10.500000000000002 1.5000000000000002 15.500000000000002 11.500000000000002 5.5000000000000009 -0.80850562453269947 -0.79875186085700978 6.5000000000000009 3.5000000000000004 -0.74022945761680592 5.5000000000000009 5.5000000000000009 1.0000000180025095e-35 -0.83776679635047901 -0.63293838500976551 6.5000000000000009 3.5000000000000004 -0.64269211888313282 -0.60042592883110035
decision_type=2 2 2 2 2 2 2 2 2 2 2 2 2 2 2 2 2 2 2 2 2 2 2 2 2 2 2 2 2 2
left_child=3 4 6 7 -2 19 -3 9 13 11 22 12 -1 14 -9 17 -17 -5 -10 23 -21 -13 -11 -6 -12 26 28 -28 -4 -27
right_child=1 2 25 15 5 -7 -8 8 18 10 24 21 -14 -15 -16 16 -18 -19 -20 20 -22 -23 -24 -25 -26 29 27 -29 -30 -31
leaf_value=-0.0041710537584210795 -0.0085243813882315365 0.00055390355875715612 -0.011514950234908611 0.0022619044240706656 0.015889987843772282 -0.0010173753347722876 -0.017812366708051086 0.0018786910412800656 -0.0039986391514539718 -0.0030062996279659939 0.012912597584313359 0.0018248268848408717 3.7032481367527165e-05 0.0096784031949937351 -0.0056301758792556703 -0.024863312419118554 -0.0056000058658103999 -0.010242368354155342 -0.023540360070765019 -0.0041829112147831402 0.0060807531356759786 0.0091477324898903058 0.0078894539864497928 0.0058227599932261682 0.029647369608283042 -0.0041294851574360048 0.025139905597704154 0.003234087277881124 0.0042721377452835446 3.0109797364822446e-05
leaf_weight=615 38 25 25 98 81 149 57 196 25 88 29 806 1203 41 305 29 47 63 30 69 216 107 76 93 20 198 24 55 52 21934
leaf_count=615 38 25 25 98 81 149 57 196 25 88 29 806 1203 41 305 29 47 63 30 69 216 107 76 93 20 198 24 55 52 21934
internal_value=1.12859e-11 8.40613e-05 -1.98103e-05 -0.000512111 0.00368098 0.00444381 -0.0122129 -0.000148804 -0.0029453 0.000418284 0.00611482 -2.60088e-05 -0.0013865 -0.00175676 -0.00269258 -0.00594025 -0.0129505 -0.00263107 -0.0146578 0.00621662 0.00359587 0.00268304 0.00204295 0.0105092 0.0197431 2.50494e-05 0.0045866 0.00988902 -0.00085354 -7.10328e-06
internal_weight=26794 23016 22370 3778 646 608 82 3541 597 2944 213 2731 1818 542 501 237 76 161 55 459 285 913 164 174 49 22288 156 79 77 22132
internal_count=26794 23016 22370 3778 646 608 82 3541 597 2944 213 2731 1818 542 501 237 76 161 55 459 285 913 164 174 49 22288 156 79 77 22132
is_linear=0
shrinkage=0.05


Tree=185
num_leaves=31
num_cat=0
split_feature=7 7 7 7 4 6 4 0 6 0 7 7 7 6 0 7 7 4 0 6 4 7 6 7 6 7 4 0 6 7
split_gain=0.416394 3.10431 4.41716 2.68963 2.55205 2.17131 2.68792 2.76279 2.12797 1.98476 2.40243 2.16454 1.75126 4.5561 2.22671 2.55233 1.79963 4.25545 1.67933 1.61938 1.53222 4.815 3.89184 1.37932 1.23924 1.18007 1.7392 3.83035 2.08351 1.22566
threshold=-0.78574690222740162 -0.67195332050323475 -0.65569707751274098 -0.82151058316230763 2.5000000000000004 3.5000000000000004 1.5000000000000002 3.5000000000000004 6.5000000000000009 5.5000000000000009 -0.80850562453269947 -0.79875186085700978 -0.86702802777290333 7.5000000000000009 5.5000000000000009 -0.85727426409721363 -0.92555043101310719 1.5000000000000002 4.5000000000000009 7.5000000000000009 1.5000000000000002 -1.1856499910354612 8.5000000000000018 -0.89628919959068287 9.5000000000000018 -0.63293838500976551 1.0000000180025095e-35 4.5000000000000009 6.5000000000000009 -0.60042592883110035
decision_type=2 2 2 2 2 2 2 2 2 2 2 2 2 2 2 2 2 2 2 2 2 2 2 2 2 2 2 2 2 2
left_child=3 5 4 12 -3 -2 7 19 -8 11 -11 -5 16 14 -14 -16 20 23 -9 -7 21 -1 -22 -18 -10 26 27 -4 -28 -27
right_child=1 2 25 9 -6 6 8 18 24 10 -12 -13 13 -15 15 -17 17 -19 -20 -21 22 -23 -24 -25 -26 29 28 -29 -30 -31
leaf_value=-0.0018488718258580232 -0.008098162400634273 -0.016612118819255322 -0.013455496265498156 0.0021488091953535925 0.003928345991298556 0.0096993300262727747 0.0096201651496812708 -0.0092471269806000313 -0.00084418873061096545 -0.023620146975435061 -0.0053200057829096122 -0.0097302501529662154 -0.0036094331048429013 0.017385012455284597 0.015337583128102992 -0.0027078194543719292 -0.02383505625029405 0.0001275021780155978 0.0051552180524753492 0.023232396350552641 -0.0033380616953604296 0.0091783669461230084 0.00071393612604148929 -0.0085429110917551766 -0.012321211144860303 -0.0039230109532269637 0.0045618072665315505 0.0081267910848300037 0.023385695155177799 2.8604300111501347e-05
leaf_weight=241 38 62 34 98 20 84 44 22 147 29 47 63 125 50 43 36 30 118 253 30 878 168 1823 29 28 198 49 52 21 21934
leaf_count=241 38 62 34 98 20 84 44 22 147 29 47 63 125 50 43 36 30 118 253 30 878 168 1823 29 28 198 49 52 21 21934
internal_value=3.25475e-12 7.98582e-05 -1.88198e-05 -0.000486505 -0.0116022 0.00349693 0.00422162 0.00671606 -0.000209143 -0.00564324 -0.012303 -0.00249952 -0.000141364 0.00385869 0.000543409 0.00711436 -0.000450464 -0.00535452 0.00400303 0.0132607 -0.000171359 0.00268065 -0.000603226 -0.0163186 -0.00268051 2.37969e-05 0.00435727 -0.000405741 0.010209 -6.74812e-06
internal_weight=26794 23016 22370 3778 82 646 608 389 219 237 76 161 3541 254 204 79 3287 177 275 114 3110 409 2701 59 175 22288 156 86 70 22132
internal_count=26794 23016 22370 3778 82 646 608 389 219 237 76 161 3541 254 204 79 3287 177 275 114 3110 409 2701 59 175 22288 156 86 70 22132
is_linear=0
shrinkage=0.05


Tree=186
num_leaves=31
num_cat=0
split_feature=1 6 6 0 2 0 0 6 0 0 6 6 2 0 2 6 6 2 6 0 6 0 6 6 0 0 6 2 6 6
split_gain=0.696741 2.28673 1.47913 1.68539 1.9143 2.68301 1.00127 0.977734 2.66716 0.929785 4.35978 2.22971 3.26566 0.899171 0.840201 1.16552 1.4132 1.19424 0.905392 1.21578 0.64394 0.694201 3.15421 0.691186 2.53593 0.591799 2.48606 0.663223 1.67783 0.541973
threshold=1.0000000180025095e-35 11.500000000000002 6.5000000000000009 4.5000000000000009 1.5000000000000002 3.5000000000000004 6.5000000000000009 12.500000000000002 5.5000000000000009 6.5000000000000009 4.5000000000000009 8.5000000000000018 1.0000000180025095e-35 2.5000000000000004 1.0000000180025095e-35 4.5000000000000009 2.5000000000000004 1.5000000000000002 4.5000000000000009 4.5000000000000009 3.5000000000000004 1.5000000000000002 1.5000000000000002 10.500000000000002 3.5000000000000004 1.0000000180025095e-35 12.500000000000002 1.0000000180025095e-35 13.500000000000002 12.500000000000002
decision_type=2 2 2 2 2 2 2 2 2 2 2 2 2 2 2 2 2 2 2 2 2 2 2 2 2 2 2 2 2 2
left_child=7 2 14 4 5 -4 -5 9 -9 20 -11 12 -12 -6 18 16 -16 -17 -2 -20 21 -1 -23 -22 -25 26 -3 28 -28 -27
right_child=1 25 3 6 13 -7 -8 8 -10 10 11 -13 -14 -15 15 17 -18 -19 19 -21 23 22 -24 24 -26 29 27 -29 -30 -31
leaf_value=-0.00053196285292717407 -0.0094829850036788881 0.0061818481342365535 0.00021422562685100073 -0.00086586802005499174 0.0044606798991909009 0.010924192847063145 0.0081855267275034657 0.00073365246506123735 0.011883401124880224 0.014170366831366783 -0.028289334475994111 0.00046438531004743461 -0.0025468656962568115 -0.0018373480590526015 0.0041117589907530188 0.0037697527779301889 0.020141265541315082 0.00072144095635582868 0.0031989123397265918 -0.0061279936190694571 -4.4162086471029218e-05 0.0074433115215934058 -0.0067769118730973514 -0.0021962563428348987 0.0025342406740646219 -0.0040124699584443936 -0.014875419449526818 0.00048067579367037477 -0.0013826126778440084 -0.0012564803843810783
leaf_weight=441 27 104 2304 2121 495 60 31 590 59 23 28 29 22 64 44 627 20 659 116 50 16148 49 191 1254 366 348 36 58 64 366
leaf_count=441 27 104 2304 2121 495 60 31 590 59 23 28 29 22 64 44 627 20 659 116 50 16148 49 191 1254 366 348 36 58 64 366
internal_value=2.82683e-12 0.000405417 0.000738616 0.000326447 0.00110827 0.000486052 -0.000735481 -0.000160351 0.00174727 -0.000227088 -0.00498771 -0.0105654 -0.0169626 0.00373962 0.00209426 0.00253541 0.00912098 0.00220767 -0.000991536 0.000389603 -0.000200768 -0.00170964 -0.00387362 -0.000142937 -0.00112751 -0.00185392 0.000178584 -0.00377293 -0.00624002 -0.00259974
internal_weight=26794 7594 6618 5075 2923 2364 2152 19200 649 18551 102 79 50 559 1543 1350 64 1286 193 166 18449 681 240 17768 1620 976 262 158 100 714
internal_count=26794 7594 6618 5075 2923 2364 2152 19200 649 18551 102 79 50 559 1543 1350 64 1286 193 166 18449 681 240 17768 1620 976 262 158 100 714
is_linear=0
shrinkage=0.05


Tree=187
num_leaves=31
num_cat=0
split_feature=5 6 0 4 5 6 4 5 0 0 5 0 5 4 6 5 0 6 0 0 4 4 4 4 5 0 5 5 5 6
split_gain=0.430623 2.6443 1.87551 4.81597 1.59833 1.54816 1.51763 2.07146 3.85984 3.74309 4.08105 1.56489 1.30772 1.06475 6.67698 2.22239 2.16493 4.33729 1.93246 1.05556 2.85755 6.66347 2.23161 5.65766 2.99016 2.72019 2.31893 1.61468 1.42818 1.15747
threshold=43.500000000000007 6.5000000000000009 1.0000000180025095e-35 6.5000000000000009 54.500000000000007 5.5000000000000009 1.0000000180025095e-35 35.500000000000007 4.5000000000000009 3.5000000000000004 38.500000000000007 1.0000000180025095e-35 33.500000000000007 1.5000000000000002 4.5000000000000009 28.500000000000004 5.5000000000000009 2.5000000000000004 3.5000000000000004 5.5000000000000009 1.0000000180025095e-35 8.5000000000000018 1.0000000180025095e-35 1.5000000000000002 38.500000000000007 3.5000000000000004 34.500000000000007 32.500000000000007 37.500000000000007 6.5000000000000009
decision_type=2 2 2 2 2 2 2 2 2 2 2 2 2 2 2 2 2 2 2 2 2 2 2 2 2 2 2 2 2 2
left_child=5 2 3 -2 -4 6 7 8 11 10 -9 -1 -10 14 18 -16 -15 -18 -8 22 29 -22 24 26 28 -26 -24 -25 -7 -21
right_child=1 -3 4 -5 -6 19 13 9 12 -11 -12 -13 -14 16 15 -17 17 -19 -20 20 21 -23 23 27 25 -27 -28 -29 -30 -31
leaf_value=-0.014297991232680425 -0.020023143265659557 4.3619158000593413e-05 -0.0011523538739271627 -0.0030748212423177546 0.013128560157492759 -0.0063462257303763181 -0.0015436050236647206 -0.0052400729024416901 0.00048128504044654078 -0.0082943565531105688 0.015989138556056118 -0.0033544066710536982 0.0071641034863205279 -0.0001488024284610784 0.023628140325376461 0.004881204172968865 0.0019002234439055125 -0.027328450884670022 0.0057986896762462423 0.0031093787992635246 -0.030979194563059583 -0.00017401405792927076 0.026378430295735601 -0.0045863625202058021 0.0013404689626566072 -0.0089766361738873434 0.0050065217962996528 0.0010051317018590447 -0.01898770363580796 -0.00087436166326163944
leaf_weight=42 46 17151 962 472 20 80 406 56 171 261 38 147 128 2297 43 25 30 22 115 1303 21 107 30 138 334 79 22 2005 31 212
leaf_count=42 46 17151 962 472 20 80 406 56 171 261 38 147 128 2297 43 25 30 22 115 1303 21 107 30 138 334 79 22 2005 31 212
internal_value=3.51296e-12 -0.000132447 -0.00214558 -0.00457988 -0.0008615 0.00030336 -0.00043714 -0.00230723 -0.000193255 -0.00521319 0.00334195 -0.00578631 0.00334216 9.94443e-05 0.00200032 0.0167359 -0.00037719 -0.0104658 7.7055e-05 0.000945228 0.00194581 -0.00522799 0.000340608 0.00104049 -0.00259113 -0.000633021 0.0173365 0.000645063 -0.00987673 0.00255192
internal_weight=26794 18651 1500 518 982 8143 3781 843 488 355 94 189 299 2938 589 68 2349 52 521 4362 1643 128 2719 2195 524 413 52 2143 111 1515
internal_count=26794 18651 1500 518 982 8143 3781 843 488 355 94 189 299 2938 589 68 2349 52 521 4362 1643 128 2719 2195 524 413 52 2143 111 1515
is_linear=0
shrinkage=0.05


Tree=188
num_leaves=31
num_cat=0
split_feature=1 3 7 7 0 7 7 7 7 7 0 7 7 0 7 7 7 7 7 3 7 3 7 7 0 7 7 7 7 7
split_gain=0.631145 4.99658 17.9956 11.0745 7.84071 7.98017 5.63705 4.61618 5.92023 5.80917 3.90995 2.53117 8.74933 2.22354 3.77935 2.51641 2.21012 3.07892 2.18602 6.3883 3.00218 2.01079 2.38014 7.53596 2.64009 1.81107 9.37335 4.61225 3.10336 3.01651
threshold=1.0000000180025095e-35 1.0000000180025095e-35 0.87563917040824901 0.36194251477718359 1.0000000180025095e-35 0.58952966332435619 0.8918953835964204 0.16686782985925677 0.22864147275686267 -0.13224669545888898 5.5000000000000009 0.51149979233741771 0.47248482704162603 1.0000000180025095e-35 0.49199229478836065 0.49199229478836065 0.58952966332435619 0.61228835582733165 0.38470122218132025 1.5000000000000002 -0.16801038384437558 1.0000000180025095e-35 0.44647487998008734 0.47248482704162603 6.5000000000000009 -0.1875178515911102 -0.22978403419256208 -0.23303528130054471 -0.26554772257804865 -0.16475913673639295
decision_type=2 2 2 2 2 2 2 2 2 2 2 2 2 2 2 2 2 2 2 2 2 2 2 2 2 2 2 2 2 2
left_child=21 2 3 7 -5 -6 -4 9 -9 -2 -8 12 18 15 -15 -14 -13 -18 20 -20 -3 25 24 -24 -23 26 27 28 -1 -27
right_child=1 11 6 4 5 -7 10 8 -10 -11 -12 16 13 14 -16 -17 17 -19 19 -21 -22 22 23 -25 -26 29 -28 -29 -30 -31
leaf_value=-0.00095208295856924908 0.0020788147478259158 -0.001025719698753434 0.034178885376011887 0.0064549910586113885 -0.022917541890944304 0.0060655160248279574 0.0090924640592542107 0.031428672614154121 -0.00025281729176640511 -0.0070038936203428385 0.029984214861178773 -0.0094060627213634913 -0.0056872763316191382 0.035466030526619695 0.0073080719109963298 0.017039479585043316 0.012774596427168165 -0.0022867858155406285 -0.019873258071951571 0.0069350180959736468 0.0020738644762157712 0.00083705037341204368 -0.017854842121414551 -0.00051529499298120227 -0.01220517388234536 0.0076464760646224031 -0.015674562602452275 0.016036788947307146 -0.0079140504208688976 -0.00023680600016138579
leaf_weight=3857 1655 2536 27 48 114 30 335 29 30 197 24 105 21 26 22 29 35 1112 50 40 1129 7646 64 2997 39 125 113 39 167 4153
leaf_count=3857 1655 2536 27 48 114 30 335 29 30 197 24 105 21 26 22 29 35 1112 50 40 1129 7646 64 2997 39 125 113 39 167 4153
internal_value=4.7334e-12 0.000385861 0.00222264 0.0004012 -0.0110458 -0.0168794 0.0121462 0.00155129 0.0153194 0.00111267 0.0104891 -0.000509681 0.000124971 0.0148735 0.0225603 0.00749424 -0.0024628 -0.0018272 -0.000259945 -0.00795847 -7.08955e-05 -0.000152616 0.000301232 -0.000877834 0.000770863 -0.000729509 -0.00147022 -0.00107517 -0.00124101 -6.46232e-06
internal_weight=26794 7594 2489 2103 192 144 386 1911 59 1852 359 5105 3853 98 48 50 1252 1147 3755 90 3665 19200 10746 3061 7685 8454 4176 4063 4024 4278
internal_count=26794 7594 2489 2103 192 144 386 1911 59 1852 359 5105 3853 98 48 50 1252 1147 3755 90 3665 19200 10746 3061 7685 8454 4176 4063 4024 4278
is_linear=0
shrinkage=0.05


Tree=189
num_leaves=31
num_cat=0
split_feature=1 6 6 4 0 4 4 6 4 4 0 4 0 6 4 0 0 6 6 6 0 0 6 6 4 6 0 4 4 6
split_gain=0.569609 2.09175 1.35178 2.28264 1.54689 1.65125 4.43068 1.73124 1.49786 1.984 1.34162 0.956886 2.8157 7.19608 3.4185 3.16864 2.62844 4.79355 2.62542 2.61337 2.06574 4.98675 5.35331 3.61426 1.89228 9.60957 2.58449 2.07739 1.60571 1.58003
threshold=1.0000000180025095e-35 11.500000000000002 6.5000000000000009 10.500000000000002 4.5000000000000009 4.5000000000000009 5.5000000000000009 10.500000000000002 6.5000000000000009 10.500000000000002 5.5000000000000009 1.0000000180025095e-35 5.5000000000000009 9.5000000000000018 8.5000000000000018 6.5000000000000009 1.0000000180025095e-35 7.5000000000000009 13.500000000000002 3.5000000000000004 1.5000000000000002 4.5000000000000009 9.5000000000000018 7.5000000000000009 1.5000000000000002 4.5000000000000009 2.5000000000000004 2.5000000000000004 4.5000000000000009 3.5000000000000004
decision_type=2 2 2 2 2 2 2 2 2 2 2 2 2 2 2 2 2 2 2 2 2 2 2 2 2 2 2 2 2 2
left_child=11 2 3 -2 5 7 -7 -4 -6 -10 -5 16 24 14 19 18 17 -1 -15 -14 -18 23 -23 -22 25 29 -27 -26 -29 -13
right_child=1 -3 4 10 8 6 -8 -9 9 -11 -12 12 13 15 -16 -17 20 -19 -20 -21 21 22 -24 -25 27 26 -28 28 -30 -31
leaf_value=-0.0094683292800428996 0.0030113035418822187 -0.0017942977952472693 -0.0001001124563978922 -0.00030639095370158708 -0.00030273835133477859 0.0059486336501702068 0.0004012461591522334 -0.012469623233031097 -0.015124209885528362 -0.0024373769905293888 -0.0090934936578075092 -0.0021421794046657351 0.0035132898434408403 0.019746876070846103 0.0030297357381655157 -0.0054772011580921359 0.0011532887091543519 -0.00044192182397762058 0.004408331521046467 -0.012477153952745422 -0.010273877334839199 0.00015872917662371688 -0.0076854038444975226 1.5805504388279385e-05 -0.0041347920513594739 0.0079491905481010299 0.021545840627368307 0.0035476637607054135 -0.00018332745727678363 0.0045917121714280388
leaf_weight=230 1199 976 1151 293 1951 508 1235 29 38 163 51 392 38 98 269 21 1686 408 39 78 232 3271 233 135 326 77 64 296 11195 112
leaf_count=230 1199 976 1151 293 1951 508 1235 29 38 163 51 392 38 98 269 21 1686 408 39 78 232 3271 233 135 326 77 64 296 11195 112
internal_value=-1.8816e-12 0.000366568 0.000685245 0.00198121 0.00029122 0.00104023 0.00201804 -0.000404109 -0.000726141 -0.00483588 -0.00160913 -0.000144985 9.86357e-05 0.00362317 -6.41924e-05 0.0126082 -0.000656413 -0.00369596 0.0153804 -0.00723891 -0.000307442 -0.000943658 -0.00036287 -0.00648884 -5.49371e-05 0.00258226 0.0141207 -0.000198882 -8.72198e-05 -0.000645759
internal_weight=26794 7594 6618 1543 5075 2923 1743 1180 2152 201 344 19200 13005 543 385 158 6195 638 137 116 5557 3871 3504 367 12462 645 141 11817 11491 504
internal_count=26794 7594 6618 1543 5075 2923 1743 1180 2152 201 344 19200 13005 543 385 158 6195 638 137 116 5557 3871 3504 367 12462 645 141 11817 11491 504
is_linear=0
shrinkage=0.05


Tree=190
num_leaves=30
num_cat=0
split_feature=4 7 7 0 7 7 0 0 2 2 2 2 7 7 4 4 7 7 7 4 7 7 4 7 0 7 4 0 4
split_gain=0.412153 0.471879 2.37806 2.08754 3.12527 1.60671 1.43612 4.08754 12.0197 4.44482 2.07556 6.158 0.931533 0.711189 4.46483 5.18459 2.21572 1.46571 1.44732 2.76874 1.35976 2.83117 2.47519 1.22112 1.38502 0.775178 0.65674 0.394902 0.16714
threshold=13.500000000000002 -1.1856499910354612 -1.4928926229476926 2.5000000000000004 -1.2360442876815794 -1.3579659461975095 1.0000000180025095e-35 1.5000000000000002 1.0000000180025095e-35 1.0000000180025095e-35 1.0000000180025095e-35 1.5000000000000002 -1.4278677105903623 -0.94505789875984181 1.5000000000000002 7.5000000000000009 -1.0523489713668821 -1.0523489713668821 -0.86702802777290333 1.0000000180025095e-35 -0.82151058316230763 -0.79875186085700978 6.5000000000000009 -1.1011176109313963 3.5000000000000004 -0.89628919959068287 11.500000000000002 1.0000000180025095e-35 1.5000000000000002
decision_type=2 2 2 2 2 2 2 2 2 2 2 2 2 2 2 2 2 2 2 2 2 2 2 2 2 2 2 2 2
left_child=1 2 6 12 5 -5 10 8 -8 -9 28 -12 27 14 23 16 -16 -17 19 -15 22 -22 -20 -3 -25 -21 -14 -4 -1
right_child=-2 13 3 4 -6 -7 7 9 -10 -11 11 -13 26 18 15 17 -18 -19 20 25 21 -23 -24 24 -26 -27 -28 -29 -30
leaf_value=-0.0038636385263609036 0.0059575175994942935 0.017772260351921431 -0.019725486494245985 -0.0022580331424251199 -0.012798492141729713 0.01017142711296821 0.0036840805916766744 -0.0017071144496100554 -0.020515014171758866 0.0039682138945849599 0.02158854240458459 0.00016819144526094784 -0.009509838602195184 -0.016152514811409148 -0.029270945135504007 0.00358885352076843 -0.0071346794676663619 -0.0032199089405748381 0.0068639781463813651 0.00016873991339952648 -0.0066922228977394603 6.6313543570080101e-05 -0.0039987617641108466 0.0020664390491540816 0.01284839845842348 -0.0065407541307524368 -0.0012995196284907983 -0.010785649662526946 0.00024217534599099762
leaf_weight=28 29 32 21 52 38 52 113 1041 94 516 50 102 60 38 20 218 26 124 180 167 156 23097 74 68 53 58 41 30 216
leaf_count=28 29 32 21 52 38 52 113 1041 94 516 50 102 60 38 20 218 26 124 180 167 156 23097 74 68 53 58 41 30 216
internal_value=1.16397e-11 -6.45499e-06 -0.000667249 -0.00488613 -0.000527086 0.0039567 -9.30127e-05 -0.000703865 -0.00730488 0.000173727 0.00262806 0.00721436 -0.00895839 6.02469e-05 0.00185282 -0.000999534 -0.0167591 0.00112018 1.94483e-05 -0.00366912 6.07166e-05 2.09718e-05 0.00369924 0.00908624 0.00678912 -0.00156082 -0.00617694 -0.0144668 -0.000228984
internal_weight=26794 26765 2454 294 142 104 2160 1764 207 1557 396 152 152 24311 541 388 46 342 23770 263 23507 23253 254 153 121 225 101 51 244
internal_count=26794 26765 2454 294 142 104 2160 1764 207 1557 396 152 152 24311 541 388 46 342 23770 263 23507 23253 254 153 121 225 101 51 244
is_linear=0
shrinkage=0.05


Tree=191
num_leaves=31
num_cat=0
split_feature=4 7 7 0 7 7 0 0 2 2 2 2 7 7 7 0 2 7 0 2 4 7 4 7 2 0 7 2 4 0
split_gain=0.371969 0.425871 2.1462 1.884 2.82055 1.45006 1.2961 3.689 10.8478 4.01145 1.87319 5.5576 0.840709 0.693934 3.35313 3.04384 3.35081 2.29869 3.53974 4.54302 4.20106 2.41933 4.16633 1.53313 1.62639 1.52532 1.34722 1.11816 0.592708 0.356399
threshold=13.500000000000002 -1.1856499910354612 -1.4928926229476926 2.5000000000000004 -1.2360442876815794 -1.3579659461975095 1.0000000180025095e-35 1.5000000000000002 1.0000000180025095e-35 1.0000000180025095e-35 1.0000000180025095e-35 1.5000000000000002 -1.4278677105903623 -0.56466224789619435 -0.51914480328559864 5.5000000000000009 1.0000000180025095e-35 -0.60042592883110035 5.5000000000000009 1.5000000000000002 2.5000000000000004 -0.61993339657783497 1.0000000180025095e-35 -0.50613984465599049 1.5000000000000002 1.5000000000000002 -0.48663237690925593 1.5000000000000002 11.500000000000002 1.0000000180025095e-35
decision_type=2 2 2 2 2 2 2 2 2 2 2 2 2 2 2 2 2 2 2 2 2 2 2 2 2 2 2 2 2 2
left_child=1 2 6 12 5 -5 10 8 -8 -9 -1 -12 29 17 15 16 -15 21 20 -20 -19 25 -23 24 -16 -3 -25 -17 -14 -4
right_child=-2 13 3 4 -6 -7 7 9 -10 -11 11 -13 28 14 23 27 -18 18 19 -21 -22 22 -24 26 -26 -27 -28 -29 -30 -31
leaf_value=-0.0002175343779407606 0.0056596416209278438 0.002163121027164927 -0.018739212588185356 -0.0021451314763488391 -0.012158567704701502 0.0096628556171288876 0.0034998762977115844 -0.0016217589683653602 -0.019489262996989484 0.0037698032161177595 0.020509115464985371 0.0001597819930882942 -0.0090343463545044262 -0.013919528362651666 -0.00038648312379206933 -0.012460183336508352 0.0045544045183945588 -0.011729824266512879 0.020371013362609755 -0.00098367289174348125 0.0070251821913672437 -0.020740302002781798 0.0028478401486212628 -0.0035316670656058481 0.014648883641269561 -0.00044452752714823197 7.6139367814258621e-05 -0.0054594625750641257 -0.0012345435177316755 -0.01024636707501486
leaf_weight=244 29 967 21 52 38 52 113 1041 94 516 50 102 60 30 35 77 135 48 66 40 79 36 39 262 37 1335 20905 220 41 30
leaf_count=244 29 967 21 52 38 52 113 1041 94 516 50 102 60 30 35 77 135 48 66 40 79 36 39 262 37 1335 20905 220 41 30
internal_value=-6.86723e-12 -6.13225e-06 -0.000633887 -0.00464182 -0.000500732 0.00375886 -8.83621e-05 -0.000668672 -0.00693964 0.00016504 0.00249665 0.00685364 -0.00851047 5.72345e-05 -3.54075e-05 -0.00424947 0.00119551 0.000827512 0.00556694 0.0123126 -6.33242e-05 0.00036294 -0.00847447 5.62587e-05 0.00734002 0.000650866 3.14828e-05 -0.00727446 -0.00586809 -0.0137434
internal_weight=26794 26765 2454 294 142 104 2160 1764 207 1557 396 152 152 24311 21701 462 165 2610 233 106 127 2377 75 21239 72 2302 21167 297 101 51
internal_count=26794 26765 2454 294 142 104 2160 1764 207 1557 396 152 152 24311 21701 462 165 2610 233 106 127 2377 75 21239 72 2302 21167 297 101 51
is_linear=0
shrinkage=0.05


Tree=192
num_leaves=16
num_cat=0
split_feature=6 4 4 6 4 0 2 0 6 6 6 4 6 2 6
split_gain=0.415911 0.336972 0.3164 1.12647 0.738685 1.60773 0.947212 0.841076 0.667069 0.316401 0.251061 4.24766 0.725561 0.064702 0.0915715
threshold=18.500000000000004 13.500000000000002 12.500000000000002 9.5000000000000018 11.500000000000002 4.5000000000000009 1.5000000000000002 1.0000000180025095e-35 15.500000000000002 11.500000000000002 10.500000000000002 5.5000000000000009 8.5000000000000018 1.0000000180025095e-35 8.5000000000000018
decision_type=2 2 2 2 2 2 2 2 2 2 2 2 2 2 2
left_child=1 2 4 13 10 7 -7 -6 9 -5 12 -12 -1 14 -4
right_child=-2 -3 3 8 5 6 -8 -9 -10 -11 11 -13 -14 -15 -16
leaf_value=-0.00015041167965088639 0.0038217737483726422 0.005376659632371418 -0.0038284629320678044 -0.00041086467487427098 -0.001021011050645451 0.00078478506384817108 -0.0044505197737176403 0.0051070817535929696 -0.0075396733318010105 0.0038614038375053036 0.0011831321967091587 -0.0022345180062046566 0.00050984929640993451 -0.0080458298471057788 -0.0079237444653353171
leaf_weight=16326 71 29 39 96 69 367 113 297 23 79 1926 1722 5584 32 21
leaf_count=16326 71 29 39 96 69 367 113 297 23 79 1926 1722 5584 32 21
internal_value=4.68992e-12 -1.0154e-05 -1.60062e-05 -0.00165855 2.0342e-06 0.00145563 -0.000447693 0.00395179 0.000465633 0.00151776 -4.60815e-05 -0.000430134 1.7863e-05 -0.00623017 -0.00526181
internal_weight=26794 26723 26694 290 26404 846 480 366 198 175 25558 3648 21910 92 60
internal_count=26794 26723 26694 290 26404 846 480 366 198 175 25558 3648 21910 92 60
is_linear=0
shrinkage=0.05


Tree=193
num_leaves=31
num_cat=0
split_feature=7 7 6 4 7 3 7 3 3 7 7 6 7 4 6 4 7 7 4 6 3 7 7 7 4 4 7 7 7 7
split_gain=0.390318 2.31532 2.06142 3.75573 2.59652 2.41335 1.98287 2.31245 2.57763 2.27897 9.56545 2.22964 2.20396 2.34081 2.16595 3.80422 1.39815 1.3198 1.26739 1.74281 2.2189 1.54516 1.07532 0.949935 0.889391 1.86224 2.55165 1.71251 5.58539 4.24787
threshold=-0.41835623979568476 -0.39234627783298487 7.5000000000000009 1.0000000180025095e-35 -0.40535125136375422 1.0000000180025095e-35 -0.43136121332645411 1.5000000000000002 1.0000000180025095e-35 -0.48663237690925593 -0.49313485622406 15.500000000000002 -0.43786370754241938 1.0000000180025095e-35 9.5000000000000018 10.500000000000002 -0.60042592883110035 -0.45411992073059076 1.0000000180025095e-35 5.5000000000000009 1.0000000180025095e-35 -0.4216074794530868 -0.40210001170635218 -0.42810997366905207 7.5000000000000009 9.5000000000000018 1.1194825172424319 -0.23303528130054471 -0.22978403419256208 -0.2883064448833465
decision_type=2 2 2 2 2 2 2 2 2 2 2 2 2 2 2 2 2 2 2 2 2 2 2 2 2 2 2 2 2 2
left_child=6 2 3 4 5 -2 7 8 12 10 -10 14 13 -1 16 -16 -9 -11 19 -8 21 -21 -4 -22 27 26 -26 29 -29 -3
right_child=1 24 22 -5 -6 -7 18 11 9 17 -12 -13 -14 -15 15 -17 -18 -19 -20 20 23 -23 -24 -25 25 -27 -28 28 -30 -31
leaf_value=-0.0030427120020746915 0.007030245088094818 -3.4801604792246856e-05 0.0021259347010137782 -0.0035703602301593454 0.012014926400301712 -0.009956607236138856 0.0070417967786931476 -0.0033766768337683121 0.0012860975384786537 0.0082623060838978371 -0.019993988465931683 0.0091031908243610644 0.01159550075729688 -1.6779606548081624e-05 -0.0042636878057433075 -0.023065701114206479 0.001535479079451956 0.0021844975505880813 4.6591695286053465e-05 -0.0068570725318258174 -0.017796462839210613 0.0059874496600394586 -0.0065552838777582492 -0.0085359022931596785 0.0032337634992527678 0.0004219013272303069 0.022743388163369328 0.013097290442575042 -4.8646612522299489e-06 -0.0042887359879304095
leaf_weight=880 69 1986 84 87 175 30 23 281 2392 171 54 41 36 2335 372 29 299 187 133 61 45 38 62 72 83 5715 21 82 10118 833
leaf_count=880 69 1986 84 87 175 30 23 281 2392 171 54 41 36 2335 372 29 299 187 133 61 45 38 62 72 83 5715 21 82 10118 833
internal_value=2.94312e-12 0.00011842 0.00345272 0.00548028 0.00835402 0.00188271 -0.000307536 -0.000120504 0.000250817 0.00136164 0.0008163 -0.00232045 -0.000707268 -0.000845029 -0.0027979 -0.00562343 -0.000844376 0.00508758 -0.00386566 -0.00604277 -0.00743604 -0.00192685 -0.00156061 -0.0120977 2.86816e-05 0.000542564 0.00717321 -0.000201004 0.000100466 -0.00129182
internal_weight=26794 19345 507 361 274 99 7449 7077 6055 2804 2446 1022 3251 3215 981 401 580 358 372 239 216 99 146 117 18838 5819 104 13019 10200 2819
internal_count=26794 19345 507 361 274 99 7449 7077 6055 2804 2446 1022 3251 3215 981 401 580 358 372 239 216 99 146 117 18838 5819 104 13019 10200 2819
is_linear=0
shrinkage=0.05


Tree=194
num_leaves=31
num_cat=0
split_feature=1 7 7 7 7 7 7 7 0 2 7 2 7 2 7 7 7 7 7 7 7 7 2 7 2 0 0 7 0 7
split_gain=0.502775 1.58118 4.17093 3.30066 6.9388 2.16081 4.67332 3.57461 1.76665 1.67985 1.88825 1.64153 1.41503 2.32183 1.95212 1.36076 1.339 2.50609 2.10876 1.76293 12.2454 2.74421 3.44255 2.39496 1.53108 1.05475 8.49218 1.04042 0.993276 0.987797
threshold=1.0000000180025095e-35 1.0902213454246523 1.0934725999832156 0.8918953835964204 0.87563917040824901 0.36194251477718359 0.16686782985925677 0.58952966332435619 1.0000000180025095e-35 1.5000000000000002 1.5518980622291567 1.5000000000000002 1.7989926934242251 1.0000000180025095e-35 1.3015522360801699 1.6721941828727724 0.80736306309700023 1.6494354605674746 0.76834812760353099 -0.36958755552768702 -0.37609004974365229 -0.35983382165431971 1.5000000000000002 -0.54515478014945973 1.0000000180025095e-35 3.5000000000000004 2.5000000000000004 1.6851991415023806 4.5000000000000009 -0.29155768454074854
decision_type=2 2 2 2 2 2 2 2 2 2 2 2 2 2 2 2 2 2 2 2 2 2 2 2 2 2 2 2 2 2
left_child=16 3 -3 4 5 6 -2 -7 12 10 -10 -5 14 -14 -4 -11 18 -18 19 20 23 22 -21 -1 -20 26 27 -19 -27 -23
right_child=1 2 8 11 -6 7 -8 -9 9 15 -12 -13 13 -15 -16 -17 17 25 24 21 -22 29 -24 -25 -26 28 -28 -29 -30 -31
leaf_value=0.00038213432591520374 0.00014886387301878956 0.011099822440280996 -0.0078932265815987758 -0.015146507921997669 0.023409420670941473 -0.0053951792333087351 0.0077700116413168653 0.00093529917826994536 0.0012221283615670272 -0.0062964854754197098 0.0083187386292828177 2.2425881104060898e-07 -0.015034112078137696 0.0016335093290419191 0.0037810743936216059 0.0015745500337741363 -0.0022335546386969014 0.0049409907125798919 0.00045934257620613875 -0.0045677302706548404 -0.034230617307238628 0.0015900904443162682 0.01478027330947594 -0.0016479597355514781 0.010279264679210712 -0.0049714624824190746 0.023727379815700729 -0.00010524567192319768 0.00028157631254493987 0.00014543663337673914
leaf_weight=3414 5357 116 52 53 32 444 209 448 198 75 178 27 48 37 115 205 1959 108 73 34 27 1416 71 2529 87 178 39 1884 182 7199
leaf_count=3414 5357 116 52 53 32 444 209 448 198 75 178 27 48 37 115 205 1959 108 73 34 27 1416 71 2529 87 178 39 1884 182 7199
internal_value=-4.60354e-12 0.000344392 0.0021719 5.95576e-05 0.000183983 6.88991e-05 0.000435033 -0.00221575 0.00103132 0.00239827 0.00458169 -0.0100345 -0.00252707 -0.00777879 0.000145963 -0.000533763 -0.000136214 -0.0009077 8.97765e-05 2.75938e-05 -0.00063439 0.00048081 0.00851521 -0.000481757 0.00579893 0.000178602 0.000620735 0.000168345 -0.00231576 0.000382886
internal_weight=26794 7594 1024 6570 6490 6458 5566 892 908 656 376 80 252 85 167 280 19200 4350 14850 14690 5970 8720 105 5943 160 2391 2031 1992 360 8615
internal_count=26794 7594 1024 6570 6490 6458 5566 892 908 656 376 80 252 85 167 280 19200 4350 14850 14690 5970 8720 105 5943 160 2391 2031 1992 360 8615
is_linear=0
shrinkage=0.05


Tree=195
num_leaves=31
num_cat=0
split_feature=1 6 7 7 7 6 4 7 6 4 6 7 7 7 7 6 7 4 4 4 6 7 7 4 7 6 6 4 7 7
split_gain=0.453754 1.96074 1.55355 5.92194 5.72625 11.065 5.35057 4.27104 4.12925 5.10103 4.07289 3.73693 3.27341 2.38202 4.0726 2.28697 1.20845 2.58669 3.69577 3.45703 6.38801 4.53402 1.99829 5.22728 1.82931 1.81355 1.89596 1.80824 5.04513 7.42899
threshold=1.0000000180025095e-35 11.500000000000002 -0.37609004974365229 -0.47687864303588862 -0.23303528130054471 9.5000000000000018 1.0000000180025095e-35 -0.49313485622406 6.5000000000000009 9.5000000000000018 7.5000000000000009 -0.51914480328559864 -0.18101536482572553 -0.44761744141578669 -0.40535125136375422 6.5000000000000009 0.80736306309700023 7.5000000000000009 9.5000000000000018 5.5000000000000009 9.5000000000000018 1.0154427289962771 0.55051472783088695 5.5000000000000009 0.86588546633720409 10.500000000000002 6.5000000000000009 1.0000000180025095e-35 -0.073724288493394838 0.069330483675003066
decision_type=2 2 2 2 2 2 2 2 2 2 2 2 2 2 2 2 2 2 2 2 2 2 2 2 2 2 2 2 2 2
left_child=16 2 3 7 5 6 -4 11 9 -6 -9 -2 -10 15 -15 -5 22 19 -19 20 24 -21 27 -24 -18 26 -25 28 -1 -30
right_child=1 -3 4 13 8 -7 -8 10 12 -11 -12 -13 -14 14 -16 -17 17 18 -20 21 -22 -23 23 25 -26 -27 -28 -29 29 -31
leaf_value=1.5255547863194587e-05 -0.00011230773729729815 -0.0017649334554081461 -0.0069810406457361807 0.0023093555760223192 0.007792943099293361 0.016770735690370204 0.0080741719299784083 1.7355286981910467e-05 0.0067076957062015248 -0.00073955426988115867 -0.022546138670295479 0.0094208688416459532 -0.00037037067368950882 -0.00012368636959532309 0.0092034543965242282 0.013398722127605815 -0.015560805286955219 0.016499833127155025 -9.236793557759553e-05 -0.0011844829648883098 0.0049296844380184108 -0.010043211029392055 0.0079404053777713535 -0.0099171799141913666 -0.0027674610508522553 -0.0051070904013374484 0.0016792150098525029 0.00035520055674137155 -0.010426609410548255 -0.0013211054412306078
leaf_weight=3923 1391 976 641 68 427 60 65 40 174 297 40 111 2668 295 194 147 29 34 2600 295 343 283 286 37 766 137 744 8581 306 836
leaf_count=3923 1391 976 641 68 427 60 65 40 174 297 40 111 2668 295 194 147 29 34 2600 295 343 283 286 37 766 137 744 8581 306 836
internal_value=-3.39303e-12 0.000327173 0.000635709 0.00169028 7.92122e-05 -0.00384306 -0.00559494 -7.36723e-06 0.000921741 0.00429273 -0.0112644 0.000592208 6.29803e-05 0.00550516 0.00357665 0.00989139 -0.000129404 -0.000862315 0.000121806 -0.00237291 -0.000773512 -0.00552189 8.52877e-05 0.00203794 -0.00323414 0.000199051 0.00112983 -8.69972e-05 -0.000836158 -0.00376093
internal_weight=26794 7594 6618 2286 4332 766 706 1582 3566 724 80 1502 2842 704 489 215 19200 4350 2634 1716 1138 578 14850 1204 795 918 781 13646 5065 1142
internal_count=26794 7594 6618 2286 4332 766 706 1582 3566 724 80 1502 2842 704 489 215 19200 4350 2634 1716 1138 578 14850 1204 795 918 781 13646 5065 1142
is_linear=0
shrinkage=0.05


Tree=196
num_leaves=31
num_cat=0
split_feature=1 7 7 4 7 7 7 7 4 7 4 0 7 7 7 0 4 4 7 0 7 7 4 7 4 4 4 7 7 7
split_gain=0.409513 1.4189 3.7997 3.3404 4.26569 9.73662 3.92437 2.4643 7.63266 7.7304 6.37033 2.71205 2.34297 2.2574 1.89936 1.58955 2.69914 4.16544 1.58131 1.48193 1.12867 4.81458 3.45116 1.09062 2.33449 3.33543 3.11997 4.32869 4.09195 1.93689
threshold=1.0000000180025095e-35 1.0902213454246523 1.0934725999832156 5.5000000000000009 0.58952966332435619 0.72283068299293529 0.55051472783088695 -0.0086993912700563652 6.5000000000000009 0.38470122218132025 6.5000000000000009 5.5000000000000009 0.86588546633720409 -0.12249295786023139 -0.51914480328559864 1.0000000180025095e-35 10.500000000000002 6.5000000000000009 0.61228835582733165 1.0000000180025095e-35 1.5518980622291567 1.5779080390930178 4.5000000000000009 0.80736306309700023 7.5000000000000009 9.5000000000000018 5.5000000000000009 0.86588546633720409 1.0154427289962771 -0.36958755552768702
decision_type=2 2 2 2 2 2 2 2 2 2 2 2 2 2 2 2 2 2 2 2 2 2 2 2 2 2 2 2 2 2
left_child=23 3 -3 4 6 18 14 10 9 -9 19 -10 -7 -12 -2 16 17 -4 -6 -5 22 -22 -17 29 26 -26 27 -25 -28 -1
right_child=1 2 15 7 5 12 -8 8 11 -11 13 -13 -14 -15 -16 20 -18 -19 -20 -21 21 -23 -24 24 25 -27 28 -29 -30 -31
leaf_value=-0.00061540852673325566 -0.00076042584325353223 0.010563350147728263 -0.00061122424420759539 0.00059181488648956196 0.034407132698429953 0.0068621122204747644 -0.017293376313342202 -0.031736723040089468 0.0035485019708947473 -0.0065362554206096039 -0.00047537003542131543 -0.0072338084935861307 -0.010695943498591844 -0.0069949365727952689 0.0013043028161659137 -0.015449616922573609 0.010462852738398526 -0.016840032677954208 0.017294729376832643 0.0099608345478472693 0.02663260879503055 0.0025780792956067375 0.0018953672519057873 -0.01779631750089013 0.015674841382047711 -8.7749583388078747e-05 -0.001125258827558324 -0.00017747407007106571 -0.0095410505153794931 0.00054923249597429384
leaf_weight=5970 1750 116 165 58 27 38 31 33 290 391 395 73 38 200 3064 33 35 52 27 155 22 382 219 36 34 2600 295 1102 283 8880
leaf_count=5970 1750 116 165 58 27 38 31 33 290 391 395 73 38 200 3064 33 35 52 27 155 22 382 219 36 34 2600 295 1102 283 8880
internal_value=-1.92255e-12 0.000310814 0.002042 4.09916e-05 0.000679359 0.00961742 0.000439534 -0.00195015 -0.00394154 -0.00849761 -1.05246e-05 0.00138016 -0.00191692 -0.00266682 0.000553726 0.000953368 -0.00242196 -0.00450016 0.0258509 0.00740965 0.00224999 0.00388798 -0.000376 -0.000122933 -0.000819199 0.000115716 -0.00225426 -0.000734836 -0.00524579 8.10233e-05
internal_weight=26794 7594 1024 6570 4975 130 4845 1595 787 424 808 363 76 595 4814 908 252 217 54 213 656 404 252 19200 4350 2634 1716 1138 578 14850
internal_count=26794 7594 1024 6570 4975 130 4845 1595 787 424 808 363 76 595 4814 908 252 217 54 213 656 404 252 19200 4350 2634 1716 1138 578 14850
is_linear=0
shrinkage=0.05


Tree=197
num_leaves=18
num_cat=0
split_feature=6 4 0 4 2 6 4 2 6 4 4 0 4 4 6 6 2
split_gain=0.419135 0.298634 0.285284 1.66059 3.29256 2.66944 2.28611 6.83291 0.793913 1.37798 1.33469 1.74756 1.44677 1.2027 0.539055 0.339406 0.0591711
threshold=18.500000000000004 13.500000000000002 1.0000000180025095e-35 1.0000000180025095e-35 1.0000000180025095e-35 6.5000000000000009 5.5000000000000009 1.0000000180025095e-35 9.5000000000000018 12.500000000000002 5.5000000000000009 2.5000000000000004 6.5000000000000009 5.5000000000000009 7.5000000000000009 6.5000000000000009 1.0000000180025095e-35
decision_type=2 2 2 2 2 2 2 2 2 2 2 2 2 2 2 2 2
left_child=1 2 3 4 14 -6 7 -5 9 13 11 -10 -12 -4 -1 -8 -11
right_child=-2 -3 8 6 5 -7 15 -9 10 16 12 -13 -14 -15 -16 -17 -18
leaf_value=-0.0056355707299632907 0.0038365587749531571 0.0050609412587022985 3.5804392516564002e-05 -0.00015598104686206558 -0.0068769863700127295 -4.406478299683751e-05 -0.00074532489167794536 0.0085749859438955384 0.0023282354913568264 -0.0048778823196577534 -0.0021141350653285269 -0.00067907781214986585 0.0016430637245851414 0.0011014634090340315 -0.011459221494280631 -2.8526928540497249e-05 -0.0075402508751722056
leaf_weight=78 71 29 9373 877 165 1069 2701 301 729 60 1549 1432 307 3690 81 4250 32
leaf_count=78 71 29 9373 877 165 1069 2701 301 729 60 1549 1432 307 3690 81 4250 32
internal_value=3.59903e-12 -1.01933e-05 -1.57025e-05 -0.00023521 -0.00183028 -0.000957705 3.81244e-05 0.00207494 0.000106016 0.000293883 -0.000509218 0.000335421 -0.00149266 0.000336829 -0.00860234 -0.000307058 -0.00580392
internal_weight=26794 26723 26694 9522 1393 1234 8129 1178 17172 13155 4017 2161 1856 13063 159 6951 92
internal_count=26794 26723 26694 9522 1393 1234 8129 1178 17172 13155 4017 2161 1856 13063 159 6951 92
is_linear=0
shrinkage=0.05


Tree=198
num_leaves=31
num_cat=0
split_feature=5 7 5 0 7 0 0 7 7 7 7 0 7 5 5 7 7 7 0 7 7 7 5 7 0 0 7 7 7 0
split_gain=0.409958 4.75976 1.82705 1.43965 1.30354 3.14089 7.17045 1.96526 4.14996 1.6969 1.22894 1.90215 1.68974 1.00145 0.920728 2.26801 6.33451 4.67404 4.18667 4.02155 6.11987 5.88087 3.28895 3.51423 2.6479 3.18174 2.19814 1.16277 1.09402 3.23493
threshold=42.500000000000007 -2.0927473306655879 40.500000000000007 1.0000000180025095e-35 0.72283068299293529 3.5000000000000004 2.5000000000000004 0.030315545387566093 0.19287778437137607 -0.22003030031919477 -0.44111494719982142 3.5000000000000004 -0.34357759356498713 33.500000000000007 51.500000000000007 -0.1875178515911102 -0.28505519032478327 -0.27855271100997919 3.5000000000000004 -0.16475913673639295 -0.15825664997100827 -0.14200042933225629 43.500000000000007 -2.0927473306655879 1.0000000180025095e-35 3.5000000000000004 -0.26229648292064661 -0.31106515228748316 1.7697314620018008 4.5000000000000009
decision_type=2 2 2 2 2 2 2 2 2 2 2 2 2 2 2 2 2 2 2 2 2 2 2 2 2 2 2 2 2 2
left_child=1 -1 4 -4 7 6 -6 9 -9 -3 11 -5 -12 -7 15 16 22 18 -18 24 -21 -22 27 -24 -17 -26 -19 -2 -16 -30
right_child=14 2 3 10 5 13 -8 8 -10 -11 12 -13 -14 -15 28 19 17 26 -20 20 21 -23 23 -25 25 -27 -28 -29 29 -31
leaf_value=-0.0127547529782506 0.005822463243718096 0.00048029187691218722 -6.9943339780168361e-05 0.010160127228223965 -0.00081768663727000757 -0.0095447731608720998 0.021574657349973114 0.013530157779365086 0.0011460224082001211 -0.0028343390602795235 0.010322034482774564 -0.0021050948221137391 0.0032299110878849578 -0.003561989743602128 0.00023849539666259724 -0.0062359573319554331 0.00016977182261783768 0.0026923813930183065 -0.023419887251070432 -0.014951077991151321 0.013615973834178331 -5.8307199782271871e-05 -0.0072755019157537681 -0.00045895711352297831 0.022388418988348584 0.0060301581516861921 -0.0052925904132986928 -0.0021150578478617327 -0.0038235599840820709 0.0069441773092755723
leaf_weight=69 262 3636 534 38 1059 114 37 86 317 432 97 188 626 181 11809 30 27 102 62 67 81 2684 203 2757 39 125 556 56 437 83
leaf_count=69 262 3636 534 38 1059 114 37 86 317 432 97 188 626 181 11809 30 27 102 62 67 81 2684 203 2757 39 125 556 56 437 83
internal_value=-1.80104e-12 0.000316207 0.000438997 0.00200684 4.23571e-05 -0.00129439 -6.17407e-05 0.00045824 0.00378879 0.000128296 0.00317544 -4.28008e-05 0.00418141 -0.00587398 -0.000120968 -0.000576687 -0.00135422 -0.00550938 -0.0162635 0.000457539 -1.95356e-05 0.000342278 -0.000407331 -0.000926443 0.00742185 0.00992023 -0.0040548 0.00442466 0.00013966 -0.00210486
internal_weight=26794 7414 7345 1483 5862 1391 1096 4471 403 4068 949 226 723 295 19380 7051 4025 747 89 3026 2832 2765 3278 2960 194 164 658 318 12329 520
internal_count=26794 7414 7345 1483 5862 1391 1096 4471 403 4068 949 226 723 295 19380 7051 4025 747 89 3026 2832 2765 3278 2960 194 164 658 318 12329 520
is_linear=0
shrinkage=0.05


Tree=199
num_leaves=31
num_cat=0
split_feature=5 5 4 5 0 4 4 5 4 4 3 0 0 4 5 4 4 5 0 5 5 3 4 4 5 3 0 4 4 5
split_gain=0.369987 1.31441 0.951546 0.93986 0.918653 1.586 2.39972 0.830957 3.40283 6.66587 4.05994 5.129 3.23029 4.2298 3.12987 1.04409 2.61437 3.32235 3.60067 2.47247 2.17501 1.73768 2.09719 1.70471 1.01219 1.196 0.96265 0.885466 0.859921 0.804952
threshold=42.500000000000007 40.500000000000007 11.500000000000002 31.500000000000004 1.0000000180025095e-35 4.5000000000000009 9.5000000000000018 51.500000000000007 8.5000000000000018 6.5000000000000009 1.0000000180025095e-35 1.0000000180025095e-35 3.5000000000000004 2.5000000000000004 48.500000000000007 5.5000000000000009 2.5000000000000004 53.500000000000007 3.5000000000000004 63.500000000000007 55.500000000000007 1.5000000000000002 11.500000000000002 1.0000000180025095e-35 78.500000000000014 1.0000000180025095e-35 4.5000000000000009 6.5000000000000009 1.0000000180025095e-35 37.500000000000007
decision_type=2 2 2 2 2 2 2 2 2 2 2 2 2 2 2 2 2 2 2 2 2 2 2 2 2 2 2 2 2 2
left_child=1 2 29 -4 5 -3 -7 8 9 12 -11 -12 14 -14 -2 16 20 26 -19 21 23 22 -17 -9 27 -26 -18 -21 -22 -1
right_child=7 4 3 -5 -6 6 -8 15 -10 10 11 -13 13 -15 -16 19 17 18 -20 24 28 -23 -24 -25 25 -27 -28 -29 -30 -31
leaf_value=0.00016327329843326564 -0.00087408109207784662 -0.0084521507333014528 -0.0019211423934771205 0.0034749804517376845 0.0025043483381159606 0.016580293748689735 3.0936294073319959e-05 -0.0016702411509709931 0.00090520866800506978 -0.028292919988885071 -0.023146020372708642 0.0036651126070699489 -0.00043818432245315764 0.0089110049168857949 -0.005193285653229289 0.0017733073623487673 0.0066350795956979323 0.0037407544832881558 -0.00039296066778874534 -0.0026354809719418525 0.00082090399616987835 -0.00081542162649057045 -0.0051103263790918214 -0.015411204553168753 0.0049551301730772187 -0.00089672282263237094 0.015783387814140456 -5.0527488894817858e-05 -0.0029563420477643379 -0.0011841306005935036
leaf_weight=3891 950 51 106 338 995 23 460 1211 2564 33 30 44 2552 127 751 2038 83 963 1163 1528 2586 1503 117 23 114 373 44 423 160 1550
leaf_count=3891 950 51 106 338 995 23 460 1211 2564 33 30 44 2552 127 751 2038 83 963 1163 1528 2586 1503 117 23 114 373 44 423 160 1550
internal_value=9.26828e-12 0.000300397 -3.89471e-05 0.00218672 0.0016065 -6.64461e-05 0.000819001 -0.00011492 -0.000547853 -0.00137817 -0.0137082 -0.00720427 -0.00107696 5.02099e-06 -0.00278103 0.000132677 0.000587717 0.00194874 0.00147946 -0.00033259 -0.000182733 0.000489479 0.00139958 -0.00192635 -0.00156603 0.000473115 0.00980457 -0.00207503 0.000600817 -0.000220567
internal_weight=26794 7414 5885 444 1529 534 483 19380 7051 4487 107 74 4380 2679 1701 12329 6233 2253 2126 6096 3980 3658 2155 1234 2438 487 127 1951 2746 5441
internal_count=26794 7414 5885 444 1529 534 483 19380 7051 4487 107 74 4380 2679 1701 12329 6233 2253 2126 6096 3980 3658 2155 1234 2438 487 127 1951 2746 5441
is_linear=0
shrinkage=0.05


Tree=200
num_leaves=31
num_cat=0
split_feature=7 7 7 7 2 0 6 6 6 6 0 7 7 6 0 7 7 0 7 6 2 6 7 6 2 6 2 7 6 0
split_gain=0.41007 2.73309 3.91014 2.12829 7.51217 2.70487 2.4595 1.95887 1.90474 1.86393 1.59277 2.00556 1.48533 3.97086 1.92288 2.5505 1.56067 2.53603 3.35235 1.29747 1.24313 1.9374 1.1487 1.13513 1.08368 1.06567 1.01563 0.983863 1.54151 2.54942
threshold=-0.78574690222740162 -0.67195332050323475 -0.65569707751274098 -0.82151058316230763 1.5000000000000002 5.5000000000000009 7.5000000000000009 3.5000000000000004 7.5000000000000009 8.5000000000000018 3.5000000000000004 -0.72722449898719776 -0.86702802777290333 7.5000000000000009 4.5000000000000009 -0.85727426409721363 -0.92555043101310719 1.5000000000000002 -0.89628919959068287 5.5000000000000009 1.0000000180025095e-35 8.5000000000000018 -0.79875186085700978 11.500000000000002 1.0000000180025095e-35 6.5000000000000009 1.0000000180025095e-35 -0.63293838500976551 6.5000000000000009 3.5000000000000004
decision_type=2 2 2 2 2 2 2 2 2 2 2 2 2 2 2 2 2 2 2 2 2 2 2 2 2 2 2 2 2 2
left_child=3 7 8 12 22 -6 -7 -2 -3 10 19 -12 16 14 24 -16 20 -18 -19 -9 -1 -22 -5 -10 -14 -24 -11 28 -4 -30
right_child=1 2 27 4 5 6 -8 9 23 26 11 -13 13 -15 15 -17 17 18 -20 -21 21 -23 25 -25 -26 -27 -28 -29 29 -31
leaf_value=-0.00095152085220618775 -0.007727769924646341 0.00059493731521070012 -0.0010508077750556993 0.0091956158830343113 -0.0061647168700354263 -0.030953091285459047 -0.011035934653914264 0.018081996318035046 -0.022652357501598698 -0.005097162940424599 -0.0027290937005284618 0.0061922278720885522 0.0020457673658866708 0.016135804083663972 0.014026693837798161 -0.0020643164865004849 -0.001061752896847741 -0.028523183962249239 -0.0033292148757966297 0.0071929579389481135 -0.0012903412370805268 0.0029135959354105287 -0.0062627449532322195 -0.0085208538091844973 -0.0083662029090191947 0.0077807136049324824 0.0031606044491629872 -1.1348478106484163e-06 0.022487877018284055 0.0029571989383971827
leaf_weight=1988 38 25 77 57 61 31 31 34 30 73 94 191 41 50 46 53 123 23 31 140 476 646 35 27 64 22 76 22132 24 55
leaf_count=1988 38 25 77 57 61 31 31 34 30 73 94 191 41 50 46 53 123 23 31 140 476 646 35 27 64 22 76 22132 24 55
internal_value=3.59919e-12 7.92495e-05 -1.33408e-05 -0.000482797 -0.00506995 -0.0136399 -0.0209945 0.00328551 -0.0109117 0.00397384 0.00555116 0.00324976 -0.000175778 0.00350807 0.000413032 0.00541231 -0.000460443 -0.00502731 -0.01406 0.0093207 -0.000200528 0.00113011 0.00417658 -0.0159585 -0.00430058 -0.000842463 -0.000885147 2.67555e-05 0.00398361 0.00889057
internal_weight=26794 23016 22370 3778 237 123 62 646 82 608 459 285 3541 254 204 99 3287 177 54 174 3110 1122 114 57 105 57 149 22288 156 79
internal_count=26794 23016 22370 3778 237 123 62 646 82 608 459 285 3541 254 204 99 3287 177 54 174 3110 1122 114 57 105 57 149 22288 156 79
is_linear=0
shrinkage=0.05


Tree=201
num_leaves=31
num_cat=0
split_feature=7 7 4 6 7 7 4 6 4 7 7 6 6 7 7 6 4 2 6 7 7 7 7 2 7 7 7 7 7 6
split_gain=0.392302 2.00575 2.58939 3.42537 1.7622 1.71349 1.14194 1.58991 1.01302 3.51875 14.4101 5.91992 5.88859 3.86728 9.69955 5.60859 3.23702 3.05542 2.18293 1.19552 6.70318 6.6205 0.890171 0.694082 2.38151 1.26968 0.691946 0.676546 0.965361 0.632028
threshold=-0.41835623979568476 -0.3858437836170196 1.0000000180025095e-35 7.5000000000000009 -0.43136121332645411 -0.40535125136375422 1.0000000180025095e-35 5.5000000000000009 1.0000000180025095e-35 -0.3143163919448852 -0.33057262003421778 7.5000000000000009 9.5000000000000018 -0.2883064448833465 -0.27855271100997919 8.5000000000000018 1.5000000000000002 1.0000000180025095e-35 3.5000000000000004 -0.080226775258779512 -0.26229648292064661 0.069330483675003066 -0.41185374557971949 1.5000000000000002 -0.42810997366905207 -0.42810997366905207 -0.40210001170635218 -0.40210001170635218 -0.39234627783298487 1.5000000000000002
decision_type=2 2 2 2 2 2 2 2 2 2 2 2 2 2 2 2 2 2 2 2 2 2 2 2 2 2 2 2 2 2
left_child=4 2 3 5 29 22 7 -6 9 10 12 -12 -3 15 -15 -11 17 18 -10 20 -18 -21 -2 25 -25 -9 -7 -5 -29 -1
right_child=1 8 -4 27 6 26 -8 23 16 13 11 -13 -14 14 -16 -17 19 -19 -20 21 -22 -23 -24 24 -26 -27 -28 28 -30 -31
leaf_value=0.0041535337043665894 0.0069925753498036002 0.0012794805502416204 -0.0010443238996664043 0.0024133849221592151 0.0067682577985460346 0.015406877953293069 5.0963296141839566e-05 0.0070298118474469949 -0.0053481086411259395 0.0022062082968908945 -0.0087025102741347671 -0.029133621995122389 -0.02519734701649709 -0.011499324664555388 -6.6867072984379061e-05 0.018957039851952216 0.0010687424322851633 0.014421024684830067 0.010359202466930289 0.0032811887994197591 -0.0037776641708752732 -0.00020149538536682463 -0.0025292693896012174 -0.016652586723212154 -0.0038207618724350094 -0.0077384282453093938 0.0083955305808198037 -0.0088091233548206783 0.0019317300830568587 -0.00018409714717257538
leaf_weight=85 45 462 311 60 23 42 133 22 55 361 78 65 22 192 5505 58 2017 78 37 1708 1104 6787 54 60 91 43 217 52 35 6992
leaf_count=85 45 462 311 60 23 42 133 22 55 361 78 65 22 192 5505 58 2017 78 37 1708 1104 6787 54 60 91 43 217 52 35 6992
internal_value=-6.97824e-13 0.000118721 0.0025448 0.00475514 -0.000308317 0.00739387 -0.00366262 -0.00572917 1.18782e-05 -0.000476899 -0.00404418 -0.0179894 7.59884e-05 -0.000111188 -0.000452163 0.00452494 0.000291517 0.00714108 0.000968962 0.000191274 -0.00064559 0.000498731 0.00179884 -0.00705991 -0.0089195 -0.00273995 0.00953251 -0.00167116 -0.00448809 -0.000131999
internal_weight=26794 19345 816 505 7449 358 372 239 18529 6743 627 143 484 6116 5697 419 11786 170 92 11616 3121 8495 99 216 151 65 259 147 87 7077
internal_count=26794 19345 816 505 7449 358 372 239 18529 6743 627 143 484 6116 5697 419 11786 170 92 11616 3121 8495 99 216 151 65 259 147 87 7077
is_linear=0
shrinkage=0.05


Tree=202
num_leaves=31
num_cat=0
split_feature=1 7 7 4 7 7 7 7 4 7 4 0 7 7 7 7 0 7 7 7 4 7 7 4 4 4 7 7 7 7
split_gain=0.43193 1.39013 3.46197 2.85233 3.85816 8.78252 3.54358 2.29246 6.80855 6.9089 5.51778 2.52336 2.06544 1.97823 1.8373 1.43884 1.35491 1.31508 1.50855 1.20122 1.72595 1.33406 0.976155 2.08071 3.00794 2.81146 3.90044 3.60666 1.82294 10.8931
threshold=1.0000000180025095e-35 1.0902213454246523 1.0934725999832156 5.5000000000000009 0.58952966332435619 0.72283068299293529 0.55051472783088695 -0.0086993912700563652 6.5000000000000009 0.38470122218132025 6.5000000000000009 5.5000000000000009 0.86588546633720409 -0.12249295786023139 -0.51914480328559864 0.61228835582733165 1.0000000180025095e-35 1.2527835965156557 1.1780049204826357 1.6851991415023806 5.5000000000000009 1.5518980622291567 0.80736306309700023 7.5000000000000009 9.5000000000000018 5.5000000000000009 0.86588546633720409 1.0154427289962771 -0.36958755552768702 -0.37609004974365229
decision_type=2 2 2 2 2 2 2 2 2 2 2 2 2 2 2 2 2 2 2 2 2 2 2 2 2 2 2 2 2 2
left_child=22 3 -3 4 6 15 14 10 9 -9 16 -10 -7 -12 -2 -6 -5 18 -4 21 -21 -19 28 25 -25 26 -24 -27 29 -1
right_child=1 2 17 7 5 12 -8 8 11 -11 13 -13 -14 -15 -16 -17 -18 19 -20 20 -22 -23 23 24 -26 27 -28 -29 -30 -31
leaf_value=-0.00046497370598527169 -0.00077005172251561559 0.010166589652412926 0.0024316413555708198 0.00046969841491302538 0.032721718483501014 0.0064304770993706033 -0.016436694871874585 -0.029981222387516139 0.0034092502656958776 -0.006157372989592424 -0.00033771489483092125 -0.006991200583463867 -0.010054924396650964 -0.0064408624212082951 0.0012606680827800735 0.016398371383547782 0.0094281964424637061 0.001593488172567429 -0.0098628226784057919 0.0063979438819382105 -0.001716846567388548 0.0078372435384365027 -0.016892974618046234 0.01487323694917209 -9.5549421806936157e-05 -0.0011110825050559086 -0.00016836358151494231 -0.0090120815181431724 0.00052093181618438232 -0.032295854710025232
leaf_weight=5943 1750 116 45 58 27 38 31 33 290 391 395 73 38 200 3064 27 155 254 56 81 343 129 36 34 2600 295 1102 283 8880 27
leaf_count=5943 1750 116 45 58 27 38 31 33 290 391 395 73 38 200 3064 27 155 254 56 81 343 129 36 34 2600 295 1102 283 8880 27
internal_value=8.79169e-13 0.000319208 0.00203275 5.2135e-05 0.000642025 0.00914241 0.000413944 -0.0017878 -0.0037085 -0.00801159 8.29741e-05 0.0013177 -0.00181222 -0.00238919 0.000522455 0.02456 0.00698879 0.000993625 -0.00438509 0.0016668 -0.000166615 0.00369648 -0.000126253 -0.000784968 9.76695e-05 -0.00213979 -0.000697437 -0.00497956 6.67035e-05 -0.000608932
internal_weight=26794 7594 1024 6570 4975 130 4845 1595 787 424 808 363 76 595 4814 54 213 908 101 807 424 383 19200 4350 2634 1716 1138 578 14850 5970
internal_count=26794 7594 1024 6570 4975 130 4845 1595 787 424 808 363 76 595 4814 54 213 908 101 807 424 383 19200 4350 2634 1716 1138 578 14850 5970
is_linear=0
shrinkage=0.05


Tree=203
num_leaves=31
num_cat=0
split_feature=1 6 7 7 6 7 4 7 6 6 4 7 7 7 7 6 7 7 7 4 7 7 7 4 4 4 6 6 6 4
split_gain=0.389817 1.73759 1.3315 5.06503 9.27304 4.98873 4.60186 3.9567 3.69713 3.3903 4.48743 3.26263 3.04463 2.18164 3.51595 2.08328 1.03297 0.894074 2.95483 1.40757 1.13732 0.940676 0.88098 1.87784 2.71467 2.53734 5.56182 3.88164 3.35148 2.95506
threshold=1.0000000180025095e-35 11.500000000000002 -0.37609004974365229 -0.23303528130054471 9.5000000000000018 -0.47687864303588862 1.0000000180025095e-35 -0.49313485622406 7.5000000000000009 6.5000000000000009 9.5000000000000018 -0.51914480328559864 -0.18101536482572553 -0.44761744141578669 -0.44111494719982142 6.5000000000000009 1.3763308525085451 0.010808077175170185 0.088837951421737685 5.5000000000000009 -0.080226775258779512 -0.30456265807151789 0.80736306309700023 7.5000000000000009 9.5000000000000018 5.5000000000000009 8.5000000000000018 12.500000000000002 10.500000000000002 1.0000000180025095e-35
decision_type=2 2 2 2 2 2 2 2 2 2 2 2 2 2 2 2 2 2 2 2 2 2 2 2 2 2 2 2 2 2
left_child=22 2 5 4 6 7 -4 11 -9 10 -5 -2 -11 15 -15 -7 17 20 -19 -20 21 -3 -1 25 -25 26 29 28 -27 -24
right_child=1 16 3 9 -6 13 -8 8 -10 12 -12 -13 -14 14 -16 -17 -18 18 19 -21 -22 -23 23 24 -26 27 -28 -29 -30 -31
leaf_value=6.3368356068283847e-05 -6.9355619875453067e-05 -0.0015713402697069756 -0.0064995977475472066 0.007208345043123972 0.015260564790417749 0.0020326047004988034 0.0074625811081093091 -7.4275033548474318e-05 -0.021571747902780773 0.0065010648659676656 -0.00079452485706099001 0.0088383096169579681 -0.00032517375839390676 -0.013070483256371751 0.0043288270994211548 0.012616605197275883 0.0045792700810326796 -0.02250246268443086 0.005890987675104823 -0.0057152535449894312 0.0028849857705287064 -0.0077616345711789304 -0.0054908638653869855 0.014129574991324369 -9.0771923148937422e-05 -0.0034378694386501835 0.0033571654419314919 0.0035813248561761151 -0.012189911418615586 0.002671594874159446
leaf_weight=14850 1391 555 641 427 60 68 65 40 40 174 297 111 2668 31 458 147 62 22 35 103 130 69 506 34 2600 289 490 113 176 142
leaf_count=14850 1391 555 641 427 60 68 65 40 40 174 297 111 2668 31 458 147 62 22 35 103 130 69 506 34 2600 289 490 113 176 142
internal_value=-8.88858e-13 0.000303247 0.000593697 7.8502e-05 -0.00361037 0.00157 -0.00521413 1.18444e-05 -0.010823 0.000870895 0.0039254 0.000588934 9.27592e-05 0.00507141 0.0032258 0.00926911 -0.00166621 -0.00208987 -0.00548463 -0.00277164 -0.00136949 -0.00225584 -0.000119941 -0.00074572 9.27861e-05 -0.0020328 -0.000662566 -0.00473059 -0.00675047 -0.00370218
internal_weight=26794 7594 6618 4332 766 2286 706 1582 80 3566 724 1502 2842 704 489 215 976 914 160 138 754 624 19200 4350 2634 1716 1138 578 465 648
internal_count=26794 7594 6618 4332 766 2286 706 1582 80 3566 724 1502 2842 704 489 215 976 914 160 138 754 624 19200 4350 2634 1716 1138 578 465 648
is_linear=0
shrinkage=0.05


Tree=204
num_leaves=31
num_cat=0
split_feature=7 7 6 7 0 6 5 0 5 7 5 6 0 5 5 7 5 0 0 0 6 5 5 0 7 7 6 5 7 7
split_gain=0.337766 1.72028 1.73963 1.69616 2.53758 4.18313 1.41454 1.96396 5.34646 1.96286 1.28664 4.00503 1.28638 1.05473 3.86778 2.82018 2.77382 1.95958 1.72798 1.22574 1.26045 1.06625 6.80227 4.63743 0.88816 0.840555 4.81629 5.63903 11.8123 2.31533
threshold=-0.41835623979568476 -0.3858437836170196 9.5000000000000018 -0.43136121332645411 4.5000000000000009 5.5000000000000009 34.500000000000007 4.5000000000000009 45.500000000000007 -0.40535125136375422 56.500000000000007 7.5000000000000009 1.0000000180025095e-35 71.500000000000014 73.500000000000014 -1.1336300969123838 70.500000000000014 4.5000000000000009 5.5000000000000009 4.5000000000000009 11.500000000000002 67.500000000000014 66.500000000000014 3.5000000000000004 -0.42485871911048884 -0.3143163919448852 10.500000000000002 58.500000000000007 -0.33057262003421778 -0.30456265807151789
decision_type=2 2 2 2 2 2 2 2 2 2 2 2 2 2 2 2 2 2 2 2 2 2 2 2 2 2 2 2 2 2
left_child=3 2 6 13 12 -6 -2 8 -8 -9 11 -7 24 16 19 18 21 -18 -16 -15 -21 22 -1 -23 -5 26 27 -3 -29 -27
right_child=1 25 -4 4 5 10 7 9 -10 -11 -12 -13 -14 14 15 -17 17 -19 -20 20 -22 23 -24 -25 -26 29 -28 28 -30 -31
leaf_value=-0.00017627602925509412 -0.00084418033507372293 -0.00058462829124854027 -0.012207502732053399 -0.0047871963953542889 0.01426257947903304 -0.0073456089218546239 0.023298482797625992 -0.0032100191443517794 0.0030661835163017783 0.0043162002657219532 0.00017802161465008413 -0.027476946773628393 0.010518907743596262 0.0035450997782197403 0.0018506882386342093 -0.015167095730530806 0.0019474701583385469 -0.014984128725956437 -0.0068903793115168812 0.022736721944350464 0.0090675795334391306 0.012722997872957163 -0.016317853845204369 -0.00077770802597621922 0.0039039932718535641 0.0044739009345060891 0.022678462815071857 -0.0029912138021135903 -0.041063770237896181 3.4758777194896508e-05
leaf_weight=5887 206 1418 20 66 21 140 45 121 119 305 31 30 31 47 485 29 25 54 64 26 48 84 66 262 53 299 21 83 27 16681
leaf_count=5887 206 1418 20 66 21 140 45 121 119 305 31 30 31 47 485 29 25 54 64 26 48 84 66 262 53 299 21 83 27 16681
internal_value=-9.70326e-12 0.00011016 0.00235697 -0.000286085 -0.00357693 -0.00697145 0.00272291 0.00396837 0.00861773 0.00217847 -0.00918993 -0.0108982 0.00144695 -0.000113103 0.00173072 2.89857e-05 -0.000315177 -0.00962603 0.000831693 0.00985966 0.0138703 -0.000198403 -0.000355235 0.00249992 -0.00091633 1.12127e-05 -0.00110378 -0.00143063 -0.0123363 0.000112927
internal_weight=26794 19345 816 7449 372 222 796 590 164 426 201 170 150 7077 699 578 6378 79 549 121 74 6299 5953 346 119 18529 1549 1528 110 16980
internal_count=26794 19345 816 7449 372 222 796 590 164 426 201 170 150 7077 699 578 6378 79 549 121 74 6299 5953 346 119 18529 1549 1528 110 16980
is_linear=0
shrinkage=0.05


Tree=205
num_leaves=31
num_cat=0
split_feature=7 5 6 5 6 5 5 5 6 6 6 5 6 6 5 7 4 7 5 4 5 4 5 7 7 4 4 7 7 6
split_gain=0.317384 5.18074 9.08321 2.65124 3.54018 3.67824 1.91287 9.42143 2.74727 2.82312 1.09533 3.37226 1.09069 0.796852 6.8183 4.32603 3.5711 2.44853 2.01263 1.90823 1.32836 1.30867 1.02265 3.72018 1.48897 1.29439 3.03749 2.03246 1.04941 0.90197
threshold=-1.1856499910354612 60.500000000000007 9.5000000000000018 59.500000000000007 9.5000000000000018 54.500000000000007 67.500000000000014 66.500000000000014 10.500000000000002 11.500000000000002 7.5000000000000009 46.500000000000007 8.5000000000000018 10.500000000000002 60.500000000000007 -0.30131141841411585 5.5000000000000009 1.0000000180025095e-35 70.500000000000014 1.5000000000000002 64.500000000000014 4.5000000000000009 67.500000000000014 -0.28505519032478327 0.41071118414402014 1.0000000180025095e-35 1.5000000000000002 -0.67195332050323475 -0.29480892419815058 12.500000000000002
decision_type=2 2 2 2 2 2 2 2 2 2 2 2 2 2 2 2 2 2 2 2 2 2 2 2 2 2 2 2 2 2
left_child=1 3 -3 4 10 -6 7 -4 -8 -10 11 -1 -12 18 21 20 19 -18 22 -17 -16 -15 25 28 -25 27 -27 -2 -24 -22
right_child=13 2 6 -5 5 -7 8 -9 9 -11 12 -13 -14 14 15 16 17 -19 -20 -21 29 -23 23 24 -26 26 -28 -29 -30 -31
leaf_value=-0.003789725325743606 0.0023063251832338739 0.020906802061302909 0.0012471862983974543 -0.017960385477234577 -0.011693120313187441 0.0076755147472496585 -0.016656754445284607 -0.022890933222916663 0.0075419231210100031 0.00076595746426877821 -0.0096176889703701481 0.0086522570196691847 -0.0039326390903836068 0.0064036469840045495 -0.02129138166084886 0.000377079202933237 0.00020222727993872988 -0.003367396926376014 -0.0092289151517641662 0.0068763364427971638 -0.0037078151326269322 0.020426575362500622 0.0093785887694378435 -0.003850301452870439 0.004583882113608221 0.0044602533291147545 0.00032238862536351933 -0.00051669827169307429 0.023305867257572357 -0.011873708564847235
leaf_weight=508 689 58 231 29 30 134 20 49 190 805 131 61 237 28 20 250 947 975 57 206 73 41 38 111 99 461 11689 8543 21 63
leaf_count=508 689 58 231 29 30 134 20 49 190 805 131 61 237 28 20 250 947 975 57 206 73 41 38 111 99 461 11689 8543 21 63
internal_value=1.0076e-11 -0.000538464 0.00154875 -0.00303759 -0.00264452 0.00413247 0.000681753 -0.00297698 0.00169106 0.00205986 -0.00383068 -0.00245587 -0.00595639 5.4996e-05 -0.00077167 -0.00119394 -0.000664806 -0.00160859 0.000154121 0.00331315 -0.00925988 0.0147361 0.000178824 0.00324249 0.000125814 0.000140281 0.000479389 -0.000306011 0.0143358 -0.00749055
internal_weight=26794 2483 1353 1130 1101 164 1295 280 1015 995 937 569 368 24311 2603 2534 2378 1922 21708 456 156 69 21651 269 210 21382 12150 9232 59 136
internal_count=26794 2483 1353 1130 1101 164 1295 280 1015 995 937 569 368 24311 2603 2534 2378 1922 21708 456 156 69 21651 269 210 21382 12150 9232 59 136
is_linear=0
shrinkage=0.05


Tree=206
num_leaves=30
num_cat=0
split_feature=6 0 7 7 7 7 7 0 6 7 6 0 2 7 7 0 7 7 2 2 6 6 6 6 7 7 7 7 6
split_gain=0.346664 0.333337 1.23401 4.67554 5.2994 4.61012 6.29666 4.48239 12.0605 8.77717 3.17004 2.8566 2.66836 1.72854 1.66809 1.43055 1.19444 3.31564 1.4315 6.38512 1.50746 1.27959 1.39415 1.23501 1.90498 0.997105 14.1872 1.52685 0.936063
threshold=18.500000000000004 1.0000000180025095e-35 0.28391262888908392 0.57652464509010326 0.68381574749946605 -0.19076909869909284 -0.19402033835649488 3.5000000000000004 10.500000000000002 0.12785288691520694 8.5000000000000018 5.5000000000000009 1.0000000180025095e-35 -0.2883064448833465 0.48874105513095861 4.5000000000000009 -1.7188541293144224 -1.1336300969123838 1.0000000180025095e-35 1.5000000000000002 12.500000000000002 12.500000000000002 11.500000000000002 7.5000000000000009 -1.2360442876815794 0.16686782985925677 0.088837951421737685 0.52450475096702587 14.500000000000002
decision_type=2 2 2 2 2 2 2 2 2 2 2 2 2 2 2 2 2 2 2 2 2 2 2 2 2 2 2 2 2
left_child=1 16 5 10 12 6 13 8 -7 -9 14 -12 -5 -3 -4 -6 18 23 21 20 -20 22 -1 24 -18 26 -19 -27 -21
right_child=-2 2 3 4 15 7 -8 9 -10 -11 11 -13 -14 -15 -16 -17 17 25 19 28 -22 -23 -24 -25 -26 27 -28 -29 -30
leaf_value=-0.0023608964396996447 0.0034891454004485848 0.00015563383264215452 -0.0033187404772522106 0.0017948602757563718 -0.00072593810737173311 0.0071796840308445305 -0.019790329629691638 -0.0010698096118180189 -0.00097635012322432133 0.010789661734052693 -0.0015297383786259241 0.016521791595479715 0.010290189213151786 -0.0018792959876650214 -0.0089836229774043399 0.0019710378369053516 -0.010305608240784803 -0.00027805030295617101 0.029970382109284401 0.0042777758091688154 0.012024691413072023 -0.0068698529596216617 0.0065142405939034439 -0.0177203822282276 0.0051903207054627802 0.0026378913725247427 -0.017247956975673637 -7.9994487425761327e-05 -0.0053093087490437172
leaf_weight=89 71 7013 248 190 3359 1039 41 1589 804 173 465 23 180 1226 273 576 68 5468 25 49 22 52 88 28 28 634 126 2794 53
leaf_count=89 71 7013 248 190 3359 1039 41 1589 804 173 465 23 180 1226 273 576 68 5468 25 49 22 52 88 28 28 634 126 2794 53
internal_value=-6.44739e-12 -9.27027e-06 0.000122139 -0.000511245 0.000206771 0.000405337 -0.00024444 0.00189775 0.00362165 9.45993e-05 -0.00357473 -0.000678949 0.00592772 -0.000147173 -0.0062871 -0.000331158 -0.000246578 -0.000360412 0.00250773 0.00632228 0.0215703 2.57687e-05 0.0020516 -0.00848083 -0.00578596 -0.000248803 -0.000660283 0.000422672 -0.000703749
internal_weight=26794 26723 17199 5314 4305 11885 8280 3605 1843 1762 1009 488 370 8239 521 3935 9524 9146 378 149 47 229 177 124 96 9022 5594 3428 102
internal_count=26794 26723 17199 5314 4305 11885 8280 3605 1843 1762 1009 488 370 8239 521 3935 9524 9146 378 149 47 229 177 124 96 9022 5594 3428 102
is_linear=0
shrinkage=0.05


Tree=207
num_leaves=31
num_cat=0
split_feature=7 7 4 6 7 7 4 6 4 7 7 7 6 7 4 2 6 7 7 7 7 7 7 7 7 7 2 7 7 6
split_gain=0.318717 1.57005 2.14979 2.99465 1.51825 1.40663 0.954183 1.2371 0.871378 2.73219 12.5729 5.54366 5.14365 3.38298 2.67297 2.77187 2.07129 2.00023 1.2917 1.15975 5.92195 5.50267 0.840103 0.635468 0.619023 0.889903 0.618918 2.10179 1.13531 0.566141
threshold=-0.41835623979568476 -0.3858437836170196 1.0000000180025095e-35 7.5000000000000009 -0.43136121332645411 -0.40535125136375422 1.0000000180025095e-35 5.5000000000000009 1.0000000180025095e-35 -0.3143163919448852 -0.33057262003421778 -0.32081888616085047 9.5000000000000018 -0.30456265807151789 1.5000000000000002 1.0000000180025095e-35 2.5000000000000004 -0.0607193075120449 -0.30781391263008112 -0.080226775258779512 -0.26229648292064661 0.069330483675003066 -0.41185374557971949 -0.40210001170635218 -0.40210001170635218 -0.39234627783298487 1.5000000000000002 -0.42810997366905207 -0.42810997366905207 1.5000000000000002
decision_type=2 2 2 2 2 2 2 2 2 2 2 2 2 2 2 2 2 2 2 2 2 2 2 2 2 2 2 2 2 2
left_child=4 2 3 5 29 22 7 -6 9 10 12 -12 -3 18 15 16 -10 -15 -11 20 -16 -21 -2 -7 -5 -26 28 -28 -9 -1
right_child=1 8 -4 24 6 23 -8 26 14 13 11 -13 -14 17 19 -17 -18 -19 -20 21 -22 -23 -24 -25 25 -27 27 -29 -30 -31
leaf_value=0.003941768141949604 0.0067109537411791584 0.0013891279437121618 -0.0010168348597003284 0.0021658117727686959 0.0057435053765125905 0.014301947666154731 3.2141174476845823e-06 0.0068634309001605626 -0.011664516627788543 0.0050235247281803334 -0.025471034216918528 -0.0056725084368281393 -0.023356353186748245 0.00068051473650588179 0.00096783204686874821 0.013430014571741384 0.0052001149840166438 -0.0011418678669777469 0.017657929111737757 0.0030202690257300434 -0.0035874146955472462 -0.00015481701448029025 -0.0025392368384119538 0.0075828330232418466 -0.0085844706636495332 0.0017280624274696621 -0.015475041189298889 -0.0034203206572763541 -0.0071014971688909594 -0.00016354960648974279
leaf_weight=85 45 462 311 60 23 42 133 22 25 55 79 64 22 2918 2017 78 67 3111 32 1708 1104 6787 54 217 52 35 60 91 43 6992
leaf_count=85 45 462 311 60 23 42 133 22 25 55 79 64 22 2918 2017 78 67 3111 32 1708 1104 6787 54 217 52 35 60 91 43 6992
internal_value=-7.01011e-13 0.000107009 0.00225347 0.00426746 -0.000277901 0.00673472 -0.00339138 -0.00528042 1.24803e-05 -0.000440839 -0.00358423 -0.0166102 0.000264333 -0.000118584 0.000271833 0.00649609 0.000617335 -0.000259846 0.00967066 0.000180741 -0.000643508 0.000483564 0.0016654 0.00867242 -0.00174124 -0.00443575 -0.00645426 -0.00821028 -0.00237491 -0.000114242
internal_weight=26794 19345 816 505 7449 358 372 239 18529 6743 627 143 484 6116 11786 170 92 6029 87 11616 3121 8495 99 259 147 87 216 151 65 7077
internal_count=26794 19345 816 505 7449 358 372 239 18529 6743 627 143 484 6116 11786 170 92 6029 87 11616 3121 8495 99 259 147 87 216 151 65 7077
is_linear=0
shrinkage=0.05


Tree=208
num_leaves=31
num_cat=0
split_feature=1 7 7 4 7 7 7 0 7 7 4 7 4 0 7 7 0 4 4 7 0 0 4 4 7 7 0 7 4 7
split_gain=0.37812 1.30285 3.26193 2.57511 3.33911 7.72035 3.23582 14.6316 7.27016 1.93956 5.90553 5.9268 4.6428 2.29507 1.85181 1.73493 1.27734 2.37962 3.38139 1.24572 1.22454 0.982031 8.33052 2.93991 0.738939 5.08425 8.32192 5.89833 3.38491 4.32222
threshold=1.0000000180025095e-35 1.0902213454246523 1.0934725999832156 5.5000000000000009 0.58952966332435619 0.72283068299293529 0.48874105513095861 1.0000000180025095e-35 0.47248482704162603 -0.0086993912700563652 6.5000000000000009 0.38470122218132025 6.5000000000000009 5.5000000000000009 0.86588546633720409 -0.12249295786023139 1.0000000180025095e-35 10.500000000000002 6.5000000000000009 0.61228835582733165 1.0000000180025095e-35 2.5000000000000004 5.5000000000000009 4.5000000000000009 -0.4216074794530868 -0.54515478014945973 4.5000000000000009 -0.60042592883110035 1.0000000180025095e-35 -0.42810997366905207
decision_type=2 2 2 2 2 2 2 2 2 2 2 2 2 2 2 2 2 2 2 2 2 2 2 2 2 2 2 2 2 2
left_child=24 3 -3 4 6 19 8 -8 -2 12 11 -11 20 -12 -7 -14 17 18 -4 -6 -5 23 -23 -18 25 26 -1 -28 29 -27
right_child=1 2 16 9 5 14 7 -9 -10 10 13 -13 15 -15 -16 -17 21 -19 -20 -21 -22 22 -24 -25 -26 28 27 -29 -30 -31
leaf_value=-0.0015334472990734442 0.00047850421313409337 0.009852891203401418 -0.00052430618609915572 0.00014975637173408581 0.030558077853035045 0.0060424860762922396 0.018956587375087534 -0.01468942547534915 0.025171857960522178 -0.027830718818939094 0.0032009124888331985 -0.0057650279769700143 -0.00033387673178782005 -0.0067179371045375316 -0.0095670977803437342 -0.0060494011798291475 -0.010635926491980042 0.010021310364827514 -0.015146197880116794 0.015369610391833164 0.0086663742396499831 0.012364478876919185 -0.0095661486064813825 0.0044218195312651695 6.1705346615123085e-05 -0.0049982152858752188 0.0023644273232401227 0.013133012990131844 -0.0010114550542191796 -0.024452481673409542
leaf_weight=2123 4642 116 165 58 27 38 43 130 30 33 290 391 395 73 38 200 35 35 52 27 155 71 111 439 14370 591 1148 143 795 30
leaf_count=2123 4642 116 165 58 27 38 43 130 30 33 290 391 395 73 38 200 35 35 52 27 155 71 111 439 14370 591 1148 143 795 30
internal_value=-2.41306e-12 0.000298663 0.00195754 4.01097e-05 0.000600602 0.00850856 0.000388417 -0.00632654 0.000637066 -0.00170813 -0.00347482 -0.0074824 1.2639e-05 0.00120621 -0.00176231 -0.00225506 0.000948888 -0.00207685 -0.00402817 0.0229638 0.0063473 0.00211121 -0.00101079 0.00330996 -0.000118127 -0.000653158 0.000391586 0.00355723 -0.00317205 -0.00593803
internal_weight=26794 7594 1024 6570 4975 130 4845 173 4672 1595 787 424 808 363 76 595 908 252 217 54 213 656 182 474 19200 4830 3414 1291 1416 621
internal_count=26794 7594 1024 6570 4975 130 4845 173 4672 1595 787 424 808 363 76 595 908 252 217 54 213 656 182 474 19200 4830 3414 1291 1416 621
is_linear=0
shrinkage=0.05


Tree=209
num_leaves=15
num_cat=0
split_feature=6 4 4 3 6 2 4 3 4 6 6 4 6 4
split_gain=0.314569 0.30885 0.249729 1.64322 1.08228 1.98427 1.37522 0.992663 0.485134 2.35396 0.803378 0.388684 0.295971 0.000505839
threshold=18.500000000000004 13.500000000000002 7.5000000000000009 2.5000000000000004 6.5000000000000009 1.5000000000000002 9.5000000000000018 1.0000000180025095e-35 5.5000000000000009 10.500000000000002 9.5000000000000018 9.5000000000000018 2.5000000000000004 4.5000000000000009
decision_type=2 2 2 2 2 2 2 2 2 2 2 2 2 2
left_child=1 2 3 8 5 12 -6 -8 10 -10 -1 -7 -4 -5
right_child=-2 -3 4 13 6 11 7 -9 9 -11 -12 -13 -14 -15
leaf_value=-0.00017376201541418948 0.0033237062761901134 0.0051483106189246838 0.0039151910345045556 0.0092852480858564377 0.012717166011376927 0.0024385916605365997 -0.0013229255526413294 0.0010172405371590633 0.00018739541078247848 -0.0020731953049405671 0.00074895595526074208 -0.0014591109990044477 0.0010005017268903281 0.0096226111147552727
leaf_weight=11067 71 29 95 25 24 66 521 3480 3583 1697 2998 2071 1047 20
leaf_count=11067 71 29 95 25 24 66 521 3480 3583 1697 2998 2071 1047 20
internal_value=3.70538e-12 -8.83071e-06 -1.44334e-05 -0.000108295 0.000234743 -0.000439586 0.000784091 0.00071251 -0.000130495 -0.000539162 2.29183e-05 -0.00133873 0.00124297 0.00943519
internal_weight=26794 26723 26694 19390 7304 3279 4025 4001 19345 5280 14065 2137 1142 45
internal_count=26794 26723 26694 19390 7304 3279 4025 4001 19345 5280 14065 2137 1142 45
is_linear=0
shrinkage=0.05


Tree=210
num_leaves=31
num_cat=0
split_feature=6 0 4 2 6 2 4 2 2 6 6 0 4 4 0 0 4 6 4 4 0 4 2 6 2 6 6 6 6 2
split_gain=0.283899 0.284004 1.35875 2.9007 2.37585 1.72694 1.52426 5.49081 4.7022 2.45039 0.61809 1.01584 2.35789 3.33945 2.53874 1.47107 3.53353 1.57388 0.914935 1.5591 1.24282 1.78095 1.32172 0.915264 0.797084 0.488108 0.443889 0.302689 0.564498 0.507585
threshold=18.500000000000004 1.0000000180025095e-35 1.0000000180025095e-35 1.0000000180025095e-35 6.5000000000000009 1.5000000000000002 5.5000000000000009 1.0000000180025095e-35 1.5000000000000002 12.500000000000002 9.5000000000000018 3.5000000000000004 5.5000000000000009 4.5000000000000009 2.5000000000000004 4.5000000000000009 1.0000000180025095e-35 1.5000000000000002 5.5000000000000009 6.5000000000000009 2.5000000000000004 1.0000000180025095e-35 1.0000000180025095e-35 10.500000000000002 1.0000000180025095e-35 7.5000000000000009 10.500000000000002 6.5000000000000009 9.5000000000000018 1.5000000000000002
decision_type=2 2 2 2 2 2 2 2 2 2 2 2 2 2 2 2 2 2 2 2 2 2 2 2 2 2 2 2 2 2
left_child=1 2 3 25 5 -5 7 9 -9 -4 11 12 13 -3 -14 16 -13 -17 20 23 22 -22 -12 -20 -21 -1 -6 29 -29 -8
right_child=-2 10 6 4 26 -7 27 8 -10 -11 18 15 14 -15 -16 17 -18 -19 19 24 21 -23 -24 -25 -26 -27 -28 28 -30 -31
leaf_value=-0.0052035138034858767 0.0031575210917163901 0.00060327727072831882 0.00055455116480918585 -0.0094724317165244317 0.00027200273515348781 0.0021805415828820575 1.2023229195901026e-05 0.014533476093853998 0.0019493362988300977 -0.0083323422225116388 0.0045998734439124025 -0.0053598176832009353 0.0017063056527982885 -0.0039462949556166608 0.013437300793668059 0.0074163002213714904 0.00090806481401487556 8.5168204617244177e-05 -0.00027747017429160446 0.0042509689865192412 -0.0037398998876842417 0.0003998905771470003 0.00023955346667733354 -0.0028062381789532229 -0.00086477533434791603 -0.010745132319847651 -0.0039612442537239109 0.00043480914218631532 -0.0007642580786058668 -0.0013585897330118304
leaf_weight=78 71 2348 791 122 1003 43 1346 133 168 86 286 417 2463 487 47 74 488 6856 561 173 341 1091 443 988 136 81 66 2713 1538 1356
leaf_count=78 71 2348 791 122 1003 43 1346 133 168 86 286 417 2463 487 47 74 488 6856 561 173 341 1091 443 988 136 81 66 2713 1538 1356
internal_value=-1.87411e-12 -8.38918e-06 -0.000227433 -0.0016703 -0.000851294 -0.0064356 1.97581e-05 0.00168295 0.00750977 -0.000316912 0.000112907 0.000278425 0.000809885 -0.000178254 0.00192597 -8.41339e-05 -0.00198001 0.000163452 -0.000429897 -0.0012435 0.000269626 -0.000585911 0.00195019 -0.0018904 0.00199938 -0.0080266 1.06423e-05 -0.000262024 9.8995e-07 -0.00067582
internal_weight=26794 26723 9524 1393 1234 165 8131 1178 301 877 17199 13180 5345 2835 2510 7835 905 6930 4019 1858 2161 1432 729 1549 309 159 1069 6953 4251 2702
internal_count=26794 26723 9524 1393 1234 165 8131 1178 301 877 17199 13180 5345 2835 2510 7835 905 6930 4019 1858 2161 1432 729 1549 309 159 1069 6953 4251 2702
is_linear=0
shrinkage=0.05


Tree=211
num_leaves=31
num_cat=0
split_feature=7 7 5 5 7 4 7 4 7 2 4 5 5 5 5 2 4 2 5 2 7 5 5 2 2 5 5 4 5 7
split_gain=0.364872 2.35924 4.03756 4.11393 3.2866 2.46035 2.4662 2.01252 1.9462 6.79409 3.07536 3.83411 1.51279 3.15249 2.76324 7.95824 1.50318 2.51148 1.49878 1.45215 1.36333 2.1899 1.27053 1.24123 8.63302 1.22385 1.10575 1.10386 1.03223 0.897903
threshold=-0.78574690222740162 -0.67195332050323475 45.500000000000007 28.500000000000004 -0.65569707751274098 1.0000000180025095e-35 -0.74022945761680592 2.5000000000000004 -0.82151058316230763 1.5000000000000002 2.5000000000000004 49.500000000000007 71.500000000000014 73.500000000000014 70.500000000000014 1.0000000180025095e-35 6.5000000000000009 1.0000000180025095e-35 55.500000000000007 1.5000000000000002 -0.86702802777290333 45.500000000000007 60.500000000000007 1.0000000180025095e-35 1.5000000000000002 90.500000000000014 51.500000000000007 1.0000000180025095e-35 62.500000000000007 -0.70771703124046315
decision_type=2 2 2 2 2 2 2 2 2 2 2 2 2 2 2 2 2 2 2 2 2 2 2 2 2 2 2 2 2 2
left_child=8 2 3 -2 7 6 18 28 12 16 11 -11 14 -14 20 -16 -10 -18 -4 27 22 -22 -1 25 -25 -15 -8 -5 -3 -21
right_child=1 4 5 19 -6 -7 26 -9 9 10 -12 -13 13 23 15 -17 17 -19 -20 29 21 -23 -24 24 -26 -27 -28 -29 -30 -31
leaf_value=-0.0014127270433828773 -0.0052336883982341672 -0.021333950125323287 0.0017971566505730154 0.0027544626558665187 2.5490084202204337e-05 -0.005943590492520954 0.0018811022308900171 0.0037886250065639615 0.0089365383703261612 -0.032418471799852952 -0.0046223423072409911 -0.0081285026826662943 0.0094315161506653353 -0.0022768748190789344 -0.02299162800950201 0.010817702633461782 -0.015732115807588258 0.0071420108358974431 -0.017114861665124242 0.011795142495793699 -0.00061268238213789817 0.008990625664111726 0.0011453840754563232 0.025700047425925732 -0.0018785518142325219 0.0059693095757840922 0.01006444458880028 0.011143796056520517 -0.008403970470482653 0.022667745749155681
leaf_weight=1891 54 29 20 76 22288 134 95 20 65 33 58 32 117 334 46 28 21 28 22 64 153 97 653 36 134 52 73 81 33 27
leaf_count=1891 54 29 20 76 22288 134 95 20 65 33 58 32 117 334 46 28 21 28 22 64 153 97 653 36 134 52 73 81 33 27
internal_value=1.15702e-11 7.47545e-05 0.00305367 0.00727247 -1.12705e-05 -0.000650046 0.00272774 -0.010003 -0.000455413 -0.00484194 -0.012992 -0.0204603 -0.000161821 0.00197161 -0.000662448 -0.0101989 0.00395155 -0.00266119 -0.00810914 0.00999558 -0.000409871 0.0031134 -0.000756105 0.000401805 0.00396162 -0.00116599 0.00543696 0.00708272 -0.0144519 0.0150211
internal_weight=26794 23016 646 302 22370 344 210 82 3778 237 123 65 3541 673 2868 74 114 49 42 248 2794 250 2544 556 170 386 168 157 62 91
internal_count=26794 23016 646 302 22370 344 210 82 3778 237 123 65 3541 673 2868 74 114 49 42 248 2794 250 2544 556 170 386 168 157 62 91
is_linear=0
shrinkage=0.05


Tree=212
num_leaves=31
num_cat=0
split_feature=4 5 5 2 0 4 0 4 5 5 4 4 0 5 4 5 4 5 2 4 5 0 5 2 4 0 5 4 0 5
split_gain=0.283667 0.249073 1.23415 0.983086 0.854718 2.98149 1.21765 0.81381 0.828706 0.780566 2.71763 5.56747 2.89782 1.77272 0.742167 1.97213 1.7558 3.17219 2.7096 1.47042 0.72565 1.91577 0.707349 0.683643 0.682987 0.848123 0.342462 0.564206 0.320501 0.088742
threshold=13.500000000000002 42.500000000000007 40.500000000000007 1.5000000000000002 1.0000000180025095e-35 4.5000000000000009 3.5000000000000004 11.500000000000002 31.500000000000004 51.500000000000007 8.5000000000000018 6.5000000000000009 3.5000000000000004 45.500000000000007 5.5000000000000009 63.500000000000007 2.5000000000000004 53.500000000000007 1.0000000180025095e-35 9.5000000000000018 37.500000000000007 4.5000000000000009 78.500000000000014 1.0000000180025095e-35 12.500000000000002 1.0000000180025095e-35 41.500000000000007 10.500000000000002 4.5000000000000009 26.500000000000004
decision_type=2 2 2 2 2 2 2 2 2 2 2 2 2 2 2 2 2 2 2 2 2 2 2 2 2 2 2 2 2 2
left_child=1 2 7 4 5 -4 -6 20 29 10 11 12 -3 -13 16 19 18 -18 -11 -16 21 -1 -17 -22 25 -12 -5 -28 -10 -9
right_child=-2 9 3 26 6 -7 -8 8 28 14 24 13 -14 -15 15 22 17 -19 -20 -21 23 -23 -24 -25 -26 -27 27 -29 -30 -31
leaf_value=-0.00041883125457570089 0.0049424306553756368 -0.0025994571170913083 -0.011980094801543689 0.001318360122397921 0.0071819548678927524 0.0045002655833061922 0.0022020084410525314 0.00099183046037242526 0.0051518071695526909 -0.0048409417388754405 0.00014806218317161266 -0.016733050206986566 3.9327971841334314e-05 -0.0026765582966618243 0.0013602061301156174 -0.0017794616381482534 0.0093154324834623676 0.0011806341091143858 0.00025199877286398036 -0.00066583151075549375 -0.0040394504904451836 0.0024381566008191335 0.00035080017705564626 -0.00078527667389089524 -0.0062568761352689338 0.0020310654273626065 -0.0033174012739063917 0.0006422744193981749 0.0019706429799496222 -0.0026465043347014723
leaf_weight=3171 29 1701 41 403 171 83 435 21 129 281 1544 75 2679 32 2069 1950 127 2126 3699 1579 183 720 487 1367 34 976 139 255 205 83
leaf_count=3171 29 1701 41 403 171 83 435 21 129 281 1544 75 2679 32 2069 1950 127 2126 3699 1579 183 720 487 1367 34 976 139 255 205 83
internal_value=2.16023e-12 -5.35514e-06 0.000241248 0.00150772 0.00283332 -0.000948886 0.00360724 -8.7702e-05 0.00198569 -9.96961e-05 -0.000519635 -0.00126074 -0.00098546 -0.0125292 0.000140342 -0.000252456 0.000523813 0.00163919 -0.000107578 0.000483256 -0.00025461 0.000109833 -0.00135376 -0.00116948 0.000782378 0.000877352 0.000293551 -0.000754667 0.0031993 -0.00191184
internal_weight=26794 26765 7406 1527 730 124 606 5879 438 19359 7041 4487 4380 107 12318 6085 6233 2253 3980 3648 5441 3891 2437 1550 2554 2520 797 394 334 104
internal_count=26794 26765 7406 1527 730 124 606 5879 438 19359 7041 4487 4380 107 12318 6085 6233 2253 3980 3648 5441 3891 2437 1550 2554 2520 797 394 334 104
is_linear=0
shrinkage=0.05


Tree=213
num_leaves=31
num_cat=0
split_feature=6 4 4 6 0 6 0 6 0 4 4 6 2 0 0 2 0 2 0 4 2 6 4 2 2 6 4 6 2 4
split_gain=0.279372 1.17839 0.777622 5.23069 2.07304 3.65696 1.64069 2.95519 1.90097 0.797939 3.08152 1.26874 0.621292 3.46947 1.22839 2.12109 4.03811 0.759794 0.271566 1.24671 3.78044 1.94039 1.7411 6.82308 9.652 2.04939 1.09616 1.02216 7.47145 0.762201
threshold=5.5000000000000009 1.0000000180025095e-35 1.5000000000000002 4.5000000000000009 5.5000000000000009 2.5000000000000004 3.5000000000000004 2.5000000000000004 2.5000000000000004 3.5000000000000004 4.5000000000000009 4.5000000000000009 1.0000000180025095e-35 5.5000000000000009 4.5000000000000009 1.5000000000000002 3.5000000000000004 1.5000000000000002 1.0000000180025095e-35 4.5000000000000009 1.0000000180025095e-35 7.5000000000000009 5.5000000000000009 1.0000000180025095e-35 1.5000000000000002 12.500000000000002 1.0000000180025095e-35 6.5000000000000009 1.5000000000000002 1.0000000180025095e-35
decision_type=2 2 2 2 2 2 2 2 2 2 2 2 2 2 2 2 2 2 2 2 2 2 2 2 2 2 2 2 2 2
left_child=1 12 3 6 9 -6 8 -8 -3 11 -11 -4 13 -1 15 16 -14 -16 19 20 21 26 23 25 -25 -21 -2 28 -22 -23
right_child=18 2 4 -5 5 -7 7 -9 -10 10 -12 -13 14 -15 17 -17 -18 -19 -20 22 27 29 -24 24 -26 -27 -28 -29 -30 -31
leaf_value=0.013603075740463806 -0.006138323551482138 0.00049946232754183881 -0.0077394131262483725 0.014742635540417671 0.0011539877749358613 -0.025684618729759346 -0.0085326391272246838 0.0099244554797160382 -0.0073633928846531709 0.011705027331065919 -0.00017415067815272444 0.001758613170374597 0.00036867327702742436 -0.011090748116374017 -0.0024279945158063414 -0.017586463143428165 -0.013508184567533997 0.0015737027747200619 0.00019129118917867986 0.00060437703710095839 -0.012521640673956081 -0.009985148098411752 -0.00021048026874045294 0.023430221417435892 0.0022249766799720861 -0.007743817418148476 0.0054718724997906854 3.3083674444813083e-05 0.016913968978192789 -0.019685605153682884
leaf_weight=33 68 303 83 68 30 22 29 86 103 56 2172 61 186 25 313 30 73 191 15008 589 84 81 5622 81 159 84 29 1069 29 27
leaf_count=33 68 303 83 68 30 22 29 86 103 56 2172 61 186 25 313 30 73 191 15008 589 84 81 5622 81 159 84 29 1069 29 27
internal_value=-3.67306e-12 -0.000393302 7.07441e-05 0.00170028 -0.000325211 -0.0102008 -1.98799e-06 0.00527006 -0.0014953 -0.000108714 0.000124428 -0.00371594 -0.00203628 0.00295919 -0.00240164 -0.00500041 -0.00354256 -0.000911478 6.62764e-05 -0.00017056 -0.00153207 -0.00780015 0.000118408 0.00214361 0.00938175 -0.000437597 -0.00266723 -0.000444963 -0.00496737 -0.0124103
internal_weight=26794 3864 3013 589 2424 52 521 115 406 2372 2228 144 851 58 793 289 259 504 22930 7922 1387 205 6535 913 240 673 97 1182 113 108
internal_count=26794 3864 3013 589 2424 52 521 115 406 2372 2228 144 851 58 793 289 259 504 22930 7922 1387 205 6535 913 240 673 97 1182 113 108
is_linear=0
shrinkage=0.05


Tree=214
num_leaves=31
num_cat=0
split_feature=7 7 0 7 7 7 0 0 1 2 1 2 2 2 1 1 0 7 7 0 7 1 7 7 2 0 2 7 7 0
split_gain=0.414832 1.52518 1.5612 2.62095 1.29527 0.866819 0.627583 3.37413 8.86453 2.95223 5.18595 2.0502 0.75843 3.53038 0.67324 0.651367 0.612939 0.581615 1.22436 1.82229 1.12627 1.10018 0.957151 2.0769 7.11031 1.8099 2.20361 1.55801 0.771915 0.547998
threshold=-1.1856499910354612 -1.4928926229476926 2.5000000000000004 -1.2360442876815794 -1.3579659461975095 -1.4278677105903623 1.0000000180025095e-35 1.5000000000000002 1.0000000180025095e-35 1.0000000180025095e-35 1.0000000180025095e-35 1.0000000180025095e-35 1.0000000180025095e-35 1.5000000000000002 1.0000000180025095e-35 1.0000000180025095e-35 3.5000000000000004 -0.94505789875984181 -0.86702802777290333 5.5000000000000009 -0.89628919959068287 1.0000000180025095e-35 -0.82151058316230763 -0.79875186085700978 1.5000000000000002 4.5000000000000009 1.0000000180025095e-35 -0.67195332050323475 -0.85727426409721363 3.5000000000000004
decision_type=2 2 2 2 2 2 2 2 2 2 2 2 2 2 2 2 2 2 2 2 2 2 2 2 2 2 2 2 2 2
left_child=1 6 5 4 29 -3 12 8 11 14 -11 -8 15 -14 -9 -1 -6 21 19 20 -19 -2 25 24 -24 26 -20 -25 -27 -4
right_child=17 2 3 -5 16 -7 7 9 -10 10 -12 -13 13 -15 -16 -17 -18 18 22 -21 -22 -23 23 27 -26 28 -28 -29 -30 -31
leaf_value=-0.0021926463885726978 0.001177322835394733 -0.012832209407625831 -0.0070353873725980528 -0.011465072006026995 0.015554354518004085 -0.0048355198064173512 -0.0054761537892401829 0.00019895942097875329 0.0083928899505912365 0.012472297339661032 0.00059628304394335478 -0.018161818402522539 0.01529482699930668 -0.00092393002819781203 -0.0023558365347483372 0.0030539069766874869 0.0046244282821386032 0.00017073532370360275 0.0065097406234170471 -0.015671401788239125 -0.0075612935352210812 0.011718993325932668 0.0083487678380486999 0.0023473719018031083 -0.013818978374315935 0.011531495925938261 -0.0069637710517141188 -4.6054106244179519e-06 0.0037807000150981672 0.003237895350213404
leaf_weight=147 515 51 25 38 23 101 49 442 67 119 404 91 50 102 619 99 29 171 53 27 65 26 57 727 99 58 71 22370 72 27
leaf_count=147 515 51 25 38 23 101 49 442 67 119 404 91 50 102 619 99 29 171 53 27 65 26 57 727 99 58 71 22370 72 27
internal_value=-6.64871e-12 -0.000615603 -0.00399696 -0.000227293 0.00387882 -0.00751862 -0.00016146 -0.000560555 -0.00656393 0.000223977 0.00329847 -0.0137218 0.00163447 0.00441119 -0.00129154 -8.12286e-05 0.00945882 6.28745e-05 2.59792e-05 -0.0033666 -0.00195885 0.00168395 6.3936e-05 3.05903e-05 -0.00571922 0.00311664 -0.00120493 6.94253e-05 0.00723875 -0.00170118
internal_weight=26794 2483 294 142 104 152 2189 1791 207 1584 523 140 398 152 1061 246 52 24311 23770 263 236 541 23507 23253 156 254 124 23097 130 52
internal_count=26794 2483 294 142 104 152 2189 1791 207 1584 523 140 398 152 1061 246 52 24311 23770 263 236 541 23507 23253 156 254 124 23097 130 52
is_linear=0
shrinkage=0.05


Tree=215
num_leaves=13
num_cat=0
split_feature=5 5 5 4 4 5 5 2 4 5 4 5
split_gain=0.271076 1.24305 0.475438 0.358754 0.261688 0.243075 1.10318 0.898184 0.742611 0.667115 2.42302 0.567753
threshold=96.500000000000014 94.500000000000014 99.500000000000014 5.5000000000000009 13.500000000000002 42.500000000000007 40.500000000000007 1.5000000000000002 11.500000000000002 51.500000000000007 8.5000000000000018 64.500000000000014
decision_type=2 2 2 2 2 2 2 2 2 2 2 2
left_child=1 4 -2 -4 5 6 8 -8 -1 10 -7 -11
right_child=2 -3 3 -5 -6 9 7 -9 -10 11 -12 -13
leaf_value=-0.00023358826238640586 -0.0083083457899866282 0.011627461550676305 0.0036977524403482677 -0.0047299785701477018 0.0047456641978552115 -0.0011876239522562585 0.0027013155096609221 0.00027369063962446677 0.0019064723141385097 0.00037283383834238969 0.00074157381206736283 -0.00034221257645703878
leaf_weight=5441 27 23 28 23 29 4487 730 797 438 7952 2554 4265
leaf_count=5441 27 23 28 23 29 4487 730 797 438 7952 2554 4265
internal_value=-4.17156e-12 8.59326e-06 -0.0029433 -0.000102989 -1.41812e-06 -6.58109e-06 0.000236858 0.00143424 -7.41485e-05 -0.0001002 -0.000487841 0.000123208
internal_weight=26794 26716 78 51 26693 26664 7406 1527 5879 19258 7041 12217
internal_count=26794 26716 78 51 26693 26664 7406 1527 5879 19258 7041 12217
is_linear=0
shrinkage=0.05


Tree=216
num_leaves=31
num_cat=0
split_feature=1 6 6 0 2 0 0 0 0 6 6 2 2 2 0 6 0 6 6 0 6 0 6 0 6 6 6 2 6 6
split_gain=0.366854 1.62902 0.855222 1.40588 1.367 2.53626 0.914111 0.902912 0.738511 3.32342 2.28545 2.57524 0.633433 0.971139 1.31445 0.906843 0.901416 0.814115 0.613073 2.39285 0.567 0.608183 2.30456 0.432795 2.25725 0.846458 0.576031 1.1245 0.878645 0.376464
threshold=1.0000000180025095e-35 11.500000000000002 6.5000000000000009 4.5000000000000009 1.5000000000000002 3.5000000000000004 2.5000000000000004 6.5000000000000009 6.5000000000000009 4.5000000000000009 8.5000000000000018 1.0000000180025095e-35 1.0000000180025095e-35 1.5000000000000002 1.0000000180025095e-35 4.5000000000000009 2.5000000000000004 4.5000000000000009 12.500000000000002 5.5000000000000009 3.5000000000000004 1.5000000000000002 1.5000000000000002 2.5000000000000004 15.500000000000002 14.500000000000002 13.500000000000002 1.5000000000000002 12.500000000000002 10.500000000000002
decision_type=2 2 2 2 2 2 2 2 2 2 2 2 2 2 2 2 2 2 2 2 2 2 2 2 2 2 2 2 2 2
left_child=8 2 12 4 5 -4 -6 -5 18 -10 11 -11 15 14 -14 -2 -17 -15 20 -20 21 -1 -23 25 26 -3 28 -28 -25 -22
right_child=1 23 3 7 6 -7 -8 -9 9 10 -12 -13 13 17 -16 16 -18 -19 19 -21 29 22 -24 24 -26 -27 27 -29 -30 -31
leaf_value=-0.00045963715775890906 -0.0095713526769368746 0.00042118944242353084 0.00018596629207208912 -0.00083170000751112453 0.0039266900568636076 0.010598926128198703 -0.0024234438256826255 0.0077636318645560214 0.012581493762200295 -0.025728976813011936 0.0011317621231950504 -0.0028691172430461102 -0.0012879408640714485 0.0072876794257106014 0.004473548951636379 0.002797587876914788 -0.0051462900784547232 0.00026308213468720186 0.00050127304032823803 0.011497600895732089 -1.891214268218349e-05 0.0060859393974652095 -0.006069060650785791 -0.0029637362223740582 0.012845394167710434 -0.0043493859046914926 -0.0039090896829624073 0.0099356537515466869 -0.0087468779485287331 -0.00081844083724807906
leaf_weight=441 27 413 2304 2121 495 60 64 31 23 28 34 22 122 44 525 114 52 659 590 54 16148 49 191 268 22 120 44 22 87 1620
leaf_count=441 27 413 2304 2121 495 60 64 31 23 28 34 22 122 44 525 114 52 659 590 54 16148 49 191 268 22 120 44 22 87 1620
internal_value=1.91491e-12 0.00029418 0.000575409 0.000262 0.000976056 0.000450255 0.00319966 -0.000707882 -0.000116354 -0.00425867 -0.00886967 -0.0156706 0.00160622 0.00198927 0.00338715 -0.0010731 0.000309144 0.000702744 -9.31402e-05 0.00142333 -0.000146076 -0.00156194 -0.00358741 -0.00161276 -0.00276767 -0.000652861 -0.00358355 0.000705825 -0.00438101 -9.18093e-05
internal_weight=26794 7594 6618 5075 2923 2364 559 2152 19200 107 84 50 1543 1350 647 193 166 703 19093 644 18449 681 240 976 443 533 421 66 355 17768
internal_count=26794 7594 6618 5075 2923 2364 559 2152 19200 107 84 50 1543 1350 647 193 166 703 19093 644 18449 681 240 976 443 533 421 66 355 17768
is_linear=0
shrinkage=0.05


Tree=217
num_leaves=30
num_cat=0
split_feature=4 0 4 3 4 2 2 3 2 3 2 2 4 3 0 0 4 3 4 0 2 4 4 4 3 4 3 2 3
split_gain=0.244014 0.209932 1.07555 2.47998 1.70625 5.82135 8.3512 2.00215 1.58002 1.34655 4.20071 2.21561 0.812004 0.487586 1.95724 8.63508 4.94723 1.21717 0.980867 0.892717 1.04066 0.91475 0.592796 0.999516 0.651304 0.389299 0.269993 0.179888 0.139467
threshold=13.500000000000002 1.0000000180025095e-35 3.5000000000000004 1.0000000180025095e-35 5.5000000000000009 1.0000000180025095e-35 1.5000000000000002 1.0000000180025095e-35 1.5000000000000002 1.5000000000000002 1.5000000000000002 1.5000000000000002 1.5000000000000002 1.5000000000000002 1.5000000000000002 4.5000000000000009 10.500000000000002 2.5000000000000004 4.5000000000000009 6.5000000000000009 1.0000000180025095e-35 8.5000000000000018 12.500000000000002 10.500000000000002 1.0000000180025095e-35 1.5000000000000002 2.5000000000000004 1.5000000000000002 1.0000000180025095e-35
decision_type=2 2 2 2 2 2 2 2 2 2 2 2 2 2 2 2 2 2 2 2 2 2 2 2 2 2 2 2 2
left_child=1 2 3 8 5 7 -7 -4 12 11 -11 -5 -1 19 16 -16 17 -15 -17 22 25 -22 23 -3 -24 -21 28 -18 -6
right_child=-2 13 4 9 26 6 -8 -9 -10 10 -12 -13 -14 14 15 18 27 -19 -20 20 21 -23 24 -25 -26 -27 -28 -29 -30
leaf_value=0.00095501215660007534 0.0045839860160224915 -3.6515153035034696e-05 -0.0025880008691926536 -0.001072111784415122 9.0007026539043635e-05 0.021836054584954259 0.0021114165788156175 0.0029020942470801255 0.0077296656309224568 -0.010913738874049381 0.0095541212741555945 -0.0083978231471939762 -0.0051510104083365973 0.0088970192913052411 -0.031243242485367737 -0.0035743533003175358 -0.0014468446772581888 -0.0033586578337814321 0.00054908630744505092 0.00513713387328954 -0.01639446350387656 -0.0021712265216046948 -0.0065524470942494063 0.0017505754801875658 -0.00062404533616982217 -0.0029289309051819148 -0.003771908008007504 0.00068965394446404834 -0.00036866282572678032
leaf_weight=447 29 13647 396 778 2718 81 159 286 81 131 31 119 62 256 23 178 109 22 760 21 26 20 70 830 137 52 53 1025 4247
leaf_count=447 29 13647 396 778 2718 81 159 286 81 131 31 119 62 256 23 178 109 22 760 21 26 20 70 830 137 52 53 1025 4247
internal_value=1.97354e-12 -4.96677e-06 -0.00019238 -0.00135436 4.89425e-05 0.00207113 0.00876848 -0.000285703 0.00124344 -0.00280167 -0.00699705 -0.00204397 0.000211253 9.96621e-05 0.000765028 -0.000975571 0.00194967 0.00792715 -0.0002334 -6.99962e-06 -0.00432021 -0.0102104 2.79549e-05 6.59429e-05 -0.00262882 -0.000608556 -0.000216726 0.000484294 -0.000189673
internal_weight=26794 26765 9589 1649 7940 922 240 682 590 1059 162 897 509 17176 2373 961 1412 278 938 14803 119 46 14684 14477 207 73 7018 1134 6965
internal_count=26794 26765 9589 1649 7940 922 240 682 590 1059 162 897 509 17176 2373 961 1412 278 938 14803 119 46 14684 14477 207 73 7018 1134 6965
is_linear=0
shrinkage=0.05


Tree=218
num_leaves=23
num_cat=0
split_feature=6 6 3 3 0 0 0 6 0 3 0 6 4 3 4 6 4 0 6 4 6 0
split_gain=0.253792 0.299764 1.01027 1.73186 2.00737 1.51547 0.299866 0.266191 1.67114 0.85061 1.19862 0.227311 1.07647 8.83021 0.75961 0.277966 1.58166 0.560134 0.223346 0.11569 0.0219555 0.016166
threshold=18.500000000000004 14.500000000000002 1.0000000180025095e-35 1.5000000000000002 4.5000000000000009 1.0000000180025095e-35 1.0000000180025095e-35 13.500000000000002 5.5000000000000009 1.5000000000000002 4.5000000000000009 5.5000000000000009 1.0000000180025095e-35 1.0000000180025095e-35 1.5000000000000002 10.500000000000002 5.5000000000000009 1.0000000180025095e-35 15.500000000000002 4.5000000000000009 15.500000000000002 4.5000000000000009
decision_type=2 2 2 2 2 2 2 2 2 2 2 2 2 2 2 2 2 2 2 2 2 2
left_child=1 7 19 5 6 20 -5 11 9 10 -9 12 13 -1 -14 17 -17 -13 -7 -3 -4 -11
right_child=-2 2 3 4 -6 18 -8 8 -10 21 -12 15 14 -15 -16 16 -18 -19 -20 -21 -22 -23
leaf_value=-0.0086612582071534088 0.0029854052240999656 0.0009950797235512216 -0.00073885241057723759 -0.0062359258621221504 0.010724441172849191 -0.010331366456424199 0.00059653353080368389 0.00050749029207509011 0.012087260519690586 -0.0060437507028209755 0.013247700082138181 -0.00024505431086004715 0.0016914793162985946 0.0019225214565406915 -0.00031041365193094119 0.00075087278305142836 -0.0014893507555131819 0.00032345599362119276 -0.016662854060100821 0.0053883856162428856 -0.0027168033307695644 -0.0043742478150745915
leaf_weight=310 71 23 20 42 38 30 26 240 33 29 20 6659 589 541 2424 1558 1594 12402 26 43 47 29
leaf_count=310 71 23 20 42 38 30 26 240 33 29 20 6659 589 541 2424 1558 1594 12402 26 43 47 29
internal_value=7.51807e-12 -7.93188e-06 -0.00159297 -0.00316381 0.00152009 -0.00720034 -0.00362351 9.76091e-06 0.00137752 0.000266131 0.00148751 -8.64931e-06 -0.000362595 -0.00193291 8.09288e-05 5.29203e-05 -0.000382032 0.000124846 -0.013271 0.00385739 -0.00212637 -0.005209
internal_weight=26794 26723 295 229 106 123 68 26428 351 318 260 26077 3864 851 3013 22213 3152 19061 56 66 67 58
internal_count=26794 26723 295 229 106 123 68 26428 351 318 260 26077 3864 851 3013 22213 3152 19061 56 66 67 58
is_linear=0
shrinkage=0.05


Tree=219
num_leaves=31
num_cat=0
split_feature=7 5 6 5 6 5 5 5 6 6 4 5 5 5 6 7 7 7 4 7 5 7 7 4 7 6 5 7 7 7
split_gain=0.415832 3.65177 8.63096 2.44834 2.85381 3.11656 1.70269 8.8879 2.20112 2.47938 1.09423 3.68811 1.01288 0.526663 1.41172 2.19245 5.98723 4.91622 3.30449 1.82187 1.5955 1.4435 8.80367 6.64655 3.57748 3.00815 1.93632 1.35835 8.02455 4.02372
threshold=-1.1856499910354612 60.500000000000007 9.5000000000000018 59.500000000000007 9.5000000000000018 54.500000000000007 67.500000000000014 66.500000000000014 10.500000000000002 11.500000000000002 4.5000000000000009 24.500000000000004 32.500000000000007 42.500000000000007 6.5000000000000009 1.7047066092491152 1.0349501967430117 0.57652464509010326 10.500000000000002 1.399089574813843 48.500000000000007 -0.3143163919448852 -0.32407012581825251 4.5000000000000009 -0.30456265807151789 9.5000000000000018 43.500000000000007 0.46598234772682195 0.53750970959663402 0.030315545387566093
decision_type=2 2 2 2 2 2 2 2 2 2 2 2 2 2 2 2 2 2 2 2 2 2 2 2 2 2 2 2 2 2
left_child=1 3 -3 4 10 -6 7 -4 -8 -10 11 -1 -12 27 15 16 17 -15 -17 -18 -20 22 25 -24 -23 -16 -26 29 -29 -2
right_child=13 2 6 -5 5 -7 8 -9 9 -11 12 -13 -14 14 21 18 19 -19 20 -21 -22 24 23 -25 26 -27 -28 28 -30 -31
leaf_value=-0.0049041592922105005 0.00050263562792533898 0.020005997456610206 0.00094180195814087288 -0.01705491928833312 -0.01081938948482275 0.0070091829545719467 -0.015179979121312498 -0.022502894577931386 0.0067107280309459108 0.00036065788440672419 -0.011886832239322884 0.0076808302620933813 -0.003956991385419527 -0.0018287577117493505 0.00033138597641301225 0.012242869989547347 -0.01841722314054477 0.0099629197486408774 0.0021175752541132491 -0.006724403529612271 -0.0088360635891810754 0.0099449313143850308 -0.024860696966061371 -0.003683981494131414 -0.0059114465663682612 -0.0041401018635317767 0.00031987518343189176 -0.018099743568745909 -9.9866518080909549e-05 0.0063917373943377688
leaf_weight=172 4729 58 231 29 30 134 20 49 190 805 43 88 634 1482 2739 70 62 94 136 72 44 96 64 88 126 436 11796 64 1904 309
leaf_count=172 4729 58 231 29 30 134 20 49 190 805 43 88 634 1482 2739 70 62 94 136 72 44 96 64 88 126 436 11796 64 1904 309
internal_value=1.21587e-14 -0.000616344 0.00113602 -0.00271452 -0.0023368 0.00374786 0.000290875 -0.00316102 0.00124312 0.00157323 -0.00340178 -0.000644624 -0.00446066 6.29502e-05 -8.51257e-05 -0.00134874 -0.00198815 -0.00112545 0.00302482 -0.0121345 -0.000559981 7.62741e-05 -0.000845414 -0.0126005 0.000331429 -0.000282651 0.000254018 0.000428701 -0.000685228 0.000863837
internal_weight=26794 2483 1353 1130 1101 164 1295 280 1015 995 937 260 677 24311 17305 1960 1710 1576 250 134 180 15345 3327 152 12018 3175 11922 7006 1968 5038
internal_count=26794 2483 1353 1130 1101 164 1295 280 1015 995 937 260 677 24311 17305 1960 1710 1576 250 134 180 15345 3327 152 12018 3175 11922 7006 1968 5038
is_linear=0
shrinkage=0.05


Tree=220
num_leaves=31
num_cat=0
split_feature=7 0 1 0 7 7 2 1 7 0 0 2 2 2 2 7 1 0 0 0 7 7 0 1 7 7 7 7 7 2
split_gain=0.375288 1.30001 3.77862 4.50233 3.73098 3.00741 2.29132 2.83671 7.72008 6.14798 4.30076 1.99442 1.98854 1.59322 1.3581 0.767299 0.618669 4.296 2.21159 1.05559 0.49991 0.480191 2.64256 0.383287 1.3037 1.71835 4.16548 0.95936 1.68625 1.59792
threshold=-1.1856499910354612 1.5000000000000002 1.0000000180025095e-35 1.0000000180025095e-35 -1.6261937022209165 -1.7188541293144224 1.0000000180025095e-35 1.0000000180025095e-35 -2.0927473306655879 5.5000000000000009 4.5000000000000009 1.0000000180025095e-35 1.5000000000000002 1.5000000000000002 1.0000000180025095e-35 -1.3579659461975095 1.0000000180025095e-35 5.5000000000000009 5.5000000000000009 3.5000000000000004 -1.0523489713668821 -1.07510769367218 3.5000000000000004 1.0000000180025095e-35 -0.89628919959068287 -0.82151058316230763 -0.79875186085700978 0.80736306309700023 0.78135308623313915 1.0000000180025095e-35
decision_type=2 2 2 2 2 2 2 2 2 2 2 2 2 2 2 2 2 2 2 2 2 2 2 2 2 2 2 2 2 2
left_child=1 2 3 5 14 11 16 8 9 -8 -9 -1 -12 -4 -5 -10 17 19 -18 -3 21 -2 -23 27 -25 -26 -27 28 -22 -30
right_child=20 6 13 4 -6 -7 7 10 15 -11 12 -13 -14 -15 -16 -17 18 -19 -20 -21 23 22 -24 24 25 26 -28 -29 29 -31
leaf_value=-0.0019443128351122143 0.00096223524326573967 0.0015721295926125784 0.005589465777428743 -0.008448795844031888 -0.0014279403413335482 -0.0079069007811277525 0.037142787260874631 0.016678241130552794 0.00087559586938689739 0.0079324142704176349 0.014355396639730317 0.0073957719000092908 -0.0018523446705578615 -0.0049195281675328377 -0.019374852803801853 -0.0099659776800156887 -0.00045332763263935687 0.0076241963857811099 -0.0073665474854445988 -0.0040604380238167693 7.0893901208696333e-05 -0.00091162203402467528 0.019632451191706504 -0.012377243954688311 0.0092897020407555694 -0.01362580993423625 0.00045122235962657487 -0.000729766846344486 -0.00097614794946275648 0.01059448336993621
leaf_weight=130 226 116 167 43 72 109 31 38 51 43 20 102 352 46 84 24 465 142 154 294 13205 49 23 20 54 53 6207 4350 50 74
leaf_count=130 226 116 167 43 72 109 31 38 51 43 20 102 352 46 84 24 465 142 154 294 13205 49 23 20 54 53 6207 4350 50 74
internal_value=4.1482e-12 -0.000585527 -0.00231965 -0.00454415 -0.0105206 -0.00105643 0.00016927 0.00280295 0.00871136 0.0201692 0.000655746 0.0021621 -0.000980961 0.00331992 -0.0156755 -0.00259371 -0.00108797 0.000129047 -0.00217326 -0.00246683 5.98027e-05 0.00209511 0.00565107 3.45447e-05 0.000368277 0.00040865 0.00033204 -8.50245e-05 0.000125391 0.00592891
internal_weight=26794 2483 753 540 199 341 1730 559 149 74 410 232 372 213 127 75 1171 552 619 410 24311 298 72 24013 6334 6314 6260 17679 13329 124
internal_count=26794 2483 753 540 199 341 1730 559 149 74 410 232 372 213 127 75 1171 552 619 410 24311 298 72 24013 6334 6314 6260 17679 13329 124
is_linear=0
shrinkage=0.05


Tree=221
num_leaves=31
num_cat=0
split_feature=1 6 4 6 4 6 2 6 2 4 4 6 4 4 4 6 6 6 6 2 6 6 2 2 2 2 6 6 6 6
split_gain=0.292771 1.4612 0.97167 1.34268 1.44861 2.00272 1.22343 0.767515 0.941309 0.558204 1.46332 5.15787 1.47591 1.24107 2.11752 1.12692 1.04858 1.22785 0.821193 0.88183 0.815844 0.813919 5.1871 5.30812 2.42402 1.76793 1.42145 0.951594 0.779648 0.595684
threshold=1.0000000180025095e-35 11.500000000000002 6.5000000000000009 6.5000000000000009 4.5000000000000009 9.5000000000000018 1.5000000000000002 5.5000000000000009 1.0000000180025095e-35 1.0000000180025095e-35 1.5000000000000002 4.5000000000000009 2.5000000000000004 4.5000000000000009 3.5000000000000004 6.5000000000000009 11.500000000000002 7.5000000000000009 3.5000000000000004 1.0000000180025095e-35 7.5000000000000009 7.5000000000000009 1.0000000180025095e-35 1.5000000000000002 1.5000000000000002 1.0000000180025095e-35 9.5000000000000018 9.5000000000000018 5.5000000000000009 9.5000000000000018
decision_type=2 2 2 2 2 2 2 2 2 2 2 2 2 2 2 2 2 2 2 2 2 2 2 2 2 2 2 2 2 2
left_child=9 2 3 7 6 -6 -5 -2 -9 21 11 18 16 14 -14 -13 17 -12 19 -11 -17 24 27 26 25 -1 -24 -23 -26 -25
right_child=1 -3 -4 4 5 -7 -8 8 -10 10 12 15 13 -15 -16 20 -18 -19 -20 -21 -22 22 23 29 28 -27 -28 -29 -30 -31
leaf_value=0.0042056113520652803 -0.00037050634650891097 -0.0015432414960413867 -0.00070271076847721974 -0.0012809997474630493 0.0037906704085964487 0.00027571821969383175 0.00088162715521833803 -0.0053215017061560392 0.0035713891049400179 -0.0024040996525856503 -0.0012288296949523299 0.013667565833762935 0.0011584478063166961 -3.213323154666443e-05 0.011812793919495468 -0.001704193143030772 0.000338472518300222 -0.0089936312494325668 0.0036412199309580964 0.0030906658758491786 0.010704983346578149 -0.017859961312602868 0.0032290413528621048 -0.0020214277843370676 -0.0023068762338107887 -0.0020280525343166628 0.00011537502393986107 -0.0051240475678985776 0.001631832270525872 -0.0051676340470799033
leaf_weight=119 185 976 1289 1419 643 1096 1213 31 742 305 92 98 238 11711 58 26 121 114 119 96 27 44 1091 537 146 2574 552 22 901 209
leaf_count=119 185 976 1289 1419 643 1096 1213 31 742 305 92 98 238 11711 58 26 121 114 119 96 27 44 1091 537 146 2574 552 22 901 209
internal_value=-4.3853e-12 0.000262803 0.000529152 0.00082712 0.000455562 0.00157538 -0.000284318 0.0025224 0.00321475 -0.000103944 8.2128e-05 0.00235604 -4.15786e-05 4.86833e-05 0.00324612 0.010491 -0.00335587 -0.00552586 -6.23327e-06 -0.00108864 0.00461746 -0.00049456 0.000212815 0.000594822 -0.000958894 -0.0017526 0.00218294 -0.0136147 0.00108259 -0.00290287
internal_weight=26794 7594 6618 5329 4371 1739 2632 958 773 19200 13005 671 12334 12007 296 151 327 206 520 401 53 6195 2455 2389 3740 2693 1643 66 1047 746
internal_count=26794 7594 6618 5329 4371 1739 2632 958 773 19200 13005 671 12334 12007 296 151 327 206 520 401 53 6195 2455 2389 3740 2693 1643 66 1047 746
is_linear=0
shrinkage=0.05


Tree=222
num_leaves=31
num_cat=0
split_feature=7 5 0 7 3 3 0 0 3 5 3 5 5 5 5 5 0 5 7 5 7 3 5 7 7 3 5 7 5 3
split_gain=0.356768 3.18776 7.64097 4.95702 9.18798 3.92145 4.25762 7.47755 6.93664 3.59937 2.78913 2.72594 2.24671 1.76759 1.28078 3.82456 2.00857 0.943887 0.919498 0.965571 0.958166 0.728527 0.598091 0.478509 2.81841 4.41626 2.3511 6.9233 1.93358 1.71561
threshold=-1.1856499910354612 60.500000000000007 1.5000000000000002 -2.0927473306655879 1.0000000180025095e-35 1.5000000000000002 5.5000000000000009 3.5000000000000004 1.0000000180025095e-35 71.500000000000014 1.5000000000000002 59.500000000000007 65.500000000000014 24.500000000000004 85.500000000000014 81.500000000000014 1.0000000180025095e-35 72.500000000000014 -1.4928926229476926 18.500000000000004 -1.2360442876815794 1.0000000180025095e-35 45.500000000000007 -0.56466224789619435 -0.51914480328559864 1.5000000000000002 60.500000000000007 -0.65569707751274098 61.500000000000007 1.0000000180025095e-35
decision_type=2 2 2 2 2 2 2 2 2 2 2 2 2 2 2 2 2 2 2 2 2 2 2 2 2 2 2 2 2 2
left_child=1 2 3 4 22 6 7 8 -3 -9 11 13 -7 -4 15 -14 -16 21 19 -5 -20 -8 -1 26 25 -25 29 28 -28 -2
right_child=23 5 10 18 -6 12 17 9 -10 -11 -12 -13 14 -15 16 -17 -18 -19 20 -21 -22 -23 -24 24 -26 -27 27 -29 -30 -31
leaf_value=-0.014218013397147579 -0.00018584112171113508 0.00076118681506623874 -0.0055751264564784589 -0.0046962951573992287 -0.040330974385142326 0.012627610989979336 0.0040912694493008238 -0.0058063553261660759 0.013818378686965976 0.0034661429804525804 0.017909263251792817 -0.017146814560207228 -0.0035643162765408281 0.0009705729541722042 -0.0069758648734267173 -0.021075191286702953 0.0082437198330729232 0.021325085839877526 -0.0090082339951958589 0.0093014098365198482 0.00073324313989895241 0.014248756437403401 -0.0054116877654165618 -0.0057343461858523591 6.5418731194524094e-05 0.0090197780501731703 -0.021257133230877422 0.01957740764706754 -0.0059788009431868466 0.0024830277281433629
leaf_weight=31 1220 229 122 28 32 21 31 310 183 158 21 24 233 667 41 36 46 24 98 22 34 41 51 404 21239 58 24 26 151 1189
leaf_count=31 1220 229 122 28 32 21 31 310 183 158 21 24 233 667 41 36 46 24 98 22 34 41 51 404 21239 58 24 26 151 1189
internal_value=-2.32634e-12 -0.000570897 -0.00253125 -0.00943273 -0.0176083 0.00106635 0.00273933 0.00164859 0.00656086 -0.0026759 -8.18013e-05 -0.000546515 -0.00326475 -4.15631e-05 -0.00420222 -0.00590778 0.00107127 0.0127378 -0.00431177 0.0014627 -0.00649907 0.00987539 -0.00874091 5.83084e-05 -1.86213e-05 -0.0038821 0.000697945 -0.0044973 -0.00807412 0.00113142
internal_weight=26794 2483 1130 296 114 1353 976 880 412 468 834 813 377 789 356 269 87 96 182 50 132 72 82 24311 21701 462 2610 201 175 2409
internal_count=26794 2483 1130 296 114 1353 976 880 412 468 834 813 377 789 356 269 87 96 182 50 132 72 82 24311 21701 462 2610 201 175 2409
is_linear=0
shrinkage=0.05


Tree=223
num_leaves=31
num_cat=0
split_feature=7 7 5 5 7 4 7 4 7 2 4 5 4 2 5 2 5 5 7 5 4 7 4 5 4 7 5 5 7 7
split_gain=0.336994 1.94377 3.47149 3.64702 2.71642 2.04916 2.20892 1.65391 1.40104 5.15585 2.77299 3.60387 1.40462 2.16199 1.3412 1.27858 1.03208 1.00538 0.987622 2.15772 2.66747 1.20434 3.14652 3.75338 1.59092 2.83582 2.63879 0.975974 0.810866 0.769909
threshold=-0.78574690222740162 -0.67195332050323475 45.500000000000007 28.500000000000004 -0.65569707751274098 1.0000000180025095e-35 -0.74022945761680592 2.5000000000000004 -0.82151058316230763 1.5000000000000002 2.5000000000000004 49.500000000000007 6.5000000000000009 1.0000000180025095e-35 55.500000000000007 1.5000000000000002 33.500000000000007 51.500000000000007 -0.86702802777290333 45.500000000000007 10.500000000000002 -0.92555043101310719 1.5000000000000002 42.500000000000007 1.5000000000000002 -1.1856499910354612 47.500000000000007 62.500000000000007 -0.70771703124046315 -0.63293838500976551
decision_type=2 2 2 2 2 2 2 2 2 2 2 2 2 2 2 2 2 2 2 2 2 2 2 2 2 2 2 2 2 2
left_child=8 2 3 -2 7 6 14 27 18 12 11 -11 -10 -14 -4 16 -5 -8 21 -20 -21 24 23 -23 25 -1 -26 -3 -17 -6
right_child=1 4 5 15 29 -7 17 -9 9 10 -12 -13 13 -15 -16 28 -18 -19 19 20 -22 22 -24 -25 26 -27 -28 -29 -30 -31
leaf_value=-0.00076235608307401268 -0.00508743456184338 -0.019814995849697755 0.0015391413122415544 0.015618000996227449 0.0035274531275857816 -0.0054895049970120945 0.0015974919761433022 0.0034126357082277536 0.0083196306328933971 -0.02994447954732812 -0.0033116848031380058 -0.0063951031792385043 -0.015018860073316665 0.0062041201774263761 -0.016351084969937802 0.010901588955312036 0.0047123101682096493 0.0094005964179714671 -0.00092892281793277055 0.013147705787253617 -0.0056802584081888201 -0.0044853080260126221 0.00028145538516721481 -0.030824705550358412 -0.0033030627658053378 0.0077003205292775039 0.00028211642406108655 -0.0072422825251564835 0.021233801322954673 2.5060981704881921e-06
leaf_weight=241 54 29 20 26 156 134 95 20 65 33 58 32 21 28 22 64 131 73 153 76 25 38 118 21 689 168 2012 33 27 22132
leaf_count=241 54 29 20 26 156 134 95 20 65 33 58 32 21 28 22 64 131 73 153 76 25 38 118 21 689 168 2012 33 27 22132
internal_value=-2.54319e-12 7.18419e-05 0.00277576 0.00668766 -6.24183e-06 -0.000658516 0.00242412 -0.00908997 -0.000437669 -0.00415947 -0.0112593 -0.0183509 0.00350084 -0.00289144 -0.00783193 0.00925159 0.00651835 0.00498813 -0.000188568 0.00281533 0.00848732 -0.000420692 -0.00443248 -0.0138603 -0.000192368 0.00271376 -0.000632429 -0.0131231 0.0139672 2.71782e-05
internal_weight=26794 23016 646 302 22370 344 210 82 3778 237 123 65 114 49 42 248 157 168 3541 254 101 3287 177 59 3110 409 2701 62 91 22288
internal_count=26794 23016 646 302 22370 344 210 82 3778 237 123 65 114 49 42 248 157 168 3541 254 101 3287 177 59 3110 409 2701 62 91 22288
is_linear=0
shrinkage=0.05


Tree=224
num_leaves=31
num_cat=0
split_feature=1 6 6 0 2 0 0 0 0 6 6 2 2 6 6 2 6 0 6 2 0 6 0 0 2 2 0 6 2 6
split_gain=0.242361 1.32648 0.72165 1.18678 1.09916 2.31286 1.12504 0.842589 0.690921 2.98849 2.11711 2.36036 0.501785 0.896642 1.27682 0.995098 0.843646 0.778892 0.482287 0.929544 1.52136 1.22832 1.01786 2.9569 2.25806 0.473241 3.38907 3.80669 0.979519 2.26003
threshold=1.0000000180025095e-35 11.500000000000002 6.5000000000000009 4.5000000000000009 1.5000000000000002 3.5000000000000004 2.5000000000000004 6.5000000000000009 6.5000000000000009 4.5000000000000009 8.5000000000000018 1.0000000180025095e-35 1.0000000180025095e-35 4.5000000000000009 1.5000000000000002 1.5000000000000002 4.5000000000000009 2.5000000000000004 6.5000000000000009 1.0000000180025095e-35 5.5000000000000009 3.5000000000000004 4.5000000000000009 1.5000000000000002 1.5000000000000002 1.0000000180025095e-35 5.5000000000000009 9.5000000000000018 1.5000000000000002 7.5000000000000009
decision_type=2 2 2 2 2 2 2 2 2 2 2 2 2 2 2 2 2 2 2 2 2 2 2 2 2 2 2 2 2 2
left_child=8 2 12 4 5 -4 -6 -5 18 -10 11 -11 16 14 -14 -15 -2 -18 19 20 21 -1 23 -21 -24 26 -20 -28 29 -27
right_child=1 -3 3 7 6 -7 -8 -9 9 10 -12 -13 13 15 -16 -17 17 -19 25 22 -22 -23 24 -25 -26 28 27 -29 -30 -31
leaf_value=-0.0019303962565019866 -0.0091416996386316091 -0.0014816640971655973 0.0001371814504456855 -0.00080572850423844605 0.0036615108573959786 0.010080957587342711 -0.0033832548491773196 0.0074975170803466638 0.011867885384708643 -0.024648959542225516 0.0011523616561830482 -0.0027635953939435156 0.0017152109207879556 0.0029191542902199754 0.016094809018362029 0.00013657908972171848 0.0027014469651284777 -0.0046828396714632759 -0.00058131188575530368 -0.00086520133441862074 -0.0086885107857071694 0.0011250954369509392 -0.0012267434262793959 -0.0062731816558516595 0.0023829739629311307 -0.0009639560947027827 -0.0015527946479699534 0.012146165008673165 -0.00014117315208636818 0.0018803584075471128
leaf_weight=398 27 976 2304 2121 495 60 64 31 23 28 34 22 38 627 26 659 114 52 4319 2598 45 1895 1170 280 688 1006 92 113 4205 2284
leaf_count=398 27 976 2304 2121 495 60 64 31 23 28 34 22 38 627 26 659 114 52 4319 2598 45 1895 1170 280 688 1006 92 113 4205 2284
internal_value=-9.42841e-13 0.00023911 0.000492884 0.000204988 0.000861048 0.000389562 0.00285495 -0.000686119 -9.4573e-05 -0.0041012 -0.00847369 -0.0150194 0.00143979 0.00178071 0.00755692 0.00149325 -0.000944915 0.000388297 -7.21193e-05 -0.000399677 0.000416071 0.000594748 -0.000802383 -0.00139134 0.000109901 0.000120671 -0.000283162 0.00599834 0.000364425 0.00101064
internal_weight=26794 7594 6618 5075 2923 2364 559 2152 19200 107 84 50 1543 1350 64 1286 193 166 19093 7074 2338 2293 4736 2878 1858 12019 4524 205 7495 3290
internal_count=26794 7594 6618 5075 2923 2364 559 2152 19200 107 84 50 1543 1350 64 1286 193 166 19093 7074 2338 2293 4736 2878 1858 12019 4524 205 7495 3290
is_linear=0
shrinkage=0.05


Tree=225
num_leaves=13
num_cat=0
split_feature=5 5 0 6 6 0 5 5 5 5 4 5
split_gain=0.27722 0.983875 0.527841 0.470674 0.57367 0.465499 1.28767 0.376185 1.27203 0.812371 0.276568 0.0960112
threshold=96.500000000000014 94.500000000000014 1.0000000180025095e-35 17.500000000000004 14.500000000000002 1.0000000180025095e-35 89.500000000000014 78.500000000000014 81.500000000000014 77.500000000000014 5.5000000000000009 101.50000000000001
decision_type=2 2 2 2 2 2 2 2 2 2 2 2
left_child=1 3 11 4 7 10 -7 9 -9 -1 -6 -2
right_child=2 -3 -4 -5 5 6 -8 8 -10 -11 -12 -13
leaf_value=6.9688724206037479e-06 -0.0083349540325192116 0.0103455611879168 0.0025199506864217775 0.0039818778810267515 -0.0028764449991285804 -0.0015561621713762483 -0.014192646608820983 0.0042972222003046165 -0.00066628797288303596 -0.0030936725796178472 0.0025194472890902077 -0.0039494072230389487
leaf_weight=25673 24 23 28 74 48 72 28 215 323 213 47 26
leaf_count=25673 24 23 28 74 48 72 28 215 323 213 47 26
internal_value=9.19688e-12 8.69011e-06 -0.00297647 -2.16641e-07 -1.12867e-05 -0.0027133 -0.00509438 8.65317e-06 0.00131727 -1.85444e-05 -0.000206898 -0.00605447
internal_weight=26794 26716 78 26693 26619 195 100 26424 538 25886 95 50
internal_count=26794 26716 78 26693 26619 195 100 26424 538 25886 95 50
is_linear=0
shrinkage=0.05


Tree=226
num_leaves=31
num_cat=0
split_feature=7 7 6 7 0 5 5 6 5 0 5 7 0 0 5 7 6 5 6 7 7 7 0 7 7 6 5 7 5 7
split_gain=0.297726 1.29084 1.42354 1.25302 2.09287 3.62949 1.4397 2.92633 1.15112 1.81782 4.67185 1.69706 1.13711 0.792325 2.82247 0.767724 0.7542 0.705996 4.22322 4.18181 2.8786 1.92493 6.64095 1.55754 0.630594 4.53195 4.4212 9.80441 1.75777 1.68476
threshold=-0.41835623979568476 -0.3858437836170196 9.5000000000000018 -0.43136121332645411 4.5000000000000009 42.500000000000007 56.500000000000007 7.5000000000000009 34.500000000000007 4.5000000000000009 45.500000000000007 -0.40535125136375422 1.0000000180025095e-35 6.5000000000000009 38.500000000000007 -0.42485871911048884 5.5000000000000009 58.500000000000007 9.5000000000000018 -0.49313485622406 -1.7188541293144224 -1.1856499910354612 1.5000000000000002 -0.56466224789619435 -0.31756764650344843 10.500000000000002 58.500000000000007 -0.33057262003421778 52.500000000000007 -0.29155768454074854
decision_type=2 2 2 2 2 2 2 2 2 2 2 2 2 2 2 2 2 2 2 2 2 2 2 2 2 2 2 2 2 2
left_child=3 2 8 13 12 16 7 -7 -2 10 -10 -11 15 17 -15 -5 -6 21 20 -20 -19 22 -1 -23 25 26 28 -28 -3 -26
right_child=1 24 -4 4 5 6 -8 -9 9 11 -12 -13 -14 14 -16 -17 -18 18 19 -21 -22 23 -24 -25 29 -27 27 -29 -30 -31
leaf_value=-0.0087539775781503223 -0.00083712829283700847 -0.0010942688230657757 -0.01112532651051879 -0.0043554140508852224 0.013419472301999727 -0.0078814133722736532 0.0003828271645151319 -0.025400794912129643 0.021700612439049617 -0.003228146353089982 0.0027877849047346151 0.0037699571630696108 0.0099948038377108122 0.0064731319357330605 -0.016707106408309833 0.0037250486255254386 0.00044456233736127619 0.015850747761226469 0.00014745089796840155 -0.01643219283567025 0.0037058651024591601 0.0009716259673527933 0.00014752163551747801 -0.00099257277445763598 0.0020618100920926949 0.02265059953555465 -0.0026011522275855743 -0.037787018773647457 0.0052535196277312939 -2.3288839557119759e-05
leaf_weight=288 206 1196 20 66 21 116 31 30 45 121 119 305 31 24 29 53 24 62 1533 39 229 2314 769 1790 1031 20 83 26 120 16053
leaf_count=288 206 1196 20 66 21 116 31 30 45 121 119 305 31 24 29 53 24 62 1533 39 229 2314 769 1790 1031 20 83 26 120 16053
internal_value=-3.52734e-12 0.000103425 0.00204969 -0.000268593 -0.00309708 -0.00617983 -0.00940339 -0.0114813 0.00238072 0.00350425 0.00797728 0.00178223 0.00146539 -0.000119915 -0.00621039 -0.000756553 0.00649952 -7.3959e-05 0.000760374 -0.000263876 0.00629343 -0.000375134 -0.00227786 0.000114921 1.77128e-05 -0.000985238 -0.00131697 -0.0109941 -0.000515443 0.000102545
internal_weight=26794 19345 816 7449 372 222 177 146 796 590 164 426 150 7077 53 119 45 7024 1863 1572 291 5161 1057 4104 18529 1445 1425 109 1316 17084
internal_count=26794 19345 816 7449 372 222 177 146 796 590 164 426 150 7077 53 119 45 7024 1863 1572 291 5161 1057 4104 18529 1445 1425 109 1316 17084
is_linear=0
shrinkage=0.05


Tree=227
num_leaves=31
num_cat=0
split_feature=7 7 7 3 7 2 2 4 4 7 2 4 3 4 3 2 2 7 7 4 7 7 4 7 7 3 4 7 2 7
split_gain=0.281377 1.72632 2.46835 1.51109 2.20659 4.06265 1.86096 1.46566 1.31986 1.13652 4.94544 2.50894 2.35748 1.45967 5.51059 2.16826 1.51976 1.24245 1.08528 0.954775 1.4264 0.695746 1.9449 1.47209 0.660958 1.57813 2.96361 1.00399 2.45243 2.16218
threshold=-0.78574690222740162 -0.67195332050323475 -0.65569707751274098 1.5000000000000002 -0.92555043101310719 1.0000000180025095e-35 1.5000000000000002 2.5000000000000004 1.5000000000000002 -0.82151058316230763 1.5000000000000002 2.5000000000000004 1.0000000180025095e-35 1.0000000180025095e-35 1.0000000180025095e-35 1.5000000000000002 1.0000000180025095e-35 -0.79875186085700978 -0.83776679635047901 11.500000000000002 -0.74022945761680592 -0.85727426409721363 6.5000000000000009 -0.89628919959068287 -0.63293838500976551 1.0000000180025095e-35 2.5000000000000004 -0.60042592883110035 1.0000000180025095e-35 -0.56466224789619435
decision_type=2 2 2 2 2 2 2 2 2 2 2 2 2 2 2 2 2 2 2 2 2 2 2 2 2 2 2 2 2 2
left_child=3 8 7 9 5 -5 -7 -3 -2 13 12 -12 17 14 15 -1 -16 -11 -6 -10 -21 23 -23 -15 25 26 -4 28 -26 -29
right_child=1 2 24 4 18 6 -8 -9 19 10 11 -13 -14 21 16 -17 -18 -19 -20 20 -22 22 -24 -25 27 -27 -28 29 -30 -31
leaf_value=-0.011124370575378665 0.004300004499606754 -0.012463604884162066 -0.009060464309062809 -0.0054240642581135038 -0.017969642715927745 0.016812541562577953 0.001889948825849212 0.0031026101368479431 -0.0027775898754286272 0.0046227494928691741 -0.017496861813303368 0.0023822905939249769 0.01361933202054855 3.1777551148320746e-05 -0.00071293389524466227 0.0066160922249158226 0.012193748183222866 -0.0081631904441900067 -0.0061950014904141428 -0.0049258982923267225 0.0089139983004245631 0.012637537651588336 -0.0046562733726800776 -0.0074754173658899406 0.010460590429742027 0.010379122349191815 0.0078328572986518137 0.0048239713476505132 -0.0057545634938338608 -1.8385542188972092e-05
leaf_weight=61 415 62 50 291 28 23 228 20 150 38 65 21 37 2575 28 24 123 38 65 29 52 37 29 67 27 52 54 233 171 21701
leaf_count=61 415 62 50 291 28 23 228 20 150 38 65 21 37 2575 28 24 123 38 65 29 52 37 29 67 27 52 54 233 171 21701
internal_value=-2.38058e-12 6.56465e-05 -7.94008e-06 -0.000399926 -0.00262462 -0.0014037 0.00325736 -0.00866697 0.00261384 4.95419e-05 -0.00360748 -0.0126427 0.00326884 0.000296739 0.00406809 -0.0061153 0.00980046 -0.00177022 -0.00974005 -0.000415418 0.00395897 -3.19309e-05 0.00503874 -0.000158602 2.39174e-05 0.00326709 -0.000288932 1.05758e-06 -0.00354341 3.30537e-05
internal_weight=26794 23016 22370 3778 635 542 251 82 646 3143 199 86 113 2944 236 85 151 76 93 231 81 2708 66 2642 22288 156 104 22132 198 21934
internal_count=26794 23016 22370 3778 635 542 251 82 646 3143 199 86 113 2944 236 85 151 76 93 231 81 2708 66 2642 22288 156 104 22132 198 21934
is_linear=0
shrinkage=0.05


Tree=228
num_leaves=31
num_cat=0
split_feature=7 7 4 0 7 0 4 0 0 2 4 0 7 7 7 7 2 4 0 2 2 7 7 7 0 7 7 7 0 4
split_gain=0.273749 1.16498 1.84817 9.43306 1.12807 1.88881 1.60169 0.760487 0.74057 1.32196 0.728846 2.83451 21.2895 12.4002 6.88413 2.85852 2.76607 2.08133 2.6047 1.61619 1.08786 1.00049 5.65219 5.07709 0.570522 2.40965 3.6956 1.85094 1.18176 12.6269
threshold=-0.41835623979568476 -0.3858437836170196 1.0000000180025095e-35 1.0000000180025095e-35 -0.43136121332645411 4.5000000000000009 4.5000000000000009 1.0000000180025095e-35 6.5000000000000009 1.0000000180025095e-35 1.0000000180025095e-35 1.0000000180025095e-35 -0.31106515228748316 -0.21352781355381009 1.7989926934242251 0.19287778437137607 1.5000000000000002 1.5000000000000002 1.5000000000000002 1.0000000180025095e-35 1.0000000180025095e-35 -0.080226775258779512 0.069330483675003066 -0.26229648292064661 4.5000000000000009 -0.47687864303588862 -0.55815973877906788 -0.45411992073059076 3.5000000000000004 1.0000000180025095e-35
decision_type=2 2 2 2 2 2 2 2 2 2 2 2 2 2 2 2 2 2 2 2 2 2 2 2 2 2 2 2 2 2
left_child=4 2 3 -2 8 6 -6 -4 24 -10 11 12 -3 -14 15 -13 -16 18 20 -20 -12 23 -23 -19 28 26 -26 -27 -1 -30
right_child=1 10 7 -5 5 -7 -8 -9 9 -11 17 14 13 -15 16 -17 -18 21 19 -21 -22 22 -24 -25 25 27 -28 -29 29 -31
leaf_value=-0.00015027587202583005 0.030088282802535105 -0.03596038346219322 -0.0019214468711059155 0.0020380571458230769 0.012676382680925039 -0.0058699170128035418 -0.0009728171152903909 0.0062165763054508718 0.00039230380207300186 -0.015752478056986416 0.0052741840509558796 0.00055582883255519933 0.0092546859605030889 -0.0038360460326894124 0.017462294797906619 -0.001922751998750089 0.0042975612006557638 0.00090097225376114848 -0.012962615167722106 0.0056190244536000224 0.014716483179446578 0.0030267615331399668 -0.00019117268383875481 -0.0033168375895789672 0.00066405476862886148 0.0073288332438096408 -0.0039522173018043377 0.00090199011676013463 -0.015079110570776209 0.00238330658218391
leaf_weight=3016 32 46 279 473 26 222 124 32 32 21 67 3689 225 923 73 1699 88 2017 25 22 56 1708 6787 1104 2535 203 523 250 147 350
leaf_count=3016 32 46 279 473 26 222 124 32 32 21 67 3689 225 923 73 1699 88 2017 25 22 56 1708 6787 1104 2535 203 523 250 147 350
internal_value=2.99153e-12 9.91728e-05 0.00194813 0.0038155 -0.000257551 -0.0029413 0.00139304 -0.00108409 -0.00011648 -0.00600469 1.77465e-05 -0.000396843 -0.00260682 -0.00127035 7.86862e-05 -0.000225743 0.0102667 0.000254941 0.00574733 -0.00426483 0.00957312 0.00017456 0.000455823 -0.000591005 -7.20507e-05 0.000378701 -0.000125452 0.00378201 -0.000522546 -0.00278163
internal_weight=26794 19345 816 505 7449 372 150 311 7077 53 18529 6743 1194 1148 5549 5388 161 11786 170 47 123 11616 8495 3121 7024 3511 3058 453 3513 497
internal_count=26794 19345 816 505 7449 372 150 311 7077 53 18529 6743 1194 1148 5549 5388 161 11786 170 47 123 11616 8495 3121 7024 3511 3058 453 3513 497
is_linear=0
shrinkage=0.05


Tree=229
num_leaves=31
num_cat=0
split_feature=7 7 5 5 7 0 4 7 5 5 5 5 0 5 0 5 5 0 5 0 5 5 5 0 7 5 0 0 5 7
split_gain=0.271145 1.57986 3.14332 3.25281 2.26401 1.81291 1.69661 2.0005 1.218 1.19941 2.74812 2.23969 1.77473 4.10995 1.08974 1.08229 7.36294 3.21773 2.57284 2.32033 1.12438 1.05741 6.09033 2.31711 1.03379 0.907293 0.850141 0.781103 0.747359 0.638952
threshold=-0.78574690222740162 -0.67195332050323475 45.500000000000007 28.500000000000004 -0.65569707751274098 4.5000000000000009 1.0000000180025095e-35 -0.74022945761680592 55.500000000000007 71.500000000000014 73.500000000000014 70.500000000000014 5.5000000000000009 76.500000000000014 4.5000000000000009 67.500000000000014 66.500000000000014 3.5000000000000004 69.500000000000014 1.5000000000000002 69.500000000000014 81.500000000000014 82.500000000000014 1.0000000180025095e-35 -0.68820956349372853 51.500000000000007 3.5000000000000004 4.5000000000000009 38.500000000000007 -0.63293838500976551
decision_type=2 2 2 2 2 2 2 2 2 2 2 2 2 2 2 2 2 2 2 2 2 2 2 2 2 2 2 2 2 2
left_child=9 2 3 -2 5 -3 7 8 -4 11 27 15 21 -14 -13 16 19 20 -19 -1 -17 23 -23 -12 26 -9 -5 -11 -26 -6
right_child=1 4 6 24 29 -7 -8 25 -10 10 12 14 13 -15 -16 17 -18 18 -20 -21 -22 22 -24 -25 28 -27 -28 -29 -30 -31
leaf_value=-0.0025912384627646726 -0.0048959627798736893 -0.0037970101678123079 0.0012092155683785678 0.010649774408510398 0.003213277228552705 -0.02057649594181302 -0.0051615873160563526 0.0012582411085206428 -0.015839485527778214 0.0032238603760065005 -0.002965607357592407 0.00056841324781998993 -0.01934876335518701 0.0058715372594694299 -0.013094254772834206 0.0040622772872447969 -0.019189566722208704 0.0055622520737861302 -0.0049762695638546307 0.00051526814706354227 0.017715477002294443 -0.026952196870531353 0.0011666119631564501 0.0072542472357551265 0.0091729215625673526 0.0086709194746480821 0.0042421113510893007 0.011657776569386255 0.022841851282864811 2.0801397561993526e-06
leaf_weight=911 54 60 20 97 156 22 134 95 22 44 88 20 35 30 54 25 54 102 134 1767 38 21 232 150 20 73 111 73 20 22132
leaf_count=911 54 60 20 97 156 22 134 95 22 44 88 20 35 30 54 25 54 102 134 1767 38 21 232 150 20 73 111 73 20 22132
internal_value=-6.1589e-12 6.44419e-05 0.00250215 0.00622456 -5.95416e-06 -0.00829882 -0.000765776 0.00203917 -0.00772106 -0.000392587 0.00152099 -0.00080735 5.53253e-05 -0.00770862 -0.00940164 -0.000597526 -0.000910094 0.00225844 -0.000421485 -0.000541501 0.0122975 0.00108314 -0.00116736 0.00347548 0.00864596 0.00447923 0.0072303 0.00848605 0.0160074 2.45562e-05
internal_weight=26794 23016 646 302 22370 82 344 210 42 3778 673 3105 556 65 74 3031 2732 299 236 2678 63 491 253 238 248 168 208 117 40 22288
internal_count=26794 23016 646 302 22370 82 344 210 42 3778 673 3105 556 65 74 3031 2732 299 236 2678 63 491 253 238 248 168 208 117 40 22288
is_linear=0
shrinkage=0.05


Tree=230
num_leaves=20
num_cat=0
split_feature=5 5 0 7 5 0 7 3 0 3 5 5 0 3 5 5 7 7 5
split_gain=0.257676 0.897532 0.47702 0.309168 2.43187 5.94156 4.53658 3.52137 4.15412 2.46359 2.14234 0.463165 2.72036 4.81328 0.967721 0.87443 1.1598 0.608916 0.0855806
threshold=96.500000000000014 94.500000000000014 1.0000000180025095e-35 -1.1856499910354612 60.500000000000007 1.5000000000000002 -2.0927473306655879 1.5000000000000002 3.5000000000000004 1.5000000000000002 65.500000000000014 23.500000000000004 4.5000000000000009 1.0000000180025095e-35 15.500000000000002 29.500000000000004 -0.94505789875984181 1.5518980622291567 101.50000000000001
decision_type=2 2 2 2 2 2 2 2 2 2 2 2 2 2 2 2 2 2 2
left_child=1 3 18 4 5 6 -1 8 -6 -7 -9 12 13 -5 -14 16 -13 -17 -2
right_child=2 -3 -4 11 7 9 -8 10 -10 -11 -12 15 14 -15 -16 17 -18 -19 -20
leaf_value=-0.016140087867122992 -0.0079487587170054518 0.0098812611631887131 0.0023554933124354908 -0.0014892086922938732 0.0066013779669051465 -0.0005099103451697305 -0.0034199396264099689 0.012162125607331594 -0.00017806530365518524 0.016835420259407589 -0.0043066578897509693 0.0042896425719523143 0.0061980835836815155 0.014769677866250278 0.01780371904049231 -3.3199506359392477e-05 -0.0030374517045283875 0.00076030956201728625 -0.0038082807575567411
leaf_weight=114 24 23 28 508 377 813 182 21 564 21 331 62 82 50 23 20383 419 2743 26
leaf_count=114 24 23 28 508 377 813 182 21 564 21 331 62 82 50 23 20383 419 2743 26
internal_value=-1.11051e-12 8.37819e-06 -0.00286964 -1.28773e-07 -0.00053868 -0.00223311 -0.00831892 0.000942143 0.00253803 -7.31574e-05 -0.00332415 5.36376e-05 0.001357 -3.23192e-05 0.00874027 1.70326e-05 -0.002093 6.09195e-05 -0.00579571
internal_weight=26794 26716 78 26693 2423 1130 296 1293 941 834 352 24270 663 558 105 23607 481 23126 50
internal_count=26794 26716 78 26693 2423 1130 296 1293 941 834 352 24270 663 558 105 23607 481 23126 50
is_linear=0
shrinkage=0.05


Tree=231
num_leaves=15
num_cat=0
split_feature=4 6 6 1 6 4 0 0 6 4 4 1 6 4
split_gain=0.272651 0.21105 0.286598 0.287953 0.885374 1.67215 1.62966 0.57529 2.47407 0.561205 0.212002 0.154417 0.239089 0.0514278
threshold=13.500000000000002 18.500000000000004 14.500000000000002 1.0000000180025095e-35 6.5000000000000009 10.500000000000002 4.5000000000000009 6.5000000000000009 4.5000000000000009 1.0000000180025095e-35 4.5000000000000009 1.0000000180025095e-35 15.500000000000002 5.5000000000000009
decision_type=2 2 2 2 2 2 2 2 2 2 2 2 2 2
left_child=1 2 3 7 5 -5 -6 9 -9 -1 -4 13 -13 -12
right_child=-2 -3 10 4 6 -7 -8 8 -10 -11 11 12 -14 -15
leaf_value=-0.00046789681003327454 0.0048455112212305446 0.0027171809593556635 0.0024971709747252796 0.0022137226356081573 0.00071516155684736397 -0.0017634632745840116 -0.00096630647889602158 0.010775546286174137 -0.0077326439043861779 0.00011278431760040057 1.6069231445298475e-05 -0.0061394825006242503 -0.0017896086908876898 -0.0025637288596481087
leaf_weight=6191 29 71 29 1199 3339 339 2535 23 84 12689 85 44 112 25
leaf_count=6191 29 71 29 1199 3339 339 2535 23 84 12689 85 44 112 25
internal_value=1.22275e-11 -5.25012e-06 -1.24912e-05 4.82759e-06 0.000269128 0.00133709 -1.04975e-05 -9.8348e-05 -0.00375425 -7.76287e-05 -0.00156231 -0.00200489 -0.0030165 -0.000570249
internal_weight=26794 26765 26694 26399 7412 1538 5874 18987 107 18880 295 266 156 110
internal_count=26794 26765 26694 26399 7412 1538 5874 18987 107 18880 295 266 156 110
is_linear=0
shrinkage=0.05


Tree=232
num_leaves=25
num_cat=0
split_feature=4 7 4 4 0 3 0 3 0 0 7 7 4 4 7 7 7 3 3 7 0 7 4 7
split_gain=0.246068 0.261828 1.00537 1.79999 0.737499 1.15574 2.3596 0.853415 1.00392 0.863694 0.700946 0.415233 0.856003 6.64223 2.0642 0.53748 0.290964 1.96627 2.78326 1.49157 1.43338 0.86102 0.652635 0.24436
threshold=13.500000000000002 -1.1856499910354612 7.5000000000000009 11.500000000000002 1.5000000000000002 1.5000000000000002 1.0000000180025095e-35 1.0000000180025095e-35 5.5000000000000009 5.5000000000000009 -1.2360442876815794 -1.0523489713668821 1.5000000000000002 7.5000000000000009 -1.1011176109313963 -1.07510769367218 -0.78574690222740162 1.5000000000000002 1.0000000180025095e-35 -0.70771703124046315 3.5000000000000004 -0.92555043101310719 11.500000000000002 -1.4928926229476926
decision_type=2 2 2 2 2 2 2 2 2 2 2 2 2 2 2 2 2 2 2 2 2 2 2 2
left_child=1 2 4 -4 5 6 -1 9 -9 -6 23 12 14 -14 -3 -15 17 18 -13 20 -18 -19 -21 -5
right_child=-2 11 3 10 7 -7 -8 8 -10 -11 -12 16 13 15 -16 -17 19 21 -20 22 -22 -23 -24 -25
leaf_value=0.0018133838824268009 0.0046032357334705263 0.015911915188189598 -0.015938695216620412 -8.55857062907446e-05 0.003240979646382024 -0.0067508903411316115 -0.0048771886814333431 -0.0012366646945305001 0.0024149409887835017 -0.0013926582416335057 0.0062960596818646243 -0.0022029400960437832 -0.027023170874454085 0.0016595383734078852 -0.0026775720928396501 0.0074107647525293203 0.0060252366216373768 0.0011977802429240772 0.0035956416195425801 -4.5391439947504059e-05 0.00045640820791487829 -0.0090947453055270407 0.0016060900933731999 -0.004623619942824439
leaf_weight=343 29 32 27 42 386 94 214 847 242 136 22 544 20 164 28 54 202 26 334 21929 270 93 615 101
leaf_count=343 29 32 27 42 386 94 214 847 242 136 22 544 20 164 28 54 202 26 334 21929 270 93 615 101
internal_value=-1.94498e-12 -4.98763e-06 -0.000497207 -0.00397089 -0.000202358 -0.0016226 -0.000757141 0.000371556 -0.000425197 0.00203375 -0.00201253 4.46979e-05 0.00189964 0.000554127 0.00723682 0.00308415 2.16783e-05 -0.000814568 2.89851e-06 5.79025e-05 0.00283968 -0.00684596 -3.39047e-07 -0.00329077
internal_weight=26794 26765 2454 192 2262 651 557 1611 1089 522 165 24311 298 238 60 218 24013 997 878 23016 472 119 22544 143
internal_count=26794 26765 2454 192 2262 651 557 1611 1089 522 165 24311 298 238 60 218 24013 997 878 23016 472 119 22544 143
is_linear=0
shrinkage=0.05


Tree=233
num_leaves=31
num_cat=0
split_feature=7 7 4 3 7 7 5 7 5 5 3 3 5 3 5 7 7 7 3 3 5 5 7 5 5 5 4 4 7 5
split_gain=0.226758 1.06122 1.6821 1.93936 3.31271 2.13236 1.2795 1.02194 1.75938 1.81119 1.80045 2.80686 1.8556 1.16834 2.42932 3.19745 8.35712 2.05072 3.38455 1.17858 1.02109 1.0109 2.23622 1.8486 2.1111 0.957593 0.924584 0.654243 1.62302 4.05671
threshold=-0.41835623979568476 -0.3858437836170196 1.0000000180025095e-35 1.0000000180025095e-35 -0.40535125136375422 -0.40210001170635218 43.500000000000007 -0.43136121332645411 42.500000000000007 38.500000000000007 1.5000000000000002 1.0000000180025095e-35 54.500000000000007 1.5000000000000002 58.500000000000007 -0.48663237690925593 -0.49313485622406 -1.3579659461975095 1.0000000180025095e-35 1.0000000180025095e-35 48.500000000000007 58.500000000000007 -1.2360442876815794 62.500000000000007 64.500000000000014 45.500000000000007 4.5000000000000009 7.5000000000000009 -0.2525427490472793 67.500000000000014
decision_type=2 2 2 2 2 2 2 2 2 2 2 2 2 2 2 2 2 2 2 2 2 2 2 2 2 2 2 2 2 2
left_child=7 2 3 6 20 -6 -2 13 9 -9 11 12 -10 14 17 16 -16 19 -19 -1 -5 22 -15 -23 -25 -13 -24 28 29 -3
right_child=1 27 -4 4 5 -7 -8 8 10 -11 -12 25 -14 21 15 -17 -18 18 -20 -21 -22 23 26 24 -26 -27 -28 -29 -30 -31
leaf_value=-0.00069537634811409456 0.010742713446746132 -0.0017154039276216699 -0.0010378304377072446 -0.0047012760452079501 0.012379769280929357 0.00012463664178383248 0.0037167981565918457 -0.004829811208226063 -0.0048747706837376538 0.01240600501586284 0.00081147520337253819 -0.022630450800061225 0.011438599453338059 0.016186820492148399 0.002102012121857066 0.014664805469025547 -0.025499320549092125 -0.0011312463389740557 0.001927263075809915 -0.0042865217441352271 -0.02011526357382536 -0.014109593513736352 -0.0096864055443022928 0.011947134967582922 -0.0033172843164923807 -0.010470532186000664 -0.00035450461756565845 0.00045202894206599232 7.5769107895782734e-05 0.012546643689640015
leaf_weight=452 108 2230 311 22 47 145 162 27 72 35 110 20 23 20 1334 48 28 2190 1541 462 21 37 28 24 403 85 510 5812 10436 51
leaf_count=452 108 2230 311 22 47 145 162 27 72 35 110 20 23 20 1334 48 28 2190 1541 462 21 37 28 24 403 85 510 5812 10436 51
internal_value=9.35283e-12 9.02605e-05 0.00185495 0.00363645 0.000315204 0.00312459 0.00652716 -0.000234406 -0.0027888 0.00490009 -0.00432657 -0.0071525 -0.000925218 -0.000100135 0.000163801 0.00198157 0.00153458 -0.000387987 0.000131998 -0.00251059 -0.012229 -0.00166386 -0.000229893 -0.00338834 -0.00245933 -0.0127867 -0.00084018 1.2545e-05 -0.000188311 -0.00139652
internal_weight=26794 19345 816 505 235 192 270 7449 372 62 310 200 95 7077 6055 1410 1362 4645 3731 914 43 1022 558 464 427 105 538 18529 12717 2281
internal_count=26794 19345 816 505 235 192 270 7449 372 62 310 200 95 7077 6055 1410 1362 4645 3731 914 43 1022 558 464 427 105 538 18529 12717 2281
is_linear=0
shrinkage=0.05


Tree=234
num_leaves=13
num_cat=0
split_feature=5 5 0 6 6 0 5 2 5 5 5 2
split_gain=0.220644 0.842415 0.439926 0.393051 0.453491 0.418714 1.1243 0.643031 0.316047 1.09696 0.782503 0.230396
threshold=96.500000000000014 94.500000000000014 1.0000000180025095e-35 17.500000000000004 14.500000000000002 1.0000000180025095e-35 89.500000000000014 1.0000000180025095e-35 78.500000000000014 81.500000000000014 77.500000000000014 1.0000000180025095e-35
decision_type=2 2 2 2 2 2 2 2 2 2 2 2
left_child=1 3 11 4 8 7 -7 -6 10 -10 -1 -2
right_child=2 -3 -4 -5 5 6 -8 -9 9 -11 -12 -13
leaf_value=7.2345883190484789e-06 -0.0088595247003249826 0.0095726880275279948 0.0023624228405034441 0.0036384574716558332 0.0047877782775321981 -0.0013650771903081073 -0.013172784214839341 -0.0035439736463806848 0.0039738936048694133 -0.0006354249229556636 -0.0030358742931289296 -0.0020713515244424343
leaf_weight=25673 25 23 28 74 40 72 28 55 215 323 213 25
leaf_count=25673 25 23 28 74 40 72 28 55 215 323 213 25
internal_value=-3.25842e-12 7.75281e-06 -0.00265544 -4.88812e-07 -1.0605e-05 -0.00241298 -0.00467124 -3.58676e-05 7.12372e-06 0.00120659 -1.78053e-05 -0.00546544
internal_weight=26794 26716 78 26693 26619 195 100 95 26424 538 25886 50
internal_count=26794 26716 78 26693 26619 195 100 95 26424 538 25886 50
is_linear=0
shrinkage=0.05


Tree=235
num_leaves=26
num_cat=0
split_feature=4 7 7 7 5 1 7 5 7 1 7 7 4 5 7 7 1 5 1 4 7 7 5 5 5
split_gain=0.241342 0.234041 5.28681 1.51088 2.88777 1.83243 3.88263 1.80754 1.37241 2.17577 5.45577 1.89793 3.35113 1.81972 0.946258 0.905283 10.3121 1.48511 0.876683 0.418816 2.32955 0.620463 0.160747 0.0687567 0.0935725
threshold=13.500000000000002 -0.457371175289154 -0.45411992073059076 -0.55815973877906788 22.500000000000004 1.0000000180025095e-35 -0.54515478014945973 51.500000000000007 -0.60042592883110035 1.0000000180025095e-35 -0.5776672065258025 -0.61993339657783497 1.0000000180025095e-35 33.500000000000007 -0.74022945761680592 -0.44761744141578669 1.0000000180025095e-35 41.500000000000007 1.0000000180025095e-35 11.500000000000002 0.62204208970069896 0.10184292867779733 50.500000000000007 57.500000000000007 47.500000000000007
decision_type=2 2 2 2 2 2 2 2 2 2 2 2 2 2 2 2 2 2 2 2 2 2 2 2 2
left_child=1 3 18 8 -5 7 -7 -6 11 13 -11 14 -13 -10 -1 16 17 -4 -3 21 -21 -17 -18 24 -20
right_child=-2 2 15 4 5 6 -8 -9 9 10 -12 12 -14 -15 -16 19 22 -19 23 20 -22 -23 -24 -25 -26
leaf_value=-0.00035210835675160944 0.0045588171607333014 0.01750594185931342 -0.0043473591787680501 0.013158087469637396 -0.0024280635945914081 -0.018022745861006634 0.0012823306111932231 -0.0086326327564470555 -0.0081331453731526508 0.0090702909389473209 -0.021378081677747626 -0.019039118372731742 0.0021158709298246185 0.0066143670397910432 0.0014853741035448956 0.0002654254042365963 0.012670788101174616 -0.017680744617246093 0.0085671911572313148 0.00010436595636489454 0.0095948549831906954 -0.00029493783920931012 0.018649022767077323 0.010459064543247224 0.0043016731739044193
leaf_weight=3902 29 35 31 30 341 28 373 179 23 31 28 36 39 231 854 10695 22 64 36 469 75 9180 23 20 20
leaf_count=3902 29 35 31 30 341 28 373 179 23 31 28 36 39 231 854 10695 22 64 36 469 75 9180 23 20 20
internal_value=4.73876e-12 -4.93949e-06 7.53482e-05 -0.00027722 -0.00210809 -0.00260536 -6.56548e-05 -0.00456387 6.12641e-05 0.00326981 -0.00537978 -0.000146617 -0.00803852 0.00527896 -2.21651e-05 1.65916e-05 -0.00399036 -0.0133299 0.010958 4.40647e-05 0.0014128 6.60102e-06 0.0157263 0.00794255 0.00704379
internal_weight=26794 26765 20670 6095 951 921 401 520 5144 313 59 4831 75 254 4756 20559 140 95 111 20419 544 19875 45 76 56
internal_count=26794 26765 20670 6095 951 921 401 520 5144 313 59 4831 75 254 4756 20559 140 95 111 20419 544 19875 45 76 56
is_linear=0
shrinkage=0.05


Tree=236
num_leaves=31
num_cat=0
split_feature=6 3 0 0 2 6 2 2 0 6 0 2 2 6 0 3 0 2 0 2 2 0 6 2 6 3 3 6 3 0
split_gain=0.186838 0.769201 2.16224 2.00238 1.71531 1.60451 0.978095 0.907413 1.22448 0.764596 0.329549 2.68747 1.64692 3.00373 1.2472 0.695348 0.492723 0.49114 0.450798 0.337839 0.284426 0.231161 0.950165 0.85308 1.83132 1.03985 0.762498 0.667708 1.09422 1.86438
threshold=5.5000000000000009 1.0000000180025095e-35 5.5000000000000009 4.5000000000000009 1.5000000000000002 3.5000000000000004 1.0000000180025095e-35 1.0000000180025095e-35 3.5000000000000004 3.5000000000000004 3.5000000000000004 1.5000000000000002 1.5000000000000002 4.5000000000000009 1.0000000180025095e-35 1.5000000000000002 5.5000000000000009 1.0000000180025095e-35 4.5000000000000009 1.0000000180025095e-35 1.5000000000000002 1.0000000180025095e-35 6.5000000000000009 1.0000000180025095e-35 8.5000000000000018 1.0000000180025095e-35 1.0000000180025095e-35 9.5000000000000018 1.5000000000000002 2.5000000000000004
decision_type=2 2 2 2 2 2 2 2 2 2 2 2 2 2 2 2 2 2 2 2 2 2 2 2 2 2 2 2 2 2
left_child=1 2 3 7 5 -4 -5 9 -9 -1 12 18 15 -14 -15 17 -13 -3 -12 -17 -8 22 -2 24 26 -25 -24 -23 -29 -30
right_child=21 10 4 6 -6 -7 20 8 -10 -11 11 16 13 14 -16 19 -18 -19 -20 -21 -22 27 23 25 -26 -27 -28 28 29 -31
leaf_value=-0.0020951757946470004 -0.0013095996125900248 0.0094425184349159891 0.0076072490519436542 -6.3632193228436849e-05 -0.011497845294183823 -0.0049717557627982538 0.014997312825705326 -0.001245386166916289 -0.0070714200718898909 0.00044367692748968515 -0.0089945451735898296 0.00089800168372069795 0.017120214156983865 -0.00081049998098937578 -0.0092324113439429898 -0.0025954607408493757 0.0063824352801077127 0.0041659269204718024 -0.0022609560477797291 0.0032592384144663812 0.0079247710363812406 0.0003713663650020507 -0.0017502424555490708 0.0023249330176182137 -3.2031243604498987e-07 0.0001880283285007609 -0.0059331480924400591 -0.00074420796732361746 0.00460437374398161 -0.00080448560689886414
leaf_weight=374 1474 63 32 36 77 122 21 481 111 1432 27 60 21 219 55 44 129 147 313 56 44 10985 263 707 2369 2923 186 3371 277 375
leaf_count=374 1474 63 32 36 77 122 21 481 111 1432 27 60 21 219 55 44 129 147 313 56 44 10985 263 707 2369 2923 186 3371 277 375
internal_value=-1.15044e-11 -0.000321638 -0.000776309 -0.000348486 -0.00540457 -0.00235794 0.00654795 -0.000638953 -0.00233777 -8.20877e-05 0.000772938 -0.000138597 0.00156997 -0.00110426 -0.00250103 0.0041148 0.00464135 0.0057489 -0.00279568 0.000683171 0.0102097 5.42002e-05 -0.000164309 9.75025e-05 -0.00055523 0.000604224 -0.00348303 0.000169541 -0.000381555 0.00149345
internal_weight=26794 3864 2730 2499 231 154 101 2398 592 1806 1134 529 605 295 274 310 189 210 340 100 65 22930 7922 6448 2818 3630 449 15008 4023 652
internal_count=26794 3864 2730 2499 231 154 101 2398 592 1806 1134 529 605 295 274 310 189 210 340 100 65 22930 7922 6448 2818 3630 449 15008 4023 652
is_linear=0
shrinkage=0.05


Tree=237
num_leaves=30
num_cat=0
split_feature=4 7 5 7 7 5 7 7 5 7 7 5 5 2 5 7 4 5 7 4 5 5 7 4 5 5 7 5 5
split_gain=0.218308 0.216696 0.934767 3.17351 4.6602 2.60835 1.96687 2.0906 1.52948 1.40844 2.1275 2.72287 2.05223 1.90744 1.63597 0.927518 1.51771 0.857681 0.643636 0.618923 2.31049 2.72078 2.2261 1.86784 2.2053 1.57623 0.360774 0.349229 0.198497
threshold=13.500000000000002 -0.41835623979568476 60.500000000000007 -0.65569707751274098 -1.2360442876815794 65.500000000000014 -0.55815973877906788 -0.48663237690925593 61.500000000000007 -1.3579659461975095 -0.56466224789619435 50.500000000000007 59.500000000000007 1.0000000180025095e-35 57.500000000000007 -0.3858437836170196 1.0000000180025095e-35 52.500000000000007 -0.40535125136375422 1.0000000180025095e-35 29.500000000000004 26.500000000000004 -0.3143163919448852 1.5000000000000002 13.500000000000002 63.500000000000007 -0.39234627783298487 53.500000000000007 50.500000000000007
decision_type=2 2 2 2 2 2 2 2 2 2 2 2 2 2 2 2 2 2 2 2 2 2 2 2 2 2 2 2 2
left_child=1 2 9 4 5 -4 -5 -8 -6 12 14 -12 13 -1 -11 16 17 18 -3 20 21 -17 -22 24 -21 -25 -19 28 -18
right_child=-2 15 3 6 8 -7 7 -9 -10 10 11 -13 -14 -15 -16 19 27 26 -20 23 22 -23 -24 25 -26 -27 -28 -29 -30
leaf_value=-0.0035204431617979664 0.0043358157974956882 0.0011104644502739648 0.0059068917806969967 0.018932583141301213 -0.019303366091723242 5.0032117459546428e-05 0.00054086641152845886 0.012707498786901986 -0.0057331563958553482 0.00055553637881963682 -0.0004014098611541825 -0.0046773862703090637 -0.015378153125016853 0.0012036965814952898 0.0074193183738841782 0.0026267250024137045 -0.00096686400973660107 0.00067610494614414433 0.0055550991250141188 -0.0071246915769859632 -0.0031350895783571805 -0.021004865556184589 1.0975265914585124e-06 0.00046751221146552321 0.0080150854985183428 -0.0009260697189426558 -0.0069633019715547558 -0.0074057123856619 0.0037802752029771607
leaf_weight=613 29 111 229 29 24 1119 102 54 154 2452 1722 475 29 328 90 21 267 68 306 29 624 29 6069 8996 141 2620 20 20 24
leaf_count=613 29 111 229 29 24 1119 102 54 154 2452 1722 475 29 328 90 21 267 68 306 29 624 29 6069 8996 141 2620 20 20 24
internal_value=3.53676e-12 -4.69787e-06 -0.000234415 0.000790705 4.09419e-05 0.001045 0.00697523 0.00475239 -0.00756285 -0.000541646 -0.000186342 -0.00132589 -0.00227751 -0.00187377 0.00079855 8.3413e-05 0.0017332 0.00342541 0.00437199 1.07579e-05 -0.000371291 -0.0110796 -0.000291295 0.000229335 0.00543242 0.000153188 -0.00106012 -0.0010146 -0.000575347
internal_weight=26794 26765 7420 1711 1526 1348 185 156 178 5709 4739 2197 970 941 2542 19345 816 505 417 18529 6743 50 6693 11786 170 11616 88 311 291
internal_count=26794 26765 7420 1711 1526 1348 185 156 178 5709 4739 2197 970 941 2542 19345 816 505 417 18529 6743 50 6693 11786 170 11616 88 311 291
is_linear=0
shrinkage=0.05


Tree=238
num_leaves=30
num_cat=0
split_feature=4 1 4 0 0 2 0 4 2 0 0 2 4 0 4 4 4 0 4 2 0 0 4 4 0 2 2 0 4
split_gain=0.197023 0.165661 0.541193 1.77126 1.68826 13.6527 1.55938 2.05639 1.55087 1.2624 3.28883 1.42403 1.19821 1.31303 0.901538 0.722117 0.515987 3.62484 3.26136 2.5054 2.27471 0.906867 3.38602 2.8908 0.519876 1.1533 0.386715 2.91664 0.134763
threshold=13.500000000000002 1.0000000180025095e-35 1.0000000180025095e-35 5.5000000000000009 1.0000000180025095e-35 1.5000000000000002 6.5000000000000009 5.5000000000000009 1.0000000180025095e-35 1.5000000000000002 4.5000000000000009 1.0000000180025095e-35 1.5000000000000002 3.5000000000000004 2.5000000000000004 1.5000000000000002 6.5000000000000009 2.5000000000000004 7.5000000000000009 1.0000000180025095e-35 5.5000000000000009 1.0000000180025095e-35 7.5000000000000009 8.5000000000000018 6.5000000000000009 1.0000000180025095e-35 1.0000000180025095e-35 5.5000000000000009 5.5000000000000009
decision_type=2 2 2 2 2 2 2 2 2 2 2 2 2 2 2 2 2 2 2 2 2 2 2 2 2 2 2 2 2
left_child=1 2 4 12 5 8 7 -5 -1 11 -11 -6 13 -4 -14 -8 24 21 19 -19 -20 22 -18 -23 26 -26 27 -3 -28
right_child=-2 16 3 6 9 -7 15 -9 -10 10 -12 -13 14 -15 -16 -17 17 18 20 -21 -22 23 -24 -25 25 -27 28 -29 -30
leaf_value=-0.0085677000373834741 0.0041190249939722107 0.00031024368183075161 0.00089543218201711009 0.0086627809222261966 0.0078343671966447596 -0.026716647647448223 0.0046230459335045177 0.0015606435412872303 0.00018400648658285784 -0.0051881302678475428 -0.00021319446740309525 0.00064749482440706473 -0.0027281186593399367 0.0063820508874872402 -6.1692443813573408e-05 -0.0049987573546763416 -0.012071104294036406 0.0022287141193043105 0.0080139232819656965 -0.016849774872011777 -0.0043590648728905369 0.0071132630378997422 0.00080109879160541293 -0.00035659948328215088 0.012787879057801689 -0.0022528953794389967 0.00067971196002673015 -0.0070017211606397791 -0.00086196735584443166
leaf_weight=56 29 1888 506 163 72 55 26 272 527 367 3504 1614 326 139 11488 78 59 22 46 79 193 192 381 398 26 25 3969 147 147
leaf_count=56 29 1888 506 163 72 55 26 272 527 367 3504 1614 326 139 11488 78 59 22 46 79 193 192 381 398 26 25 3969 147 147
internal_value=-5.28005e-12 -4.46299e-06 -8.25954e-05 0.000100702 -0.00046718 -0.00290319 0.00290691 0.0042219 -0.000656638 -0.000187502 -0.000684856 0.000954408 -2.06996e-05 0.00207782 -0.000135271 -0.00259331 0.000193582 -0.00068461 -0.00516106 -0.0126941 -0.00197765 0.000793052 -0.000924947 0.00207427 0.000387571 0.00541495 0.000345888 -0.000217942 0.000624652
internal_weight=26794 26765 19193 12998 6195 638 539 435 583 5557 3871 1686 12459 645 11814 104 7572 1370 340 101 239 1030 440 590 6202 51 6151 2035 4116
internal_count=26794 26765 19193 12998 6195 638 539 435 583 5557 3871 1686 12459 645 11814 104 7572 1370 340 101 239 1030 440 590 6202 51 6151 2035 4116
is_linear=0
shrinkage=0.05


Tree=239
num_leaves=13
num_cat=0
split_feature=5 5 5 6 6 0 5 5 5 5 5 4
split_gain=0.204927 0.757385 0.398655 0.371916 0.397583 0.3756 1.02219 0.303346 0.998437 0.672597 0.280135 0.208645
threshold=96.500000000000014 94.500000000000014 99.500000000000014 17.500000000000004 14.500000000000002 1.0000000180025095e-35 89.500000000000014 78.500000000000014 81.500000000000014 77.500000000000014 103.50000000000001 5.5000000000000009
decision_type=2 2 2 2 2 2 2 2 2 2 2 2
left_child=1 3 -2 4 7 11 -7 9 -9 -1 -4 -6
right_child=2 -3 10 -5 5 6 -8 8 -10 -11 -12 -13
leaf_value=5.208380033995909e-06 -0.0074718628251166253 0.00907685051712653 0.0032693621582062593 0.0035394146182649842 -0.00232687407406047 -0.0012459864555340674 -0.012504729741652097 0.003821638923268332 -0.00057581141778489942 -0.0028161092814355387 -0.0042128204500345009 0.0023598197203605099
leaf_weight=25673 27 23 29 74 48 72 28 215 323 213 22 47
leaf_count=25673 27 23 29 74 48 72 28 215 323 213 22 47
internal_value=9.62966e-12 7.47159e-06 -0.00255911 -3.43029e-07 -1.01834e-05 -0.0022596 -0.00439843 6.41647e-06 0.00118153 -1.80065e-05 4.1754e-05 -8.19399e-06
internal_weight=26794 26716 78 26693 26619 195 100 26424 538 25886 51 95
internal_count=26794 26716 78 26693 26619 195 100 26424 538 25886 51 95
is_linear=0
shrinkage=0.05


Tree=240
num_leaves=31
num_cat=0
split_feature=7 0 4 7 4 4 2 4 7 2 0 7 4 4 7 2 4 4 0 4 0 4 7 0 0 0 7 7 7 7
split_gain=0.214286 6.35933 6.92938 4.64207 13.2808 3.19104 4.15118 2.98638 2.73255 3.35167 2.20701 4.35215 3.82546 1.99023 1.88399 8.87225 3.18069 4.08708 2.59964 2.89613 4.05963 1.48308 1.47725 4.0016 1.46073 4.72785 7.01307 10.2386 6.29442 3.41891
threshold=0.10184292867779733 4.5000000000000009 3.5000000000000004 0.30992259085178381 1.0000000180025095e-35 5.5000000000000009 1.0000000180025095e-35 11.500000000000002 0.44647487998008734 1.5000000000000002 1.0000000180025095e-35 0.50174602866172802 5.5000000000000009 12.500000000000002 0.040069280192255981 1.0000000180025095e-35 7.5000000000000009 5.5000000000000009 3.5000000000000004 1.0000000180025095e-35 1.0000000180025095e-35 11.500000000000002 0.19287778437137607 1.0000000180025095e-35 1.5000000000000002 1.0000000180025095e-35 -0.18101536482572553 -0.15500540286302564 -0.26229648292064661 -0.12899544835090634
decision_type=2 2 2 2 2 2 2 2 2 2 2 2 2 2 2 2 2 2 2 2 2 2 2 2 2 2 2 2 2 2
left_child=14 3 8 4 22 6 -6 10 9 -3 12 -12 -5 -9 24 16 17 -16 19 20 -17 -7 23 -2 25 -1 28 -28 -27 -26
right_child=1 2 -4 7 5 21 -8 13 -10 -11 11 -13 -14 -15 15 18 -18 -19 -20 -21 -22 -23 -24 -25 29 26 27 -29 -30 -31
leaf_value=-0.00033312432273354769 -0.018869583725223921 0.0071445284470387591 -0.001861506064656621 0.0039751943210928438 0.0028538886351538277 -0.0059609875089718378 0.025408790132496507 0.016509107662603214 0.0045620664637839505 0.020643924856558443 -0.0054347056749086652 -0.00058234935723333408 -0.00028720138386811671 0.0024124070495975414 -0.0026658940935371128 -0.0039524369896986548 0.0064842613586397081 -0.025753504989875688 0.0012994394704167332 0.026306471251882613 0.015427003281233323 0.0048694956048232763 -0.019365131569373393 -0.00012710074399959069 -0.00015103615804720576 0.0012128343935737978 0.014814617695583149 0.002872101690215045 -0.0074097730464064608 -0.00394484359734046
leaf_weight=5920 68 134 342 654 136 138 24 42 368 70 524 3912 2698 62 41 39 27 36 70 32 88 41 97 49 7626 1245 211 1201 255 644
leaf_count=5920 68 134 342 654 136 138 24 42 368 70 524 3912 2698 62 41 39 27 36 70 32 88 41 97 49 7626 1245 211 1201 255 644
internal_value=-3.198e-12 -0.000192994 0.00376876 -0.000621774 -0.00505028 0.00110611 0.00623712 -0.000311464 0.00713511 0.0117767 -0.000423861 -0.00115553 0.000544424 0.00810531 0.000103598 0.00382837 -0.00828224 -0.0134601 0.00932838 0.0128631 0.00947584 -0.00348026 -0.0148027 -0.0110202 3.10717e-05 0.000478223 0.00212767 0.00465671 -0.000253009 -0.000446467
internal_weight=26794 9359 914 8445 553 339 160 7892 572 204 7788 4436 3352 104 17435 333 104 77 229 159 127 179 214 117 17102 8832 2912 1412 1500 8270
internal_count=26794 9359 914 8445 553 339 160 7892 572 204 7788 4436 3352 104 17435 333 104 77 229 159 127 179 214 117 17102 8832 2912 1412 1500 8270
is_linear=0
shrinkage=0.05


Tree=241
num_leaves=12
num_cat=0
split_feature=5 5 5 6 6 7 5 7 7 7 4
split_gain=0.194671 0.676676 0.356081 0.338113 0.346733 0.857981 0.485471 0.282127 2.19255 1.56597 0.278125
threshold=96.500000000000014 94.500000000000014 99.500000000000014 17.500000000000004 14.500000000000002 0.088837951421737685 87.500000000000014 0.10184292867779733 0.040069280192255981 0.16686782985925677 5.5000000000000009
decision_type=2 2 2 2 2 2 2 2 2 2 2
left_child=1 3 -2 4 7 6 -6 8 -1 -9 -4
right_child=2 -3 10 -5 5 -7 -8 9 -10 -11 -12
leaf_value=4.7916230190533945e-05 -0.0071372698923503914 0.0085798233231205653 0.003310308713532452 0.0033749624054778267 -0.0078032788083267704 0.0053751820058096202 -0.0018167408490958423 -0.0039614052728687956 0.0042193722119119688 -0.00010361664707278148 -0.004110171694217412
leaf_weight=16859 27 23 28 74 48 32 115 271 321 8973 23
leaf_count=16859 27 23 28 74 48 32 115 271 321 8973 23
internal_value=2.89999e-13 7.28221e-06 -0.00249425 -1.0431e-07 -9.48689e-06 -0.00211014 -0.00357965 6.01518e-06 0.000125858 -0.000216713 -3.61825e-05
internal_weight=26794 26716 78 26693 26619 195 163 26424 17180 9244 51
internal_count=26794 26716 78 26693 26619 195 163 26424 17180 9244 51
is_linear=0
shrinkage=0.05


Tree=242
num_leaves=31
num_cat=0
split_feature=5 7 5 7 7 7 4 7 7 7 7 0 0 7 7 5 5 5 5 5 4 4 0 7 7 7 0 7 0 5
split_gain=0.191758 3.09644 1.25556 1.40158 3.38269 3.93211 1.60324 1.94 1.29708 1.28451 0.973303 2.72881 6.48089 1.51351 0.939067 0.904106 0.787867 2.0518 0.598388 0.491621 1.93365 4.34367 2.24978 7.91459 5.50199 1.60314 4.33502 1.07649 2.15512 3.00047
threshold=42.500000000000007 -2.0927473306655879 40.500000000000007 1.2007636427879336 0.46598234772682195 0.56351968646049511 2.5000000000000004 1.7989926934242251 0.069330483675003066 1.5161343812942507 0.68381574749946605 3.5000000000000004 1.5000000000000002 0.63179582357406627 0.46598234772682195 33.500000000000007 41.500000000000007 40.500000000000007 39.500000000000007 51.500000000000007 8.5000000000000018 6.5000000000000009 3.5000000000000004 0.10184292867779733 -1.1856499910354612 0.19287778437137607 1.0000000180025095e-35 1.6851991415023806 4.5000000000000009 64.500000000000014
decision_type=2 2 2 2 2 2 2 2 2 2 2 2 2 2 2 2 2 2 2 2 2 2 2 2 2 2 2 2 2 2
left_child=1 16 10 4 8 -6 7 -5 -4 -8 13 12 -12 14 -3 -13 17 -1 -15 20 21 22 24 -24 -2 -23 -27 -21 -29 -30
right_child=19 2 3 6 5 -7 9 -9 -10 -11 11 15 -14 18 -16 -17 -18 -19 -20 27 -22 25 23 -25 -26 26 -28 28 29 -31
leaf_value=-0.017569968039574831 -0.012880782443469605 0.00036991038944719735 0.0013690882568123317 0.0052067054887161117 -0.026440958252974919 -0.0029124838733316765 0.011758360468915532 0.024941694166045636 0.0084560830564494576 0.0013172952380652229 -0.00075290830939189789 -0.0088932311852746044 0.019998287829833154 0.0036677541778139446 -0.0043294198956306375 -0.003223827081470035 -0.01840392074414662 0.0031230526566505433 0.015073204704600832 0.0002322589457655446 0.000679615573527512 -0.018042655137327054 -0.00073628748999819303 0.0088892093398677922 -0.0014620577756010358 -0.018792564602148149 0.0078692102432250978 -0.0025585211170314338 0.00050242199695536068 0.02167131176895716
leaf_weight=23 113 4304 1004 33 21 115 35 20 69 186 1068 115 39 23 109 181 21 25 23 11511 2564 46 2445 234 1588 31 30 726 70 22
leaf_count=23 113 4304 1004 33 21 115 35 20 69 186 1068 115 39 23 109 181 21 25 23 11511 2564 46 2445 234 1588 31 30 726 70 22
internal_value=5.51401e-12 0.000216261 0.0003153 0.00161501 0.000883241 -0.00654556 0.00484385 0.0126539 0.00182482 0.00297086 -1.35069e-05 -0.00116209 -2.18364e-05 0.000347887 0.000253838 -0.00542647 -0.0103263 -0.00679235 0.00937048 -8.27327e-05 -0.000415735 -0.00104165 -0.000798499 0.000104461 -0.00222062 -0.0109949 -0.00568022 0.000107712 -0.00164492 0.00556455
internal_weight=26794 7414 7345 1483 1209 136 274 53 1073 221 5862 1403 1107 4459 4413 296 69 48 46 19380 7051 4487 4380 2679 1701 107 61 12329 818 92
internal_count=26794 7414 7345 1483 1209 136 274 53 1073 221 5862 1403 1107 4459 4413 296 69 48 46 19380 7051 4487 4380 2679 1701 107 61 12329 818 92
is_linear=0
shrinkage=0.05


Tree=243
num_leaves=31
num_cat=0
split_feature=6 4 7 7 7 7 7 0 7 7 0 7 4 6 7 6 7 7 0 7 4 4 6 0 7 0 4 7 4 6
split_gain=0.183022 0.801082 1.24562 5.75773 2.30067 1.88548 1.81502 6.66368 3.58886 1.5448 2.11041 0.721525 1.03881 1.98961 1.70229 0.814801 1.81707 1.4317 0.871676 0.710235 0.539642 2.5363 1.05235 0.491128 0.255203 7.63017 8.09769 4.52519 12.9901 5.13401
threshold=5.5000000000000009 1.0000000180025095e-35 -0.53865227103233326 -0.56466224789619435 -0.32081888616085047 -0.35983382165431971 -0.16475913673639295 3.5000000000000004 0.48874105513095861 -0.65569707751274098 3.5000000000000004 -1.1856499910354612 1.5000000000000002 4.5000000000000009 -0.94505789875984181 4.5000000000000009 -1.4278677105903623 -1.4928926229476926 1.0000000180025095e-35 -0.44761744141578669 3.5000000000000004 4.5000000000000009 4.5000000000000009 1.5000000000000002 0.10184292867779733 4.5000000000000009 4.5000000000000009 0.30992259085178381 1.0000000180025095e-35 6.5000000000000009
decision_type=2 2 2 2 2 2 2 2 2 2 2 2 2 2 2 2 2 2 2 2 2 2 2 2 2 2 2 2 2 2
left_child=1 2 3 9 5 19 7 -6 -8 10 -1 15 13 14 -13 17 -17 18 -3 -4 22 -22 -14 -19 -2 27 -27 28 29 -26
right_child=24 11 4 -5 6 -7 8 -9 -10 -11 -12 12 20 -15 -16 16 -18 23 -20 -21 21 -23 -24 -25 25 26 -28 -29 -30 -31
leaf_value=0.010346501207975456 0.00018004383313510654 -0.0076389510583664694 -0.0010988124281571931 -0.024964588729199023 -0.027950423505778116 0.016603673790366605 0.0051250559857698701 -0.0021505716385548036 -0.0057294666521618661 -0.0099235588995118945 -0.0036894812537226042 0.0075096319133744526 -0.0072687748353928334 0.012217388092540206 -0.00062971284804235394 -0.0055701996289914653 0.01200182445713186 -0.0037950857542455199 0.0025631794272585359 0.005687465213446154 0.010596141924283334 -0.00018156438284442234 0.001738489450249521 -0.011119565182210259 0.0017411770911089015 0.0085755294147626653 -0.0018224305169005023 -0.00032563079702029702 0.000968939508842275 -0.019460746952174833
leaf_weight=43 14566 28 83 31 30 26 158 151 147 39 71 85 72 48 263 31 28 37 83 72 56 2163 59 60 35 480 307 7069 318 155
leaf_count=43 14566 28 83 31 30 26 158 151 147 39 71 85 72 48 263 31 28 37 83 72 56 2163 59 60 35 480 307 7069 318 155
internal_value=-5.17096e-12 -0.000318336 -0.00167298 -0.00531508 -0.000668261 0.0041436 -0.00246033 -0.00642679 -0.000106468 -0.00133381 0.00160479 6.42729e-05 0.000305542 0.00267459 0.00135835 -0.00241709 0.00276907 -0.00388817 -1.0331e-05 0.00205352 -9.36684e-05 9.04282e-05 -0.00321207 -0.00832569 5.36437e-05 -0.000166483 0.0045194 -0.000653192 -0.00521132 -0.0155551
internal_weight=26794 3864 851 184 667 181 486 181 305 153 114 3013 2746 396 348 267 59 208 111 155 2350 2219 131 97 22930 8364 787 7577 508 190
internal_count=26794 3864 851 184 667 181 486 181 305 153 114 3013 2746 396 348 267 59 208 111 155 2350 2219 131 97 22930 8364 787 7577 508 190
is_linear=0
shrinkage=0.05


Tree=244
num_leaves=31
num_cat=0
split_feature=7 7 0 6 0 7 6 7 6 6 6 0 7 7 7 0 2 6 7 6 7 7 7 7 7 6 7 2 7 0
split_gain=0.175188 0.950753 1.56715 2.94469 0.944392 0.827808 1.22314 0.715459 2.85038 0.806842 0.709442 1.72707 1.67225 1.07705 0.688578 0.631462 1.12151 0.578599 1.55473 1.16164 0.572959 2.17775 2.11678 0.569512 3.40909 2.83852 1.56875 1.86555 1.29891 3.53212
threshold=-0.41835623979568476 -0.43136121332645411 4.5000000000000009 5.5000000000000009 1.0000000180025095e-35 -0.3858437836170196 9.5000000000000018 -0.42485871911048884 7.5000000000000009 7.5000000000000009 5.5000000000000009 4.5000000000000009 -0.40210001170635218 -0.40535125136375422 -0.42485871911048884 6.5000000000000009 1.0000000180025095e-35 3.5000000000000004 -0.54515478014945973 2.5000000000000004 -0.56466224789619435 -0.51914480328559864 -0.60042592883110035 -0.36958755552768702 -0.37609004974365229 7.5000000000000009 -0.38259252905845637 1.5000000000000002 -0.33057262003421778 5.5000000000000009
decision_type=2 2 2 2 2 2 2 2 2 2 2 2 2 2 2 2 2 2 2 2 2 2 2 2 2 2 2 2 2 2
left_child=1 15 4 -4 14 6 10 8 -5 -9 -2 12 -12 -13 -3 17 -17 18 19 -1 22 -22 -19 24 26 -26 -7 -28 29 -25
right_child=5 2 3 7 -6 23 -8 9 -10 -11 11 13 -14 -15 -16 16 -18 20 -20 -21 21 -23 -24 28 25 -27 27 -29 -30 -31
leaf_value=-0.0002967121785794999 -0.00050903723683468137 -0.0041550126653446843 0.012478184114609447 -0.0042981938924640415 0.0090512963792970108 -0.0010801248331369611 -0.010574576389044524 -0.0068166741924924838 -0.021451612488211445 0.003730666534276679 0.0034081921636099272 -0.0028512039272693777 0.014060526922473622 0.0027624949367206679 0.0034976098950038541 0.00037838154239580037 -0.014492108397895382 0.00014519953553302159 0.0091268511663656678 -0.0058182059753779051 -0.0036960753320663432 0.00027411096747583956 0.0052249900007425533 0.0082680674780858682 -0.0034683047506074548 -0.023413797759761414 0.018320408552729837 0.00032371461598409545 -7.5143120009575637e-06 -0.00080591819117968697
leaf_weight=220 215 66 21 74 31 454 20 66 36 25 101 119 58 303 53 32 21 4445 30 168 449 1497 215 175 44 30 24 36 17489 277
leaf_count=220 215 66 21 74 31 454 20 66 36 25 101 119 58 303 53 32 21 4445 30 168 449 1497 215 175 44 30 24 36 17489 277
internal_value=-3.96768e-12 -0.000206034 -0.00266985 -0.00533746 0.00127822 7.93357e-05 0.00163792 -0.0071988 -0.00991204 -0.00391905 0.00194477 0.00285281 0.00729395 0.00117949 -0.000746702 -7.65246e-05 -0.0055137 -3.54981e-05 -0.00183954 -0.00268746 7.86544e-05 -0.000641929 0.000379568 1.06969e-05 -0.0015205 -0.0115543 -7.594e-05 0.00752239 6.08804e-05 0.00270724
internal_weight=26794 7449 372 222 150 19345 816 201 110 91 796 581 159 422 119 7077 53 7024 418 388 6606 1946 4660 18529 588 74 514 60 17941 452
internal_count=26794 7449 372 222 150 19345 816 201 110 91 796 581 159 422 119 7077 53 7024 418 388 6606 1946 4660 18529 588 74 514 60 17941 452
is_linear=0
shrinkage=0.05


Tree=245
num_leaves=31
num_cat=0
split_feature=4 7 7 7 7 3 7 7 7 7 7 7 7 7 1 7 3 1 7 7 7 4 3 7 7 7 4 7 7 4
split_gain=0.179115 1.41036 11.034 2.99455 2.61612 4.18106 2.51229 6.45824 3.3801 5.50698 5.27726 3.46961 2.42691 10.5115 1.94051 1.90841 1.86565 1.54312 1.34531 8.63996 1.80366 1.27252 1.47168 2.91751 1.29669 4.92526 5.06979 4.30099 3.70239 3.0474
threshold=1.0000000180025095e-35 -0.0607193075120449 0.040069280192255981 0.10184292867779733 -0.044463083148002618 1.5000000000000002 -0.23303528130054471 -0.22978403419256208 -0.2883064448833465 -0.27855271100997919 -0.29480892419815058 -0.33057262003421778 0.58952966332435619 0.8301217555999757 1.0000000180025095e-35 -0.29155768454074854 1.0000000180025095e-35 1.0000000180025095e-35 -0.16150789707899091 -0.16475913673639295 -0.14200042933225629 1.5000000000000002 1.0000000180025095e-35 -0.89628919959068287 -0.080226775258779512 0.069330483675003066 5.5000000000000009 0.088837951421737685 -0.26229648292064661 7.5000000000000009
decision_type=2 2 2 2 2 2 2 2 2 2 2 2 2 2 2 2 2 2 2 2 2 2 2 2 2 2 2 2 2 2
left_child=1 6 4 -4 -3 -6 8 -8 10 17 11 -1 16 -14 -11 -12 -5 -10 19 -9 -20 22 -2 -24 28 -26 -27 -28 -23 -30
right_child=21 2 3 12 5 -7 7 18 9 14 15 -13 13 -15 -16 -17 -18 -19 20 -21 -22 24 23 -25 25 26 27 -29 29 -31
leaf_value=0.00030642832678370196 0.0014187151429654219 -0.017932872001179739 0.0059360855832122847 -0.0049824436221530327 -0.0092618017718195927 0.014593786098994317 0.017029012788309535 0.0016292404847895474 -0.016100178968627005 0.0016929519288735281 0.013593733846395712 -0.0046357552357359872 0.010129306568648652 -0.0011192967368211155 -0.004628574201222346 0.0028182009681548977 -0.00077210184063229465 -0.0070080365370293815 0.0073606283330092479 -0.012820537213296831 0.001465808386094423 -1.3836963658272765e-05 -0.0061915457333353435 0.015658199256286028 0.0028381018927258134 0.004325884708102145 -0.016158562813970177 -0.0004704250198810803 -0.0074378961903663974 -0.0015327499337860417
leaf_weight=3518 603 76 195 389 225 20 67 1030 80 302 94 395 254 1139 203 73 813 112 175 115 502 6743 22 50 1708 575 44 6168 300 804
leaf_count=3518 603 76 195 389 225 20 67 1030 80 302 94 395 254 1139 203 73 813 112 175 115 502 6743 22 50 1708 575 44 6168 300 804
internal_value=-1.14294e-11 -0.000170552 -0.0010496 -3.95655e-05 -0.00982844 -0.00731441 0.000239699 0.0017833 -0.000370695 -0.00358858 0.000179027 -0.000192463 -0.000488603 0.000931777 -0.000848176 0.00888347 -0.00213468 -0.0107964 0.00122267 0.000177953 0.00298958 9.79892e-05 0.00222545 0.00898189 1.01151e-05 0.000438176 -0.000165784 -0.000581545 -0.000453295 -0.00313741
internal_weight=26794 9777 3111 2790 321 245 6666 1889 4777 697 4080 3913 2595 1393 505 167 1202 192 1822 1145 677 17017 675 72 16342 8495 6787 6212 7847 1104
internal_count=26794 9777 3111 2790 321 245 6666 1889 4777 697 4080 3913 2595 1393 505 167 1202 192 1822 1145 677 17017 675 72 16342 8495 6787 6212 7847 1104
is_linear=0
shrinkage=0.05


Tree=246
num_leaves=31
num_cat=0
split_feature=5 5 7 7 4 7 7 7 5 7 0 4 7 0 7 7 7 7 0 7 5 4 5 7 7 0 5 5 7 0
split_gain=0.217518 2.03134 5.11914 3.26272 3.13835 2.71301 3.77706 2.7488 2.65576 3.38745 2.0777 4.06447 3.44907 1.90457 1.85324 3.77658 1.84887 1.6539 1.46261 1.37464 1.36374 1.29706 1.17613 1.17324 0.990218 0.978132 0.865447 0.760296 5.90025 3.47299
threshold=65.500000000000014 67.500000000000014 1.0349501967430117 1.0934725999832156 5.5000000000000009 1.3015522360801699 1.0000000180025095e-35 0.088837951421737685 66.500000000000014 -1.4278677105903623 1.0000000180025095e-35 6.5000000000000009 1.6494354605674746 1.0000000180025095e-35 -0.48663237690925593 -0.23953776806592939 -1.1336300969123838 -0.37609004974365229 1.0000000180025095e-35 -0.32407012581825251 69.500000000000014 2.5000000000000004 66.500000000000014 0.22864147275686267 -0.72722449898719776 3.5000000000000004 76.500000000000014 58.500000000000007 0.10184292867779733 4.5000000000000009
decision_type=2 2 2 2 2 2 2 2 2 2 2 2 2 2 2 2 2 2 2 2 2 2 2 2 2 2 2 2 2 2
left_child=27 2 8 -4 14 6 26 -8 13 -10 12 -12 -7 19 16 18 20 -11 -16 -2 -3 -5 -23 -17 -15 -18 -6 -1 -29 -30
right_child=1 4 3 21 5 10 7 -9 9 17 11 -13 -14 24 15 23 25 -19 -20 -21 -22 22 -24 -25 -26 -27 -28 28 29 -31
leaf_value=-6.5023217946286429e-05 0.0038190115065801708 0.0063152128671351664 0.01021314737200737 0.0035533327861009423 0.0016825144227984692 0.022398813397568815 -0.023097332000084545 -0.0052698691015988283 -0.021365282312035563 0.0071648467716295267 -0.010252452751872344 0.0074943891348426828 -0.0017931132711685048 -0.0055400983076542617 0.022354637501495227 -0.0015714212120357962 -0.013892273707636472 -0.0081186859699135475 0.0077938360007144243 -0.01040286598615924 0.00057470693156098159 0.00010551164444122051 -0.011601568858434516 0.0042274638708376085 0.0026126126298674523 -0.0025790795629810812 -0.0014799562063402766 0.0027248818107885771 -0.0018317542708220008 0.0085865037446464631
leaf_weight=19225 21 117 100 74 310 34 23 361 48 20 52 85 26 50 35 122 29 154 34 89 894 45 41 306 146 56 716 1820 1677 84
leaf_count=19225 21 117 100 74 310 34 23 361 48 20 52 85 26 50 35 122 29 154 34 89 894 45 41 306 146 56 716 1820 1677 84
internal_value=-2.55286e-12 -0.000340679 -0.00261471 0.00312825 0.0002193 -0.0013397 -0.00210761 -0.00633766 -0.00544268 -0.00960592 0.00415652 0.000758362 0.0119156 -0.00242229 0.001792 0.00432453 0.00064358 -0.00636196 0.0151797 -0.00768778 0.00123904 -0.00129981 -0.00547577 0.00257451 0.000532839 -0.00643888 -0.000524434 5.95733e-05 0.000728483 -0.0013348
internal_weight=26794 3988 788 260 3200 1607 1410 384 528 222 197 137 60 306 1593 497 1096 174 69 110 1011 160 86 428 196 85 1026 22806 3581 1761
internal_count=26794 3988 788 260 3200 1607 1410 384 528 222 197 137 60 306 1593 497 1096 174 69 110 1011 160 86 428 196 85 1026 22806 3581 1761
is_linear=0
shrinkage=0.05


Tree=247
num_leaves=31
num_cat=0
split_feature=4 4 6 0 6 0 0 6 0 2 0 0 6 6 4 0 4 2 4 6 6 6 0 2 0 2 6 6 2 4
split_gain=0.187845 1.14343 4.59956 1.32203 4.0526 1.34452 1.23615 2.34987 1.31418 1.11456 3.14119 6.2115 4.67506 1.20055 1.00113 1.21812 1.04501 2.22578 3.27953 2.78166 1.04131 1.50611 0.798643 1.6873 2.69804 0.580675 0.542346 0.472522 0.45137 1.4013
threshold=1.0000000180025095e-35 1.5000000000000002 4.5000000000000009 2.5000000000000004 6.5000000000000009 3.5000000000000004 3.5000000000000004 2.5000000000000004 2.5000000000000004 1.0000000180025095e-35 5.5000000000000009 1.0000000180025095e-35 7.5000000000000009 5.5000000000000009 2.5000000000000004 3.5000000000000004 4.5000000000000009 1.0000000180025095e-35 3.5000000000000004 5.5000000000000009 11.500000000000002 7.5000000000000009 4.5000000000000009 1.5000000000000002 3.5000000000000004 1.5000000000000002 6.5000000000000009 10.500000000000002 1.5000000000000002 10.500000000000002
decision_type=2 2 2 2 2 2 2 2 2 2 2 2 2 2 2 2 2 2 2 2 2 2 2 2 2 2 2 2 2 2
left_child=9 2 6 4 -4 -5 8 -8 -2 10 11 -1 -13 22 15 20 17 18 -16 -19 21 -3 23 24 -11 -24 -17 -28 -18 -30
right_child=1 14 3 5 -6 -7 7 -9 -10 13 -12 12 -14 -15 16 26 28 19 -20 -21 -22 -23 25 -25 -26 -27 27 -29 29 -31
leaf_value=-0.0064512734830016339 0.00023540186464460721 -0.0040075982571579514 0.01399198149641355 0.024159692041575909 -0.0096815310739751526 0.0098952473949570699 -0.0078589550813595796 0.0085996235590861288 -0.0063022187198919144 0.00046261717458643647 -0.012706005509331156 0.018044700565321061 -0.0061293153402705997 9.3266608297324198e-05 -0.0029711905958878246 0.0075784227446369506 0.0002278381945456719 3.9929115446284412e-05 0.01130429029218712 0.019231169688992383 -0.00080741192693548178 -0.016375473560765387 -0.0020634514832217916 -0.015260217611988387 -0.010880338356587782 0.0014348958323938841 -0.0037787832090487848 0.0022049759445128157 -0.0018153652815847379 6.8157396306845852e-05
leaf_weight=159 303 64 48 24 29 53 29 86 103 186 67 60 30 8668 167 23 9727 35 53 41 68 40 313 30 73 191 65 67 1247 4745
leaf_count=159 303 64 48 24 29 53 29 86 103 186 67 60 30 8668 167 23 9727 35 53 41 68 40 313 30 73 191 65 67 1247 4745
internal_value=3.18552e-12 0.000100349 0.00211702 0.00970865 0.00507598 0.0143413 -0.000126956 0.0044492 -0.00142316 -0.000174659 -0.00309574 -0.000509839 0.0099867 -7.70938e-05 1.70511e-05 -0.00272169 7.29717e-05 0.00301626 0.000467903 0.0103931 -0.00561866 -0.00876447 -0.00193924 -0.00403469 -0.00273443 -0.000737689 0.000493008 -0.000741572 1.75475e-05 -0.000323824
internal_weight=26794 17017 675 154 77 77 521 115 406 9777 316 249 90 9461 16342 327 16015 296 220 76 172 104 793 289 259 504 155 132 15719 5992
internal_count=26794 17017 675 154 77 77 521 115 406 9777 316 249 90 9461 16342 327 16015 296 220 76 172 104 793 289 259 504 155 132 15719 5992
is_linear=0
shrinkage=0.05


Tree=248
num_leaves=31
num_cat=0
split_feature=5 4 4 7 5 7 0 4 5 7 7 0 5 7 7 7 7 5 4 0 0 7 5 4 7 7 5 0 7 5
split_gain=0.201185 1.29352 1.5502 3.23555 2.78448 2.35635 2.52504 4.18478 2.22026 1.56575 0.806626 0.682409 3.42041 2.14779 1.41515 1.39669 0.761851 1.83336 3.0701 5.33308 2.06649 1.59509 1.46111 1.32981 1.28787 3.97868 3.07007 2.86971 2.49767 0.5889
threshold=29.500000000000004 8.5000000000000018 1.0000000180025095e-35 -0.72722449898719776 26.500000000000004 -0.52889856696128834 3.5000000000000004 2.5000000000000004 14.500000000000002 1.6851991415023806 0.8918953835964204 6.5000000000000009 41.500000000000007 -0.41835623979568476 0.76834812760353099 0.16686782985925677 1.5518980622291567 47.500000000000007 2.5000000000000004 1.0000000180025095e-35 3.5000000000000004 1.6851991415023806 54.500000000000007 12.500000000000002 1.0934725999832156 1.0902213454246523 39.500000000000007 4.5000000000000009 1.0642113685607912 35.500000000000007
decision_type=2 2 2 2 2 2 2 2 2 2 2 2 2 2 2 2 2 2 2 2 2 2 2 2 2 2 2 2 2 2
left_child=1 2 3 -1 -5 6 8 -8 -4 10 -7 16 -13 -14 15 -15 24 18 19 -18 -20 22 -19 -23 25 28 29 -28 -2 -26
right_child=11 -3 5 4 -6 9 7 -9 -10 -11 -12 12 13 14 -16 -17 17 21 20 -21 -22 23 -24 -25 26 -27 27 -29 -30 -31
leaf_value=0.010124931322491688 1.4956164754156504e-05 -0.0029423884631463943 0.0019427993729779565 0.00086822989754951918 -0.020366849313722925 0.0043598268124409711 0.0099496029109494497 -0.0055669019791719006 -0.0060314208083420331 -0.0077917938431104027 0.01157111185349767 -0.020195181603543461 -0.012209777943789961 0.0020183383845365963 -0.0044447915680292582 0.019135900476778097 -0.0073231566209523459 -0.0024772187202720891 0.0021662693311760273 0.01306017116910559 -0.0033042539315355016 -0.0016627180667315119 0.0057446316347528276 0.0063810036017524982 -0.014856882188290073 0.0092757708168235333 -0.0017020964822651971 0.0076473371376697399 -0.012047671741091235 -0.0069901620218202039
leaf_weight=23 21266 410 135 26 38 247 112 71 247 24 46 25 25 26 27 22 42 79 992 136 209 1060 171 54 39 116 932 90 43 61
leaf_count=23 21266 410 135 26 38 247 112 71 247 24 46 25 25 26 27 22 42 79 992 136 209 1060 171 54 39 116 932 90 43 61
internal_value=-2.97639e-12 -0.000588183 0.00040792 -0.00595969 -0.0117401 0.00103602 -0.000899783 0.00392954 -0.00321331 0.00448626 0.00549197 3.19144e-05 -0.00365333 0.000482128 0.00471276 0.00986389 5.01293e-05 0.000836925 0.00212252 0.00825062 0.00121428 -0.000462812 0.00314653 -0.00127281 -4.55899e-05 4.08867e-05 -0.00169689 -0.000878761 -9.38533e-06 -0.0100582
internal_weight=26794 1379 969 87 64 882 565 183 382 317 293 25415 125 100 75 48 25290 2743 1379 178 1201 1364 250 1114 22547 21425 1122 1022 21309 100
internal_count=26794 1379 969 87 64 882 565 183 382 317 293 25415 125 100 75 48 25290 2743 1379 178 1201 1364 250 1114 22547 21425 1122 1022 21309 100
is_linear=0
shrinkage=0.05


Tree=249
num_leaves=31
num_cat=0
split_feature=4 4 0 0 0 4 4 2 0 4 1 0 4 0 2 4 2 0 0 0 2 0 4 2 2 0 2 0 0 1
split_gain=0.184535 0.568834 1.15288 0.580742 6.00159 0.730756 0.981778 0.672201 0.900991 0.672748 0.459013 0.918483 0.528282 0.482028 6.74734 3.64642 11.549 2.81723 2.64693 0.466729 0.997022 0.455477 5.31771 2.06211 1.16607 1.941 0.941824 0.589126 0.445403 0.430615
threshold=7.5000000000000009 9.5000000000000018 5.5000000000000009 3.5000000000000004 2.5000000000000004 11.500000000000002 12.500000000000002 1.5000000000000002 4.5000000000000009 11.500000000000002 1.0000000180025095e-35 6.5000000000000009 1.5000000000000002 4.5000000000000009 1.5000000000000002 4.5000000000000009 1.0000000180025095e-35 5.5000000000000009 3.5000000000000004 6.5000000000000009 1.0000000180025095e-35 2.5000000000000004 5.5000000000000009 1.0000000180025095e-35 1.5000000000000002 1.0000000180025095e-35 1.0000000180025095e-35 1.0000000180025095e-35 3.5000000000000004 1.0000000180025095e-35
decision_type=2 2 2 2 2 2 2 2 2 2 2 2 2 2 2 2 2 2 2 2 2 2 2 2 2 2 2 2 2 2
left_child=10 2 -2 4 5 -3 -7 8 -5 -10 11 13 -13 14 28 17 -17 -15 -16 21 -21 24 26 -24 25 -12 -23 -26 -1 -9
right_child=1 3 -4 7 -6 6 -8 29 9 -11 19 12 -14 15 18 16 -18 -19 -20 20 -22 22 23 -25 27 -27 -28 -29 -30 -31
leaf_value=3.7284460413468097e-05 0.0044945518199132166 1.314762186339368e-05 -0.0048153170821733961 -0.0033377537257520754 0.019883018082533128 0.003493251477665894 -0.00048550059166338759 -0.0018301813643714195 0.003360910202299356 -0.0002754081263084974 -0.0010321729023656401 -0.00020625105705754512 -0.0086583337070895178 0.0089234424028091317 -0.0068918379035658589 0.00061985609257788764 0.023616110256818288 -0.00045475727556156247 0.0071571750411142908 0.011879955554524294 -0.0021046648379415274 -0.0015887608692693467 0.0017549863328104435 -0.015256758273801697 0.0043304502545928204 0.0017091348865748539 0.0005764655589233043 0.00087198363986980417 -0.0012054001121488463 -0.0061895166553689969
leaf_weight=7659 176 5316 41 164 39 366 269 297 184 412 1398 29 51 82 488 277 68 3420 36 26 25 618 23 79 290 1200 2681 214 796 70
leaf_count=7659 176 5316 41 164 39 366 269 297 184 412 1398 29 51 82 488 277 68 3420 36 26 25 618 23 79 290 1200 2681 214 796 70
internal_value=5.60564e-12 0.000213743 0.00273554 0.000136852 0.000332765 0.000204642 0.00180776 -0.000904421 -5.58583e-05 0.000847214 -8.05545e-05 -0.000253603 -0.00559445 -0.000220291 -0.000420926 0.000247998 0.00515245 -0.000235165 -0.00592664 0.000260209 0.00502475 0.000222843 -0.000176792 -0.0114208 0.000660999 0.00023402 0.000170855 0.00286197 -7.97087e-05 -0.00266166
internal_weight=26794 7334 217 7117 5990 5951 635 1127 760 596 19460 12906 80 12826 8979 3847 345 3502 524 6554 51 6503 3401 102 3102 2598 3299 504 8455 367
internal_count=26794 7334 217 7117 5990 5951 635 1127 760 596 19460 12906 80 12826 8979 3847 345 3502 524 6554 51 6503 3401 102 3102 2598 3299 504 8455 367
is_linear=0
shrinkage=0.05


Tree=250
num_leaves=31
num_cat=0
split_feature=1 3 0 0 2 3 2 0 3 2 3 0 2 0 0 0 0 0 2 0 0 0 0 2 0 0 2 3 2 0
split_gain=0.140412 3.29379 2.0038 1.26149 1.89148 1.79526 1.76483 1.90917 5.91213 1.02882 0.929284 0.912296 0.903453 2.99184 2.02233 1.37896 0.998289 0.798605 0.629873 1.53737 1.64696 1.07313 3.68555 0.584382 2.29494 1.49645 3.0697 0.545723 0.525698 2.23257
threshold=1.0000000180025095e-35 1.0000000180025095e-35 1.0000000180025095e-35 1.0000000180025095e-35 1.5000000000000002 1.5000000000000002 1.5000000000000002 3.5000000000000004 1.5000000000000002 1.0000000180025095e-35 1.0000000180025095e-35 6.5000000000000009 1.5000000000000002 3.5000000000000004 5.5000000000000009 1.0000000180025095e-35 1.5000000000000002 6.5000000000000009 1.0000000180025095e-35 1.5000000000000002 5.5000000000000009 3.5000000000000004 4.5000000000000009 1.5000000000000002 5.5000000000000009 4.5000000000000009 1.0000000180025095e-35 1.5000000000000002 1.0000000180025095e-35 5.5000000000000009
decision_type=2 2 2 2 2 2 2 2 2 2 2 2 2 2 2 2 2 2 2 2 2 2 2 2 2 2 2 2 2 2
left_child=10 2 -2 4 5 -3 9 8 -8 11 12 -5 18 15 -15 -14 -17 28 19 -1 -21 -20 -23 25 -25 26 -4 -11 29 -12
right_child=1 3 23 6 -6 -7 7 -9 -10 27 17 -13 13 14 -16 16 -18 -19 21 20 -22 22 -24 24 -26 -27 -28 -29 -30 -31
leaf_value=-0.0010138029762561871 0.004010873555132786 -0.0041638746552052908 0.0068955066816679678 -0.00028544674791900344 0.0011656912201866967 0.00069636921412145848 0.0078889340784474363 -0.0023709150150578364 -0.0067109468858689075 0.0016193747022852122 0.00047854385895573781 0.0099829231981526725 -0.0010431152971413656 0.0082501414807905488 -0.00034916205345358973 -0.0051834321138027875 -0.014960028789937498 -0.006644599849269503 0.0014617505958311417 0.0022034991737498646 -0.0044943712735992106 -0.0050989093613593257 0.0010250663792630923 -0.0022550241593386473 0.0035511334194639013 -0.0017425523324282436 -0.0014020285661997033 0.0054206765466589344 7.9020960161763532e-05 0.0062613700941019784
leaf_weight=3740 670 763 194 1289 384 253 177 1133 114 864 2143 22 234 76 681 387 28 42 1224 729 105 336 914 243 568 552 262 106 8380 181
leaf_count=3740 670 763 194 1289 384 253 177 1133 114 864 2143 22 234 76 681 387 28 42 1224 729 105 336 914 243 568 552 262 106 8380 181
internal_value=4.7211e-12 0.000181999 0.00167331 -0.000545106 -0.00182374 -0.0029536 -6.19537e-05 -0.00144309 0.00216939 0.00080027 -7.19843e-05 -0.000113132 -0.000464165 -0.00162143 0.000514176 -0.00411242 -0.00584306 0.000236548 -0.000233303 -0.000580932 0.00136024 0.000409402 -0.000621058 0.000812304 0.00181143 8.4404e-06 0.00212806 0.00203477 0.000263548 0.000928927
internal_weight=26794 7594 2489 5105 1400 1016 3705 1424 291 2281 19200 1311 8454 1406 757 649 415 10746 7048 4574 834 2474 1250 1819 811 1008 456 970 10704 2324
internal_count=26794 7594 2489 5105 1400 1016 3705 1424 291 2281 19200 1311 8454 1406 757 649 415 10746 7048 4574 834 2474 1250 1819 811 1008 456 970 10704 2324
is_linear=0
shrinkage=0.05


Tree=251
num_leaves=21
num_cat=0
split_feature=4 4 7 7 7 2 2 4 7 7 2 7 7 7 7 4 7 7 7 7
split_gain=0.181454 0.200593 1.74368 1.31354 0.722417 0.287334 0.24912 0.229048 2.49903 1.43838 1.1972 0.549873 0.255522 2.48406 1.41072 1.00865 0.709687 5.40029 1.44265 0.030933
threshold=13.500000000000002 12.500000000000002 0.96342280507087719 0.16686782985925677 0.088837951421737685 1.0000000180025095e-35 1.0000000180025095e-35 11.500000000000002 0.47248482704162603 -0.74022945761680592 1.0000000180025095e-35 -1.0523489713668821 0.41071118414402014 0.50174602866172802 0.51149979233741771 1.0000000180025095e-35 -0.16150789707899091 -0.16475913673639295 -0.14525166898965833 0.10184292867779733
decision_type=2 2 2 2 2 2 2 2 2 2 2 2 2 2 2 2 2 2 2 2
left_child=1 7 3 4 5 -3 -4 12 9 11 -11 -9 16 15 -15 -14 17 -1 -18 -6
right_child=-2 2 6 -5 19 -7 -8 8 -10 10 -12 -13 13 14 -16 -17 18 -19 -20 -21
leaf_value=1.7443527344971404e-05 0.0039529302037031996 -0.0023309048149363102 0.0031535944310375134 -0.013779606437982204 0.0015483362956963962 -0.0071509505706754605 0.009893744772878188 0.00016549322594983096 0.01550772592392085 0.0064082404463935774 0.00032885772528302645 -0.0032107698240954629 -0.0046723449701035584 0.0066168281965656205 -5.8605752707386395e-05 -0.0006524387507907014 0.0044984812858349195 -0.0097182307288878507 0.0004339235057736574 0.0037819869711153936
leaf_weight=13130 29 104 26 26 31 44 29 256 28 138 196 228 418 80 7402 249 231 144 3974 31
leaf_count=13130 29 104 26 26 31 44 29 256 28 138 196 228 418 80 7402 249 231 144 3974 31
internal_value=8.61806e-12 -4.28301e-06 -0.00130987 -0.00317833 -0.00186579 -0.00376389 0.00670749 1.00679e-05 0.000819528 0.000316753 0.0028407 -0.00142498 -1.66529e-05 -0.000247877 1.27702e-05 -0.00317166 9.11476e-05 -8.81717e-05 0.000657208 0.00266516
internal_weight=26794 26765 291 236 210 148 55 26474 846 818 334 484 25628 8149 7482 667 17479 13274 4205 62
internal_count=26794 26765 291 236 210 148 55 26474 846 818 334 484 25628 8149 7482 667 17479 13274 4205 62
is_linear=0
shrinkage=0.05


Tree=252
num_leaves=31
num_cat=0
split_feature=6 6 4 7 0 4 7 7 0 7 4 0 6 7 6 7 0 6 6 7 7 7 7 4 4 6 4 7 7 7
split_gain=0.184173 0.21133 1.95999 3.92783 3.04817 3.25517 2.22857 6.21606 3.90981 3.11233 1.36738 3.17633 1.98889 0.639586 1.25524 0.596481 2.79402 1.90217 3.98167 2.03858 1.19278 1.01576 0.830919 0.837439 0.828587 0.726262 0.621345 1.14919 0.560857 0.272741
threshold=18.500000000000004 10.500000000000002 5.5000000000000009 0.20913400501012805 5.5000000000000009 1.0000000180025095e-35 1.0000000180025095e-35 1.0902213454246523 1.0000000180025095e-35 0.088837951421737685 4.5000000000000009 5.5000000000000009 11.500000000000002 -0.044463083148002618 14.500000000000002 -1.1336300969123838 1.5000000000000002 6.5000000000000009 8.5000000000000018 -1.2360442876815794 -1.2360442876815794 -1.3579659461975095 -1.0523489713668821 11.500000000000002 10.500000000000002 3.5000000000000004 12.500000000000002 1.7989926934242251 1.0154427289962771 -1.1011176109313963
decision_type=2 2 2 2 2 2 2 2 2 2 2 2 2 2 2 2 2 2 2 2 2 2 2 2 2 2 2 2 2 2
left_child=1 15 3 10 5 -5 13 9 -9 -8 11 -3 -12 14 -4 16 17 19 -19 -1 21 -18 23 25 -22 -17 28 -28 -24 -25
right_child=-2 2 6 4 -6 -7 7 8 -10 -11 12 -13 -14 -15 -16 22 20 18 -20 -21 24 -23 26 29 -26 -27 27 -29 -30 -31
leaf_value=-0.0037733673155608198 0.0025431830908211189 0.00014138033415522726 0.0026247170683978477 -0.001322510413805118 0.020746981064158104 0.0093553971617963885 -0.021936368981771398 0.0059859911221525333 -0.0035945981961869921 -0.0060364232587585276 0.0033861063622874278 -0.012001199066006127 -0.00083089716978388545 -0.00087527368927799447 -0.0077184418264323543 0.0089310894451605592 0.00062333330929299215 -0.014297396090586443 -0.00018840499099466828 0.0094636236544159286 -0.011931338664144279 0.0085129513426922092 0.00022642414694910604 0.0043095013946294787 -0.0014204715969972314 -0.00021154777222722205 -0.0050602583581116052 0.0068850881109635042 -0.00043406143853726658 0.011189084368593553
leaf_weight=124 71 174 352 137 31 149 33 211 215 457 394 78 963 572 32 26 796 111 91 38 30 43 17330 25 50 132 125 24 3946 34
leaf_count=124 71 174 352 137 31 149 33 211 215 457 394 78 963 572 32 26 796 111 91 38 30 43 17330 25 50 132 125 24 3946 34
internal_value=-1.44987e-12 -6.75695e-06 -0.000352207 0.000767604 0.00585466 0.00424046 -0.00150432 -0.00326675 0.00115072 -0.00710724 -0.000234631 -0.00361704 0.000393494 0.000184366 0.00176279 5.04739e-05 -0.000997014 -0.00470449 -0.00794137 -0.000668394 0.000471454 0.00102769 0.000112572 0.00319102 -0.00536205 0.00129294 8.13925e-05 -0.00313618 0.000103926 0.00827401
internal_weight=26794 26723 3798 1926 317 286 1872 916 426 490 1609 252 1357 956 384 22925 1283 364 202 162 919 839 21642 217 80 158 21425 149 21276 59
internal_count=26794 26723 3798 1926 317 286 1872 916 426 490 1609 252 1357 956 384 22925 1283 364 202 162 919 839 21642 217 80 158 21425 149 21276 59
is_linear=0
shrinkage=0.05


Tree=253
num_leaves=31
num_cat=0
split_feature=7 7 7 4 6 7 7 4 6 7 7 7 7 4 7 6 6 2 7 4 7 7 7 4 6 2 6 7 2 7
split_gain=0.181312 0.886877 0.691471 1.32503 2.28547 0.867764 0.778912 0.643163 1.27656 1.76276 1.25712 3.64653 1.80435 6.34088 4.45214 1.77553 1.36151 1.1978 1.24025 1.17914 0.608124 0.907405 0.585834 0.525571 0.768495 1.49286 2.27084 2.20395 1.0401 0.404048
threshold=-0.41835623979568476 -0.43136121332645411 -0.3858437836170196 1.0000000180025095e-35 7.5000000000000009 -0.40535125136375422 -0.41185374557971949 7.5000000000000009 6.5000000000000009 -0.29806017875671381 -0.2525427490472793 -0.26554772257804865 1.0000000180025095e-35 6.5000000000000009 0.010808077175170185 9.5000000000000018 6.5000000000000009 1.5000000000000002 -0.31756764650344843 9.5000000000000018 -0.40210001170635218 -0.39234627783298487 -0.40210001170635218 10.500000000000002 6.5000000000000009 1.5000000000000002 8.5000000000000018 -0.4216074794530868 1.5000000000000002 -0.457371175289154
decision_type=2 2 2 2 2 2 2 2 2 2 2 2 2 2 2 2 2 2 2 2 2 2 2 2 2 2 2 2 2 2
left_child=1 29 3 4 5 6 -2 10 17 -10 11 15 13 -12 -14 -4 -13 -9 -19 -11 -6 -22 -7 24 28 26 -26 -27 -3 -1
right_child=2 23 7 -5 20 22 -8 8 9 19 12 16 14 -15 -16 -17 -18 18 -20 -21 21 -23 -24 -25 25 27 -28 -29 -30 -31
leaf_value=-0.00023355655219426099 0.0061184331329746378 -0.0054186953930184245 -0.0010063386539964434 -0.001062279023601407 0.0017096062237396837 0.012168888301710555 -0.0027885106875112763 0.0012150659657389172 0.0064270367345621669 0.011885839774428558 0.0011219188613813982 -0.014005731445504353 -0.012905292509412261 -0.018412290939262936 -0.0003165423540219024 0.0049856441005073126 -0.0049936817597142228 0.0026448405064954496 -0.0016319639267745531 0.00076109604924498933 -0.0090229022853936143 0.0013905457194362369 0.0057175051893026052 0.00020272072403619454 0.010429002046585083 -0.016063389800755039 -0.009974952422082425 -0.0025773321112589629 0.0060564591477696716 0.00087318753872256318
leaf_weight=6124 45 40 1950 311 60 42 54 781 148 24 3818 60 71 42 6505 132 139 191 1507 3161 52 35 217 116 30 56 25 66 39 953
leaf_count=6124 45 40 1950 311 60 42 54 781 148 24 3818 60 71 42 6505 132 139 191 1507 3161 52 35 217 116 30 56 25 66 39 953
internal_value=1.92784e-12 -0.000209604 8.07103e-05 0.00150518 0.00308633 0.00524174 0.0012601 1.79779e-05 0.000453725 0.0010928 -0.00018117 -0.00124451 5.12444e-05 0.00090937 -0.000452461 -0.000626443 -0.00771088 -0.000405502 -0.00115089 0.000844925 -0.00216289 -0.00483358 0.00676368 -0.00258921 -0.00385431 -0.00568451 0.00115448 -0.00876765 0.000246254 -8.45206e-05
internal_weight=26794 7449 19345 816 505 358 99 18529 5812 3333 12717 2281 10436 3860 6576 2082 199 2479 1698 3185 147 87 259 372 256 177 55 122 79 7077
internal_count=26794 7449 19345 816 505 358 99 18529 5812 3333 12717 2281 10436 3860 6576 2082 199 2479 1698 3185 147 87 259 372 256 177 55 122 79 7077
is_linear=0
shrinkage=0.05


Tree=254
num_leaves=31
num_cat=0
split_feature=4 4 0 2 2 0 0 4 0 4 2 4 0 2 2 1 0 2 0 0 2 2 4 2 2 0 0 0 0 1
split_gain=0.170617 1.0419 1.11467 1.5419 0.986668 2.89121 5.42118 0.94386 1.06955 0.930592 2.12698 2.9013 0.696223 0.988533 0.589192 0.564213 0.838568 11.7946 0.787061 2.6773 0.880303 0.344646 1.06576 0.528531 0.177196 3.73674 2.42585 0.790424 0.11925 0.11746
threshold=1.0000000180025095e-35 1.5000000000000002 3.5000000000000004 1.0000000180025095e-35 1.0000000180025095e-35 5.5000000000000009 1.0000000180025095e-35 2.5000000000000004 3.5000000000000004 4.5000000000000009 1.0000000180025095e-35 3.5000000000000004 1.5000000000000002 1.5000000000000002 1.5000000000000002 1.0000000180025095e-35 1.0000000180025095e-35 1.5000000000000002 1.5000000000000002 4.5000000000000009 1.5000000000000002 1.5000000000000002 10.500000000000002 1.0000000180025095e-35 1.5000000000000002 1.0000000180025095e-35 4.5000000000000009 1.0000000180025095e-35 1.0000000180025095e-35 1.0000000180025095e-35
decision_type=2 2 2 2 2 2 2 2 2 2 2 2 2 2 2 2 2 2 2 2 2 2 2 2 2 2 2 2 2 2
left_child=4 2 12 -4 5 6 29 8 28 10 11 -9 14 -14 -2 16 17 -6 20 -20 -18 23 -23 -11 27 -26 -27 -17 -3 -1
right_child=1 7 3 -5 15 -7 -8 9 -10 21 -12 -13 13 -15 -16 24 18 -19 19 -21 -22 22 -24 -25 25 26 -28 -29 -30 -31
leaf_value=-0.00782763922387468 0.0014830691400649293 -0.0035817347799015583 0.0031821256136107777 0.015238818498046109 0.00012852644150030925 -0.012134796186391988 0.0093720869806000143 -0.0028779482661361647 0.00036914166190751618 4.2394147040700675e-05 0.010059160855828517 0.010549122678354972 8.4976437535190676e-05 -0.0097251905655866729 0.0088162464524308842 -0.0016330106928824574 0.0011523394782999097 -0.024203932346268137 -0.0046254281381244086 -0.00013326490763389089 -0.0026515660282936605 -0.0015809429985427755 6.1667427723369585e-05 0.0010536489923295049 0.0078993422179141296 -0.0063040760980136159 0.00066182090421119391 0.00072356214198129789 -0.0063336637559103549 -0.0049825161234340045
leaf_weight=56 315 61 135 33 527 67 90 167 155 8193 76 53 130 32 30 485 1444 55 367 3447 170 1247 4745 1534 167 138 1325 1336 111 103
leaf_count=56 315 61 135 33 527 67 90 167 155 8193 76 53 130 32 30 485 1444 55 367 3447 170 1247 4745 1534 167 138 1325 1336 111 103
internal_value=8.02386e-12 9.56366e-05 0.00202069 0.0055504 -0.000166457 -0.00291484 -0.000433972 1.61232e-05 -0.00264314 7.04209e-05 0.00284791 0.000356755 0.000851075 -0.00185283 0.00212074 -7.466e-05 -0.000367249 -0.00217093 -0.000173855 -0.000565521 0.00075168 1.81188e-05 -0.000280178 0.000201874 0.000434891 0.000813583 4.75065e-06 9.59192e-05 -0.00535769 -0.00598457
internal_weight=26794 17017 675 168 9777 316 249 16342 327 16015 296 220 507 162 345 9461 6010 582 5428 3814 1614 15719 5992 9727 3451 1630 1463 1821 172 159
internal_count=26794 17017 675 168 9777 316 249 16342 327 16015 296 220 507 162 345 9461 6010 582 5428 3814 1614 15719 5992 9727 3451 1630 1463 1821 172 159
is_linear=0
shrinkage=0.05


Tree=255
num_leaves=31
num_cat=0
split_feature=6 0 7 7 7 0 7 7 7 0 0 6 4 7 7 0 7 7 7 6 7 6 6 0 0 7 6 7 6 7
split_gain=0.176562 0.963729 0.817918 1.60369 0.931992 0.700414 3.36575 1.54453 0.685033 0.524486 0.467438 4.79405 2.19327 1.60174 4.68568 0.452133 0.313838 1.61961 3.22413 2.42507 2.25816 1.41498 1.05094 4.86077 2.83906 1.35362 2.07234 1.96252 0.738416 0.0369342
threshold=4.5000000000000009 6.5000000000000009 -1.1856499910354612 -1.1011176109313963 -1.4928926229476926 4.5000000000000009 -0.05096557363867759 0.030315545387566093 -1.6261937022209165 1.5000000000000002 6.5000000000000009 8.5000000000000018 8.5000000000000018 -0.15500540286302564 0.62204208970069896 2.5000000000000004 1.4543607831001284 1.0934725999832156 1.0902213454246523 12.500000000000002 1.0642113685607912 6.5000000000000009 8.5000000000000018 4.5000000000000009 1.0000000180025095e-35 1.5779080390930178 6.5000000000000009 1.5518980622291567 10.500000000000002 -1.3579659461975095
decision_type=2 2 2 2 2 2 2 2 2 2 2 2 2 2 2 2 2 2 2 2 2 2 2 2 2 2 2 2 2 2
left_child=1 2 4 -4 8 7 -7 -5 15 -6 16 12 -12 -13 -15 -1 17 18 20 21 -2 -19 25 24 -24 27 -27 -18 -25 -11
right_child=10 -3 3 5 9 6 -8 -9 -10 29 11 13 -14 14 -16 -17 22 19 -20 -21 -22 -23 23 28 -26 26 -28 -29 -30 -31
leaf_value=-0.0082721237912774092 4.5073207925911616e-05 0.0095306397537174431 0.010825104266405107 -0.0033101930879473589 -0.0025915786133402056 0.0062160853772667488 -0.016066740634851157 0.0011737947924292938 0.0067927217707037931 -0.0085795184286932159 -0.021158810352554194 -0.0053857553899288174 -0.00060760899446904665 0.02768532240932638 -0.0022902049611730037 -0.0002688596507505281 0.00056113993509783661 -0.0062664045430619597 0.0083803853726592565 0.0084401613609001152 -0.011424567977096452 -0.0015607541406991278 0.006273580826326417 0.012363004846417386 -0.0008333810765845202 0.0012986125152427998 -0.0018190105701964866 0.012290739907689814 0.025499387308955193 -0.01111174784342034
leaf_weight=25 21356 23 32 397 38 111 20 372 25 24 37 25 20 22 32 60 109 209 116 52 43 678 195 23 503 1013 1125 53 20 36
leaf_count=25 21356 23 32 397 38 111 20 372 25 24 37 25 20 22 32 60 109 209 116 52 43 678 195 23 503 1013 1125 53 20 36
internal_value=-1.44549e-12 -0.000602549 -0.00080699 -0.000174293 -0.00364196 -0.000565383 0.00281413 -0.00114109 -0.000482878 -0.00718787 2.73405e-05 -0.00289619 -0.0139479 0.00507781 0.00992205 -0.00262276 4.29357e-05 -2.16233e-05 6.70905e-05 -0.00205429 2.20257e-05 -0.00266953 0.000519624 0.00215721 0.00115209 -7.96476e-06 -0.000341858 0.0043986 0.018473 -0.0100989
internal_weight=26794 1163 1140 932 208 900 131 769 110 98 25631 136 57 79 54 85 25495 22454 21515 939 21399 887 3041 741 698 2300 2138 162 43 60
internal_count=26794 1163 1140 932 208 900 131 769 110 98 25631 136 57 79 54 85 25495 22454 21515 939 21399 887 3041 741 698 2300 2138 162 43 60
is_linear=0
shrinkage=0.05


Tree=256
num_leaves=31
num_cat=0
split_feature=6 4 1 4 0 1 0 6 0 0 0 6 6 6 6 4 0 4 6 6 0 6 6 0 0 0 6 4 0 4
split_gain=0.177939 1.80531 1.14225 1.12591 1.88577 0.957604 0.814311 0.769516 1.18957 1.04218 0.757076 4.5669 2.3536 0.685876 0.684728 0.678096 0.653297 0.578224 0.466642 1.3744 0.891563 0.439823 0.366392 1.86465 5.04339 1.47574 3.26107 1.97942 1.45988 1.56957
threshold=10.500000000000002 5.5000000000000009 1.0000000180025095e-35 2.5000000000000004 5.5000000000000009 1.0000000180025095e-35 1.0000000180025095e-35 11.500000000000002 1.0000000180025095e-35 4.5000000000000009 5.5000000000000009 11.500000000000002 11.500000000000002 12.500000000000002 12.500000000000002 8.5000000000000018 3.5000000000000004 6.5000000000000009 13.500000000000002 12.500000000000002 4.5000000000000009 15.500000000000002 8.5000000000000018 3.5000000000000004 2.5000000000000004 6.5000000000000009 4.5000000000000009 8.5000000000000018 6.5000000000000009 5.5000000000000009
decision_type=2 2 2 2 2 2 2 2 2 2 2 2 2 2 2 2 2 2 2 2 2 2 2 2 2 2 2 2 2 2
left_child=22 2 3 4 16 14 13 8 -4 -10 12 -12 -5 -7 15 -3 -2 -8 19 -9 -20 -19 25 24 -24 -1 -27 -28 -25 -30
right_child=1 5 7 10 -6 6 17 18 9 -11 11 -13 -14 -15 -16 -17 -18 21 20 -21 -22 -23 23 28 -26 26 27 -29 29 -31
leaf_value=-3.1076111956058789e-05 0.00021231213910610531 -0.0031157130306494105 -0.0034216699384954537 0.0069139753157893826 -0.0062027300709183806 0.0038711029353649604 -0.0028387721518492439 -0.00071001838723610904 0.0083468317092009279 0.00070373581124926518 -0.010188742296705987 0.01282467749967639 -0.00010019053503481754 -0.0015106189974345441 -9.2550385322086385e-05 0.0049240246367709788 0.0050998105338276034 0.0017979206383461133 -0.0037830737332114951 -0.0069177134851148977 0.0041211626111445103 -0.0054606658435659488 0.0006960177352611 -0.0016398573113836996 0.016990096153070532 0.0090541082717802215 -0.02010086975186258 -0.00057722855359315878 0.01797991316765547 -0.001591776343550356
leaf_weight=17090 221 916 79 186 98 190 251 347 77 106 29 84 335 86 286 27 99 160 60 120 88 24 4470 1196 48 23 37 20 20 21
leaf_count=17090 221 916 79 186 98 190 251 347 77 106 29 84 335 86 286 27 99 160 60 120 88 24 4470 1196 48 23 37 20 20 21
internal_value=3.30386e-12 -0.000313648 0.000769485 0.00188039 -0.000134128 -0.00139064 6.98676e-05 -0.000563095 0.00170607 0.00391968 0.00320857 0.00691858 0.00240391 0.00219419 -0.00223557 -0.00288552 0.00172438 -0.00127798 -0.0015298 -0.00230514 0.000916742 0.000851148 5.29336e-05 0.000398197 0.000869129 -6.27911e-05 -0.0068379 -0.0132505 -0.00132183 0.00795539
internal_weight=26794 3869 1929 1052 418 1940 711 877 262 183 634 113 521 276 1229 943 320 435 615 467 148 184 22925 5755 4518 17170 80 57 1237 41
internal_count=26794 3869 1929 1052 418 1940 711 877 262 183 634 113 521 276 1229 943 320 435 615 467 148 184 22925 5755 4518 17170 80 57 1237 41
is_linear=0
shrinkage=0.05


Tree=257
num_leaves=31
num_cat=0
split_feature=7 7 0 4 7 4 0 0 4 0 7 7 7 7 2 4 0 2 7 7 7 7 7 7 7 0 2 0 7 7
split_gain=0.168209 0.793724 1.30813 1.34521 0.616631 1.19733 8.05512 0.584276 0.567012 2.19031 18.7377 10.2098 4.74482 2.55005 2.51102 1.28647 2.16781 1.5163 1.02004 0.841022 4.21203 3.90751 0.43881 2.40803 0.647907 0.415908 0.928083 0.492396 1.88606 2.82711
threshold=-0.41835623979568476 -0.43136121332645411 4.5000000000000009 4.5000000000000009 -0.3858437836170196 1.0000000180025095e-35 1.0000000180025095e-35 1.0000000180025095e-35 1.0000000180025095e-35 1.0000000180025095e-35 -0.31106515228748316 -0.21352781355381009 1.7989926934242251 0.19287778437137607 1.5000000000000002 1.5000000000000002 1.5000000000000002 1.0000000180025095e-35 -0.14850291609764096 -0.080226775258779512 -0.063970554620027528 -0.26229648292064661 -0.40210001170635218 -0.40535125136375422 -0.39234627783298487 6.5000000000000009 1.0000000180025095e-35 4.5000000000000009 -0.47687864303588862 -0.55815973877906788
decision_type=2 2 2 2 2 2 2 2 2 2 2 2 2 2 2 2 2 2 2 2 2 2 2 2 2 2 2 2 2 2
left_child=1 25 3 -3 5 6 -2 -7 9 10 -6 -12 13 -11 -14 16 18 -18 -10 21 -21 -17 23 -8 -24 27 -27 -1 29 -29
right_child=4 2 -4 -5 8 7 22 -9 15 12 11 -13 14 -15 -16 19 17 -19 -20 20 -22 -23 24 -25 -26 26 -28 28 -30 -31
leaf_value=-0.00046877571297672291 0.027204107167199256 0.011494560797627156 -0.0048902684817172439 -0.0010141759158878198 -0.033580750247220632 -0.0017516503231533168 -0.00064935990305843225 0.0053815104940440513 0.014718421185627962 0.00055629560054189231 0.0085142714995890857 -0.0033641220277412054 0.015384810694735752 -0.0017847345128533536 0.002841693428556689 0.00077150177499508239 -0.013012894146144392 0.0049853260777044028 0.0049334437130060648 0.010947711498258596 0.00030462113186256171 -0.002928735816359235 -0.0020331409334400554 0.011431246966045971 0.0028258785468471405 0.00086374781094491484 -0.012663726845667475 0.00061299778737445351 0.0033794328749550415 -0.0034245748172361001
leaf_weight=3513 32 26 222 124 46 279 132 32 39 3689 225 923 73 1699 88 2017 25 22 84 94 8401 1104 162 60 119 32 21 2535 453 523
leaf_count=3513 32 26 222 124 46 279 132 32 39 3689 225 923 73 1699 88 2017 25 22 84 94 8401 1104 162 60 119 32 21 2535 453 523
internal_value=-3.62364e-12 -0.000201888 -0.00245306 0.00115401 7.77393e-05 0.00142292 0.00292594 -0.00101769 1.84989e-05 -0.000347177 -0.00228986 -0.00103604 7.08363e-05 -0.000181902 0.00852895 0.00022771 0.00454578 -0.0045882 0.008036 0.000164515 0.00042239 -0.000537394 0.00128345 0.00312583 2.45933e-05 -8.35562e-05 -0.00449619 -5.02604e-05 0.000368493 -7.75354e-05
internal_weight=26794 7449 372 150 19345 816 505 311 18529 6743 1194 1148 5549 5388 161 11786 170 47 123 11616 8495 3121 473 192 281 7077 53 7024 3511 3058
internal_count=26794 7449 372 150 19345 816 505 311 18529 6743 1194 1148 5549 5388 161 11786 170 47 123 11616 8495 3121 473 192 281 7077 53 7024 3511 3058
is_linear=0
shrinkage=0.05


Tree=258
num_leaves=31
num_cat=0
split_feature=5 5 6 6 0 5 2 5 2 6 5 6 5 0 5 6 6 2 0 2 5 5 6 0 0 6 5 0 6 0
split_gain=0.249155 2.00946 5.64978 1.29757 1.2212 1.08006 0.839191 1.02134 0.661779 1.90257 7.83849 1.57324 1.99524 0.781956 0.639975 3.09234 2.94875 3.35028 2.89675 2.11219 4.09531 3.51491 3.01464 1.79189 6.21048 2.0005 1.86953 1.26875 1.04615 0.900724
threshold=65.500000000000014 67.500000000000014 11.500000000000002 9.5000000000000018 2.5000000000000004 66.500000000000014 1.0000000180025095e-35 66.500000000000014 1.0000000180025095e-35 10.500000000000002 70.500000000000014 10.500000000000002 70.500000000000014 1.0000000180025095e-35 58.500000000000007 9.5000000000000018 10.500000000000002 1.0000000180025095e-35 1.0000000180025095e-35 1.0000000180025095e-35 63.500000000000007 63.500000000000007 11.500000000000002 2.5000000000000004 4.5000000000000009 8.5000000000000018 59.500000000000007 1.0000000180025095e-35 10.500000000000002 1.0000000180025095e-35
decision_type=2 2 2 2 2 2 2 2 2 2 2 2 2 2 2 2 2 2 2 2 2 2 2 2 2 2 2 2 2 2
left_child=14 2 4 -3 -2 -4 -6 -8 9 10 -5 13 -13 -10 16 23 -1 18 -18 21 28 27 -23 25 -25 29 -27 -17 -21 -16
right_child=1 3 5 8 6 -7 7 -9 11 -11 -12 12 -14 -15 15 19 17 -19 -20 20 -22 22 -24 24 -26 26 -28 -29 -30 -31
leaf_value=-8.90469731098959e-05 -0.00015393503616912397 -0.0052472709104822921 -0.0086337325881634449 0.0035444064950016108 0.0007370122185930974 -0.020344869494438172 -0.0013429016113663331 -0.011607745674336912 0.01024781514744034 0.0001614391636722053 -0.034487002189562188 -0.0025518046690136075 0.002763897026385033 0.0033125886393679405 -0.0033055776309948871 0.0003149874400219693 0.016614681677892804 0.024366554725342073 -0.0082998186150299649 -0.0043069769553641659 0.0027362987701022926 -0.0025415366089017069 -0.021662735571259296 0.019301156852055679 0.0026412948144457688 -0.0027949931353321994 0.0044860371310217794 0.0037361530196300384 -0.010893990253763541 0.0017296760296114059
leaf_weight=19151 564 106 35 42 41 45 39 64 62 2132 20 310 410 118 246 543 20 26 28 434 238 327 22 66 367 108 480 541 70 139
leaf_count=19151 564 106 35 42 41 45 39 64 62 2132 20 310 410 118 246 543 20 26 28 434 238 327 22 66 367 108 480 541 70 139
internal_value=2.47859e-12 -0.000364614 -0.00262636 0.000192341 -0.00120321 -0.0152212 -0.00531286 -0.00772106 0.000378701 -8.96475e-05 -0.00872379 0.00152043 0.000475192 0.00570139 6.37586e-05 0.000677461 -5.05545e-05 0.0099112 0.00208122 -0.000503878 -0.00266923 0.00061733 -0.00374688 0.00250492 0.00518067 0.00131417 0.00314871 0.00202241 -0.00522184 -0.00148765
internal_weight=26794 3988 788 3200 708 80 144 103 3094 2194 62 900 720 180 22806 3581 19225 74 48 2175 742 1433 349 1406 433 973 588 1084 504 385
internal_count=26794 3988 788 3200 708 80 144 103 3094 2194 62 900 720 180 22806 3581 19225 74 48 2175 742 1433 349 1406 433 973 588 1084 504 385
is_linear=0
shrinkage=0.05


Tree=259
num_leaves=29
num_cat=0
split_feature=4 7 7 4 7 2 7 4 7 0 0 2 4 4 7 7 4 7 0 7 2 7 0 7 7 4 7 7
split_gain=0.166693 0.188235 2.16891 0.708486 0.852306 0.913676 0.573641 1.35413 1.29431 0.50766 1.90667 0.974215 0.424712 1.2039 1.6492 0.856275 2.38063 1.07032 0.750376 0.325315 8.02415 2.13738 1.84131 1.72659 1.22734 0.731021 0.232069 0.136686
threshold=13.500000000000002 -0.74022945761680592 -0.71747073531150807 6.5000000000000009 -0.79875186085700978 1.0000000180025095e-35 -1.1856499910354612 11.500000000000002 -1.0523489713668821 3.5000000000000004 5.5000000000000009 1.0000000180025095e-35 7.5000000000000009 9.5000000000000018 1.1194825172424319 1.7697314620018008 1.0000000180025095e-35 1.5161343812942507 3.5000000000000004 -0.82151058316230763 1.5000000000000002 -0.79875186085700978 4.5000000000000009 -0.86702802777290333 -0.92555043101310719 1.5000000000000002 -0.72722449898719776 -0.78574690222740162
decision_type=2 2 2 2 2 2 2 2 2 2 2 2 2 2 2 2 2 2 2 2 2 2 2 2 2 2 2 2
left_child=1 3 9 19 6 -6 7 -5 -8 11 -11 -3 15 14 -14 17 -17 -4 -15 23 22 -22 -21 24 -1 -25 -12 -7
right_child=-2 2 12 4 5 27 8 -9 -10 10 26 -13 13 18 -16 16 -18 -19 -20 20 21 -23 -24 25 -26 -27 -28 -29
leaf_value=9.4814547970994119e-05 0.0037887328577324237 0.015222347521319471 -0.000155281662949242 -0.013850232517277752 -0.012768727464272695 -0.0044625979264145089 0.0026987928701959845 -0.0017713289484946116 -0.0022570206606772857 -0.0079161161091178666 0.0016561451457584135 0.0042275222187692467 0.0026518709870524768 0.00043438208591451858 0.017812788389467947 0.0012756181048074117 -0.0060906910420195247 0.0020822471937608895 -0.0012813642606792016 0.0036481460993245396 -0.017618251515582935 -0.0041519191998400191 0.017822014333214613 0.0033467443589249562 -0.0049050829548374286 0.011397808679446047 0.006999620523363833 0.0012486388720571997
leaf_weight=2529 29 29 15156 27 34 22 218 165 333 32 26 66 123 5605 21 225 214 554 719 97 61 57 30 145 129 35 93 20
leaf_count=2529 29 29 15156 27 34 22 218 165 333 32 26 66 123 5605 21 225 214 554 719 97 61 57 30 145 129 35 93 20
internal_value=-4.32381e-12 -4.10511e-06 5.06738e-05 -0.000325071 -0.00163226 -0.00667554 -0.00111639 -0.00346992 -0.000296281 0.00472022 0.0029186 0.00758384 -1.1577e-07 0.000342248 0.00486284 -0.000137239 -0.00231525 -7.63771e-05 0.000239312 2.21827e-05 -0.00172589 -0.0111133 0.0069963 0.000173091 -0.000147844 0.00491223 0.00583214 -0.00174296
internal_weight=26794 26765 22863 3902 819 76 743 192 551 246 151 95 22617 6468 144 16149 439 15710 6324 3083 245 118 127 2838 2658 180 119 42
internal_count=26794 26765 22863 3902 819 76 743 192 551 246 151 95 22617 6468 144 16149 439 15710 6324 3083 245 118 127 2838 2658 180 119 42
is_linear=0
shrinkage=0.05


Tree=260
num_leaves=31
num_cat=0
split_feature=6 0 2 0 1 6 0 0 0 6 2 2 2 6 0 0 0 0 6 2 2 6 0 1 0 0 1 1 1 6
split_gain=0.178379 0.804982 0.523428 1.10895 0.986614 1.1647 0.424181 0.418159 0.34439 3.87143 2.57325 0.407096 0.299879 0.254164 0.517985 0.980027 3.70613 0.560432 0.497884 1.49293 0.481991 0.546373 0.572022 0.346901 2.43253 1.69876 0.222495 0.216802 0.212234 0.151038
threshold=4.5000000000000009 6.5000000000000009 1.0000000180025095e-35 1.0000000180025095e-35 1.0000000180025095e-35 1.5000000000000002 1.0000000180025095e-35 5.5000000000000009 6.5000000000000009 8.5000000000000018 1.0000000180025095e-35 1.0000000180025095e-35 1.5000000000000002 9.5000000000000018 1.0000000180025095e-35 3.5000000000000004 2.5000000000000004 4.5000000000000009 7.5000000000000009 1.0000000180025095e-35 1.5000000000000002 12.500000000000002 1.0000000180025095e-35 1.0000000180025095e-35 4.5000000000000009 4.5000000000000009 1.0000000180025095e-35 1.0000000180025095e-35 1.0000000180025095e-35 2.5000000000000004
decision_type=2 2 2 2 2 2 2 2 2 2 2 2 2 2 2 2 2 2 2 2 2 2 2 2 2 2 2 2 2 2
left_child=1 2 3 29 6 -6 12 -8 13 11 28 -10 -4 14 18 16 -16 -17 27 -20 23 26 -23 24 -15 -25 -22 -2 -11 -1
right_child=8 -3 4 -5 5 -7 7 -9 9 10 -12 -13 -14 20 15 17 -18 -19 19 -21 21 22 -24 25 -26 -27 -28 -29 -30 -31
leaf_value=0.0035991254961118104 -0.00065205470024913364 0.0086554391512080383 -0.0016326251095437083 -0.0029427023451276601 0.00063350507989525797 0.01436725813904419 0.00099338775275006007 -0.0041174004623747385 -0.016422057772676149 0.014411184467651226 -0.0074949675337328313 -0.0079592770948592167 -0.0080778780214201939 -0.00018620143126296399 0.0006260758716809501 -0.0013327408541719647 0.0083205225492287201 0.00011388491740565234 -0.0012741618060123654 0.0013627097011084822 -0.0028388041753599131 -0.0009448273207504894 0.0051542921721314389 0.00018096087077249965 0.0042750665756323839 -0.0034050630369130961 -0.001060783452622322 0.00035843551920447352 0.0079490654791394885 0.00049132707113287699
leaf_weight=71 3959 23 59 479 38 26 308 46 30 27 28 27 26 3274 4607 744 162 6686 853 1448 346 107 60 1519 337 422 358 613 24 87
leaf_count=71 3959 23 59 479 38 26 308 46 30 27 28 27 26 3274 4607 744 162 6686 853 1448 346 107 60 1519 337 422 358 613 24 87
internal_value=1.06523e-11 -0.000605641 -0.000792488 -0.00174454 0.000413191 0.00621284 -0.000432316 0.000329274 2.74808e-05 -0.00248192 0.0046838 -0.0124134 -0.00360411 4.08669e-05 0.000132483 0.00032807 0.000887451 -3.09724e-05 -0.000214669 0.000385199 -0.000231171 -0.00132471 0.00124647 -5.96151e-05 0.000230151 -0.00059869 -0.00193464 -0.000516571 0.0113702 0.00188787
internal_weight=26794 1163 1140 637 503 64 439 354 25631 136 79 57 85 25495 19072 12199 4769 7430 6873 2301 6423 871 167 5552 3611 1941 704 4572 51 158
internal_count=26794 1163 1140 637 503 64 439 354 25631 136 79 57 85 25495 19072 12199 4769 7430 6873 2301 6423 871 167 5552 3611 1941 704 4572 51 158
is_linear=0
shrinkage=0.05


Tree=261
num_leaves=31
num_cat=0
split_feature=5 5 4 3 2 5 3 2 5 4 2 5 5 4 5 3 2 4 4 2 2 5 5 4 3 5 5 5 3 4
split_gain=0.223044 1.81682 2.82649 2.45642 3.7162 2.46096 2.28476 2.1628 2.09451 1.79928 3.59433 0.978083 0.840428 3.07867 0.756394 1.04488 0.777924 0.759201 0.753946 0.628013 1.16812 1.01881 0.571754 0.894711 1.79878 2.75349 2.64894 1.32934 3.24089 0.970281
threshold=65.500000000000014 67.500000000000014 5.5000000000000009 1.5000000000000002 1.0000000180025095e-35 81.500000000000014 1.0000000180025095e-35 1.5000000000000002 85.500000000000014 5.5000000000000009 1.0000000180025095e-35 78.500000000000014 66.500000000000014 10.500000000000002 74.500000000000014 1.5000000000000002 1.0000000180025095e-35 12.500000000000002 10.500000000000002 1.5000000000000002 1.0000000180025095e-35 66.500000000000014 58.500000000000007 1.0000000180025095e-35 1.5000000000000002 38.500000000000007 51.500000000000007 29.500000000000004 1.0000000180025095e-35 1.5000000000000002
decision_type=2 2 2 2 2 2 2 2 2 2 2 2 2 2 2 2 2 2 2 2 2 2 2 2 2 2 2 2 2 2
left_child=22 6 3 7 8 -6 19 11 -5 10 -8 -3 -11 -14 17 16 -16 -4 -17 20 -2 -22 23 24 27 -26 -27 28 -1 -25
right_child=1 2 14 4 5 -7 9 -9 -10 12 -12 -13 13 -15 15 18 -18 -19 -20 -21 21 -23 -24 29 25 26 -28 -29 -30 -31
leaf_value=-0.015979799657890741 0.0016452923667186999 0.0050922499131270428 -0.0036469068386993661 -0.0071879127763446659 0.0092894821206458127 -0.003429557928113175 -0.015510083389882412 -0.00070179352361418601 0.0037918445102318576 0.0015168878844408088 -0.0033697910269318274 0.00098792008000365907 -0.019160197228193284 0.0036797401061954187 -0.00061741021880755496 0.010012322713277844 -0.0060821146597819674 0.001855347147339011 0.000541041433771557 0.0078615261441362765 0.00065056932003547754 -0.012080605790922136 0.00064039619753818112 0.0020789278046763138 0.010022945862648817 -0.010229594257543795 0.00087695189762905426 -0.000245078428891056 0.0034380129893266023 0.00012125411194697747
leaf_weight=44 236 661 444 222 101 61 90 308 54 121 189 186 25 36 935 38 70 73 47 28 30 33 3581 673 29 152 83 7571 42 10631
leaf_count=44 236 661 444 222 101 61 90 308 54 121 189 186 25 36 935 38 70 73 47 28 30 33 3581 673 29 152 83 7571 42 10631
internal_value=7.01558e-12 -0.00034498 0.000184606 0.00167712 -0.00151124 0.00450021 -0.00249558 0.00288621 -0.0050397 -0.0047631 -0.00728601 0.00419094 -0.000895554 -0.00568089 -0.00129491 -0.000547825 -0.000998036 -0.00286999 0.00477526 0.000701128 3.05889e-05 -0.00601814 6.03254e-05 -4.77232e-05 -0.000455201 -0.00451305 -0.00630686 -0.000315294 -0.00649668 0.000237807
internal_weight=26794 3988 3200 1593 438 162 788 1155 276 461 279 847 182 61 1607 1090 1005 517 85 327 299 63 22806 19225 7921 264 235 7657 86 11304
internal_count=26794 3988 3200 1593 438 162 788 1155 276 461 279 847 182 61 1607 1090 1005 517 85 327 299 63 22806 19225 7921 264 235 7657 86 11304
is_linear=0
shrinkage=0.05


Tree=262
num_leaves=31
num_cat=0
split_feature=7 7 3 7 7 0 3 7 7 7 4 7 3 0 3 0 0 0 7 0 0 3 0 7 7 7 0 3 3 4
split_gain=0.159791 1.97673 0.93543 1.86366 0.982328 0.846172 2.78139 4.19624 2.25699 1.43047 1.20774 2.83405 3.86088 2.81121 4.47699 1.72759 1.42096 0.642353 1.24378 0.443971 0.442387 1.80272 1.711 0.37235 4.45577 0.911742 3.53418 5.50431 5.39773 1.36444
threshold=-0.74022945761680592 -0.71747073531150807 1.5000000000000002 -0.92555043101310719 -0.83776679635047901 1.0000000180025095e-35 1.0000000180025095e-35 -1.4928926229476926 -0.85727426409721363 -1.4278677105903623 1.5000000000000002 -0.94505789875984181 1.0000000180025095e-35 1.5000000000000002 1.0000000180025095e-35 6.5000000000000009 1.5000000000000002 1.0000000180025095e-35 -1.1336300969123838 5.5000000000000009 3.5000000000000004 1.0000000180025095e-35 5.5000000000000009 -0.457371175289154 -0.45411992073059076 -0.49313485622406 5.5000000000000009 1.0000000180025095e-35 1.0000000180025095e-35 6.5000000000000009
decision_type=2 2 2 2 2 2 2 2 2 2 2 2 2 2 2 2 2 2 2 2 2 2 2 2 2 2 2 2 2 2
left_child=2 20 5 17 -5 6 8 -8 -1 -9 11 16 -13 14 -12 -15 -7 18 -4 -19 21 -2 -22 25 -25 29 27 -27 -28 -3
right_child=1 23 3 4 -6 10 7 9 -10 -11 13 12 -14 15 -16 -17 -18 19 -20 -21 22 -23 -24 24 -26 26 28 -29 -30 -31
leaf_value=-0.0023221309503767443 0.016407345032648131 -0.00084561411868375928 -0.0072704993268033792 -0.016236306670387942 -0.0052204452927084007 0.01124762981100349 0.012956021680396848 -0.01238236595178023 0.012727922032138817 0.0020440537099856277 -0.0019598953229968386 -0.0062177342289145947 0.0036446602501887452 9.1423309378517646e-05 -0.015415556468069552 -0.014694882268086077 0.0031839497734444757 0.0018954340775397796 0.00069928522841857356 -0.0017536813855570342 -0.0074370412767166272 0.0020395158438897523 0.0055866776899769202 0.010055222135899287 1.0466487747038062e-05 0.006751835577794023 -0.0096539742897089192 -0.01612019511553776 0.0081239640430015112 0.0029822857378062205
leaf_weight=322 34 1357 95 28 73 71 112 20 27 122 272 201 196 1608 80 20 237 206 101 140 32 61 119 111 20559 37 69 91 112 281
leaf_count=322 34 1357 95 28 73 71 112 20 27 122 272 201 196 1608 80 20 237 206 101 140 32 61 119 111 20559 37 69 91 112 281
internal_value=-4.86223e-12 5.06304e-05 -0.000294471 -0.00203862 -0.00827435 4.66153e-05 0.00173919 0.00571969 -0.0011578 1.21636e-05 -0.000333504 0.00144364 -0.00134864 -0.000966275 -0.005018 -9.02266e-05 0.00504279 -0.000876616 -0.00316362 0.000418913 0.00450849 0.00718169 0.00282668 2.14326e-06 6.44078e-05 -0.000658878 -0.00315003 -0.00950875 0.00134674 -0.000188935
internal_weight=26794 22863 3931 643 101 3288 603 254 349 142 2685 705 397 1980 352 1628 308 542 196 346 246 95 151 22617 20670 1947 309 128 181 1638
internal_count=26794 22863 3931 643 101 3288 603 254 349 142 2685 705 397 1980 352 1628 308 542 196 346 246 95 151 22617 20670 1947 309 128 181 1638
is_linear=0
shrinkage=0.05


Tree=263
num_leaves=31
num_cat=0
split_feature=6 7 7 0 7 7 0 7 7 4 0 7 0 0 6 4 7 7 6 7 0 0 7 4 4 7 0 6 0 4
split_gain=0.194105 0.742152 1.36427 0.986632 4.1669 1.39544 2.3803 2.3709 0.888431 0.87808 0.622875 0.624614 0.449554 0.294127 3.5677 1.73603 1.44183 4.01882 0.230457 2.13435 4.5673 3.03828 1.40848 4.15849 1.85304 0.780225 4.6182 1.7379 1.48248 1.01952
threshold=4.5000000000000009 -1.1856499910354612 -1.1011176109313963 4.5000000000000009 0.069330483675003066 0.030315545387566093 3.5000000000000004 -0.26554772257804865 -1.4928926229476926 1.5000000000000002 1.0000000180025095e-35 -1.6261937022209165 1.5000000000000002 6.5000000000000009 8.5000000000000018 8.5000000000000018 -0.15500540286302564 0.65130329132080089 9.5000000000000018 1.7989926934242251 5.5000000000000009 1.0000000180025095e-35 0.040069280192255981 5.5000000000000009 2.5000000000000004 -1.4278677105903623 1.5000000000000002 8.5000000000000018 5.5000000000000009 12.500000000000002
decision_type=2 2 2 2 2 2 2 2 2 2 2 2 2 2 2 2 2 2 2 2 2 2 2 2 2 2 2 2 2 2
left_child=1 8 -3 5 9 7 -7 -4 10 -5 -1 -12 -10 18 15 -15 -16 -18 25 22 21 -21 24 -24 -20 26 27 -2 -28 -27
right_child=13 2 3 4 -6 6 -8 -9 12 -11 11 -13 -14 14 16 -17 17 -19 19 20 -22 -23 23 -25 -26 29 28 -29 -30 -31
leaf_value=-0.0067387010170412917 -0.011201758904197185 0.010110242397058756 -0.001502683274618707 0.013856976902378457 -0.014523168649800397 0.0024695288230551418 -0.010441430145874619 -0.012077637282311031 -0.0025438542471659421 0.0045236444261455393 -0.00053780180123794705 0.0095852318126708278 -0.0094942037248983979 -0.018239725824143436 -0.0053390289545059214 4.4244388118386271e-05 0.02443482312373817 -0.0030156415099433314 -0.0021884314293671358 0.015336460495018401 0.026162594653989957 -0.0024306931669737415 0.0020345682282327921 -0.0024360429120482037 0.00079888109130169427 0.00021664508082032817 0.002189592202136546 0.0034001172520220281 -0.0040205160296329905 -0.0050600758318424879
leaf_weight=28 135 32 334 35 27 332 40 63 38 90 64 20 60 37 25 20 24 30 628 32 23 97 711 1938 2994 18290 405 24 126 92
leaf_count=28 135 32 334 35 27 332 40 63 38 90 64 20 60 37 25 20 24 30 628 32 23 97 711 1938 2994 18290 405 24 126 92
internal_value=1.03045e-12 -0.000631774 -3.88632e-05 -0.000391492 0.00328945 -0.00111907 0.00108125 -0.00318082 -0.00332246 0.00713698 -0.000280342 0.00187244 -0.00679917 2.86666e-05 -0.0022904 -0.0118243 0.00458849 0.00918456 4.10374e-05 -0.000218002 0.00563638 0.00197666 -0.000359904 -0.00123612 0.000280926 0.000128276 -0.00152237 -0.0089977 0.000716007 0.000190236
internal_weight=26794 1163 953 921 152 769 372 397 210 125 112 84 98 25631 136 57 79 54 25495 6423 152 129 6271 2649 3622 19072 690 159 531 18382
internal_count=26794 1163 953 921 152 769 372 397 210 125 112 84 98 25631 136 57 79 54 25495 6423 152 129 6271 2649 3622 19072 690 159 531 18382
is_linear=0
shrinkage=0.05


Tree=264
num_leaves=31
num_cat=0
split_feature=4 7 7 0 0 7 7 7 7 0 3 3 7 7 7 3 0 7 7 3 0 7 7 7 7 7 0 4 3 7
split_gain=0.166745 1.12908 9.53632 11.4031 5.06972 4.91297 9.68554 28.1007 9.04752 8.19079 7.43437 4.82171 8.4908 3.87084 10.8219 3.27441 2.66724 2.64885 2.41245 3.78031 1.96016 1.66711 1.6232 1.4243 1.3995 1.16042 1.10235 0.977934 1.29089 2.55871
threshold=1.0000000180025095e-35 -0.0607193075120449 0.040069280192255981 4.5000000000000009 3.5000000000000004 -0.17451287060976026 -0.33057262003421778 -0.32081888616085047 -0.4216074794530868 1.0000000180025095e-35 1.0000000180025095e-35 1.5000000000000002 -0.53865227103233326 0.10184292867779733 0.30992259085178381 1.0000000180025095e-35 1.0000000180025095e-35 -0.093231756240129457 -0.044463083148002618 1.5000000000000002 5.5000000000000009 -0.15500540286302564 -0.12899544835090634 -0.054216818884015076 0.25790268182754522 -0.0086993912700563652 5.5000000000000009 1.5000000000000002 1.0000000180025095e-35 -0.89628919959068287
decision_type=2 2 2 2 2 2 2 2 2 2 2 2 2 2 2 2 2 2 2 2 2 2 2 2 2 2 2 2 2 2
left_child=1 4 18 13 5 6 8 -8 -1 21 -11 17 -13 16 -15 24 -4 22 20 25 -3 -7 -6 -22 -5 -20 -17 28 -2 -30
right_child=27 2 3 15 11 9 7 -9 -10 10 -12 12 -14 14 -16 26 -18 -19 19 -21 23 -23 -24 -25 -26 -27 -28 -29 29 -31
leaf_value=0.0025943800011056857 0.0012040054977025488 -0.028363928228616716 -0.0046544592875318652 0.017073711172270124 -0.00028072645210493072 -0.020189668158335346 -0.043126424877491222 -0.00014355293739914097 0.018303060936232827 0.028742065618060669 0.007795395331691192 -0.03924492526460778 -0.0019702310115098953 -0.012913119723306637 -0.0010245532466093227 0.014714942853897812 0.010805768464996042 0.011884668744592505 -0.0025268963372366408 0.014133606458199211 -0.0008700970746576786 -0.002369879529412304 -0.0055257097343105431 -0.017984420830203639 0.0082932905896972772 -0.010690640858483237 0.0026753356889519212 1.7511163790637509e-05 -0.0059223995374684986 0.014539709567558021
leaf_weight=399 603 25 39 64 4995 21 41 524 119 53 211 22 50 214 1814 20 98 44 59 20 20 35 152 31 156 166 385 16342 22 50
leaf_count=399 603 25 39 64 4995 21 41 524 119 53 211 22 50 214 1814 20 98 44 59 20 20 35 152 31 156 166 385 16342 22 50
internal_value=1.67068e-12 -0.000164557 -0.00095108 -1.20903e-05 0.00020251 0.00287316 0.00126484 -0.00326266 0.00620313 0.00831634 0.0120006 -0.000509426 -0.0133597 -0.00172956 -0.00227907 0.00593724 0.00640468 -0.000331191 -0.00911239 -0.00669821 -0.016895 -0.0090523 -0.00043562 -0.0112729 0.0108476 -0.00854993 0.00326988 9.45452e-05 0.00195957 0.0082874
internal_weight=26794 9777 3111 2790 6666 1403 1083 565 518 320 264 5263 72 2165 2028 625 137 5191 321 245 76 56 5147 51 220 225 405 17017 675 72
internal_count=26794 9777 3111 2790 6666 1403 1083 565 518 320 264 5263 72 2165 2028 625 137 5191 321 245 76 56 5147 51 220 225 405 17017 675 72
is_linear=0
shrinkage=0.05


Tree=265
num_leaves=31
num_cat=0
split_feature=6 0 2 0 4 4 0 4 0 2 0 6 2 4 6 4 0 6 4 2 4 0 4 0 6 0 2 6 6 6
split_gain=0.205332 0.739309 0.455079 1.0253 1.02434 0.904972 0.892385 2.0183 1.21598 0.429495 0.26764 3.22819 2.27662 1.57168 0.202878 1.15507 1.1512 1.14398 1.02965 0.741578 0.701942 0.595546 0.543932 0.620898 0.495855 1.70416 0.44268 0.283518 0.160905 0.131456
threshold=4.5000000000000009 6.5000000000000009 1.0000000180025095e-35 1.0000000180025095e-35 9.5000000000000018 6.5000000000000009 1.0000000180025095e-35 9.5000000000000018 5.5000000000000009 1.5000000000000002 6.5000000000000009 8.5000000000000018 1.0000000180025095e-35 8.5000000000000018 9.5000000000000018 5.5000000000000009 2.5000000000000004 13.500000000000002 2.5000000000000004 1.0000000180025095e-35 6.5000000000000009 1.0000000180025095e-35 12.500000000000002 5.5000000000000009 8.5000000000000018 4.5000000000000009 1.0000000180025095e-35 8.5000000000000018 10.500000000000002 2.5000000000000004
decision_type=2 2 2 2 2 2 2 2 2 2 2 2 2 2 2 2 2 2 2 2 2 2 2 2 2 2 2 2 2 2
left_child=1 2 3 29 5 -5 9 8 -8 -4 14 13 28 -12 22 16 18 -18 -16 20 -17 -21 24 27 26 -26 -2 -24 -13 -1
right_child=10 -3 6 4 -6 -7 7 -9 -10 -11 11 12 -14 -15 15 19 17 -19 -20 21 -22 -23 23 -25 25 -27 -28 -29 -30 -31
leaf_value=0.0033726413130865129 0.00056490166721845554 0.0082254810744653573 -0.0018957579913271118 -0.0028592997935956242 0.0038295666363053755 -0.010212867159118996 0.0057412229784446342 -0.0032047718494235505 -0.0030262602075022097 -0.0092696078720369522 -0.017355836069563757 0.013403845535447965 -0.0070946316924943992 4.1156762745231393e-05 0.00010695661599051491 -0.00071249172331259698 -0.0010465786519072203 0.0034094169187399506 0.0026550532848280029 -0.0042502365672185977 0.0024170733525049099 -0.00097740827819022057 0.00096074984213763469 -0.0096205335929347522 0.0013534861929234547 -0.0014711984404717703 -9.9315490871820791e-05 -0.0049389878094189049 0.0077858223915100097 0.00047329657218665228
leaf_weight=71 3123 23 67 381 51 47 205 154 49 28 37 26 28 20 759 2682 1238 163 830 259 192 300 56 29 2397 687 12748 32 25 87
leaf_count=71 3123 23 67 381 51 47 205 154 49 28 37 26 28 20 759 2682 1238 163 830 259 192 300 56 29 2397 687 12748 32 25 87
internal_value=3.40059e-12 -0.00064979 -0.000828852 -0.00171657 -0.00286866 -0.00366682 0.000295356 0.00131159 0.00404986 -0.0040691 2.9484e-05 -0.0021827 0.00436071 -0.0112516 4.12847e-05 -0.000201761 0.000516704 -0.000528144 0.00143793 -0.000827515 -0.000503418 -0.0024938 0.000123137 -0.00327556 0.000144115 0.000724252 3.13852e-05 -0.00118461 0.0106499 0.00177617
internal_weight=26794 1163 1140 637 479 428 503 408 254 95 25631 136 79 57 25495 6423 2990 1401 1589 3433 2874 559 19072 117 18955 3084 15871 88 51 158
internal_count=26794 1163 1140 637 479 428 503 408 254 95 25631 136 79 57 25495 6423 2990 1401 1589 3433 2874 559 19072 117 18955 3084 15871 88 51 158
is_linear=0
shrinkage=0.05


Tree=266
num_leaves=24
num_cat=0
split_feature=6 6 7 7 0 7 7 7 2 7 7 0 6 7 7 7 6 2 0 0 7 6 7
split_gain=0.191258 0.187236 0.303246 0.322122 0.251546 0.206455 0.193402 1.20842 4.288 2.71274 1.45239 3.33672 1.29178 0.948167 1.53409 1.87461 1.47849 1.68461 1.31231 0.965241 0.863565 0.168744 0.122494
threshold=18.500000000000004 14.500000000000002 0.088837951421737685 -0.15500540286302564 1.0000000180025095e-35 -1.3579659461975095 0.80736306309700023 0.58952966332435619 1.0000000180025095e-35 0.61228835582733165 0.41071118414402014 1.0000000180025095e-35 9.5000000000000018 1.3015522360801699 1.1194825172424319 1.0902213454246523 11.500000000000002 1.0000000180025095e-35 6.5000000000000009 1.0000000180025095e-35 -0.15825664997100827 15.500000000000002 1.6234254837036135
decision_type=2 2 2 2 2 2 2 2 2 2 2 2 2 2 2 2 2 2 2 2 2 2 2
left_child=1 6 3 5 -5 21 7 10 12 -10 20 -12 -9 14 15 -8 18 -18 -15 -16 -1 -3 -4
right_child=-2 2 22 4 -6 -7 13 8 9 -11 11 -13 -14 16 19 -17 17 -19 -20 -21 -22 -23 -24
leaf_value=-0.00010318833442467795 0.0025916392849364752 -0.0029951310783893951 0.003720287539417277 -0.0022980474231007976 -0.0083547645807266237 0.00391135509533342 -0.0011461004716733735 0.0014619635626760559 0.01382666382767881 0.0035730947547823536 0.0015022393593188521 -0.0036325400363176139 -0.0024304610764374957 7.0786792778719594e-05 -0.0072444512655390897 0.004250551597584808 0.010013910575881836 -0.0015088234332890935 -0.012772877546958626 -0.0022047994085099367 0.00070032017282319926 0.00040675055343084612 -0.001136494596139528
leaf_weight=13862 71 83 37 40 30 20 1083 386 75 461 520 808 476 3562 137 189 79 53 20 310 4407 65 20
leaf_count=13862 71 83 37 40 30 20 1083 386 75 461 520 808 476 3562 137 189 79 53 20 310 4407 65 20
internal_value=-8.61968e-12 -6.8857e-06 -0.00125957 -0.0020441 -0.00489378 -0.000856726 7.0973e-06 7.59039e-05 0.00149615 0.00500783 -2.54127e-05 -0.00162193 -0.00068745 -0.000258795 -0.0012297 -0.000344239 0.000190581 0.00538736 -9.25459e-07 -0.00374939 9.06407e-05 -0.00150106 0.00201615
internal_weight=26794 26723 295 238 70 168 26428 20995 1398 536 19597 1328 862 5433 1719 1272 3714 132 3582 447 18269 148 57
internal_count=26794 26723 295 238 70 168 26428 20995 1398 536 19597 1328 862 5433 1719 1272 3714 132 3582 447 18269 148 57
is_linear=0
shrinkage=0.05


Tree=267
num_leaves=30
num_cat=0
split_feature=4 6 7 7 7 4 4 6 6 6 6 7 6 6 6 4 7 4 7 7 7 6 4 7 7 7 4 7 7
split_gain=0.186563 0.188482 0.694532 1.29642 0.749498 0.625896 1.19748 1.16049 0.625457 1.68626 0.746301 0.500438 0.380121 0.602533 0.17638 1.38887 3.04104 1.76994 1.62955 2.20306 0.884751 0.829683 0.550904 0.970032 0.607848 1.86459 1.21055 0.503799 0.0573397
threshold=13.500000000000002 4.5000000000000009 -1.1856499910354612 -0.99057531356811512 -1.4928926229476926 3.5000000000000004 8.5000000000000018 2.5000000000000004 2.5000000000000004 1.5000000000000002 3.5000000000000004 -1.6261937022209165 2.5000000000000004 3.5000000000000004 10.500000000000002 5.5000000000000009 0.20913400501012805 1.0000000180025095e-35 -0.002196901739807799 1.0902213454246523 -0.063970554620027528 13.500000000000002 12.500000000000002 1.7989926934242251 0.8918953835964204 0.58952966332435619 6.5000000000000009 0.16686782985925677 -1.7188541293144224
decision_type=2 2 2 2 2 2 2 2 2 2 2 2 2 2 2 2 2 2 2 2 2 2 2 2 2 2 2 2 2
left_child=1 2 4 8 11 7 -7 -5 9 -4 -10 28 -6 -14 22 16 20 -18 21 -20 -16 -17 24 27 25 -3 -26 -24 -1
right_child=-2 14 3 5 12 6 -8 -9 10 -11 -12 -13 13 -15 15 18 17 -19 19 -21 -22 -23 23 -25 26 -27 -28 -29 -30
leaf_value=-0.0041444954082921698 0.004008191483544892 7.091692139193444e-05 -0.00040250035956324569 -0.0076171201338231763 -0.0021525983096045607 0.0038628462838408138 -0.0015433589558810871 -0.00081598541104829162 -0.0052533413029529838 0.019194301537683478 0.0068709573483405027 0.0058063788488507267 -0.012452566485153513 -0.0024314836754153173 4.1288253254293955e-05 0.0023196411096542894 0.0014852022040446893 0.008959233958138935 -0.0032660723486206134 0.00099470327576040843 -0.0055202565068999928 -0.0033683690522168467 -0.0032109935765665975 0.0062564523580173658 -0.0016055115524867799 0.0019185340606416618 0.00018980869263224851 -0.01140298499857359 -0.0013550916088520197
leaf_weight=27 29 15993 21 76 34 175 247 359 22 23 30 25 40 24 1537 383 162 155 1054 426 75 77 102 24 1456 1493 2644 23 58
leaf_count=27 29 15993 21 76 34 175 247 359 22 23 30 25 40 24 1537 383 162 155 1054 426 75 77 102 24 1456 1493 2644 23 58
internal_value=3.77238e-12 -4.34289e-06 -0.000627445 -5.61173e-05 -0.00324511 -0.000673339 0.000698551 -0.00200423 0.00545387 0.00984128 0.00174145 -0.000412157 -0.00642497 -0.00869466 2.39113e-05 -0.000287132 0.000662895 0.0051397 -0.00123177 -0.00203966 -0.000217468 0.00136752 7.92795e-05 -0.00295057 0.000100193 0.000228671 -0.000447749 -0.00471832 -0.00224114
internal_weight=26794 26765 1161 953 208 857 422 435 96 44 52 110 98 64 25604 3869 1929 317 1940 1480 1612 460 21735 149 21586 17486 4100 125 85
internal_count=26794 26765 1161 953 208 857 422 435 96 44 52 110 98 64 25604 3869 1929 317 1940 1480 1612 460 21735 149 21586 17486 4100 125 85
is_linear=0
shrinkage=0.05


Tree=268
num_leaves=31
num_cat=0
split_feature=6 6 4 7 0 4 7 7 0 7 4 0 6 7 0 6 6 7 7 7 7 4 4 6 4 7 7 7 6 7
split_gain=0.195267 0.181192 1.32293 2.79281 2.24844 2.59463 1.88214 4.69221 3.09057 2.80725 0.978168 2.45838 1.6104 0.472304 2.17455 1.60213 3.23223 1.68567 0.959004 1.01743 0.628191 0.779492 0.596637 0.559087 0.49685 0.875454 0.474946 0.463478 0.983275 0.246234
threshold=18.500000000000004 10.500000000000002 5.5000000000000009 0.20913400501012805 5.5000000000000009 1.0000000180025095e-35 1.0000000180025095e-35 1.0902213454246523 1.0000000180025095e-35 0.088837951421737685 4.5000000000000009 5.5000000000000009 11.500000000000002 -1.1336300969123838 1.5000000000000002 6.5000000000000009 8.5000000000000018 -1.2360442876815794 -1.2360442876815794 -1.3579659461975095 -1.0523489713668821 11.500000000000002 10.500000000000002 3.5000000000000004 12.500000000000002 1.7989926934242251 1.0154427289962771 -0.044463083148002618 14.500000000000002 -1.1011176109313963
decision_type=2 2 2 2 2 2 2 2 2 2 2 2 2 2 2 2 2 2 2 2 2 2 2 2 2 2 2 2 2 2
left_child=1 13 3 10 5 -5 27 9 -9 -8 11 -3 -12 14 15 17 -17 -1 19 -16 21 23 -20 -15 26 -26 -22 28 -4 -23
right_child=-2 2 6 4 -6 -7 7 8 -10 -11 12 -13 -14 20 18 16 -18 -19 22 -21 24 29 -24 -25 25 -27 -28 -29 -30 -31
leaf_value=-0.0032761405954407834 0.0026186616015686118 0.00019373979055504692 0.0023850469353254248 -0.001470237668012235 0.017673094077937067 0.0080629291308218706 -0.020313318333390989 0.0052439198918614134 -0.003274003162893445 -0.0052127505685722443 0.0029721703754707245 -0.010488765308251366 -0.00082243010206510243 0.0076483936559480553 0.00050349427422145311 -0.012854156818089858 -0.00014213448656456813 0.0087606681829416454 -0.010395739960173766 0.0083995988419236136 0.0002070590248727974 0.0039150284416973593 -0.0014765672315843405 -0.00037327338936985616 -0.0044824040785431864 0.005943629595761498 -0.00040073874498415622 -0.00062350387169272893 -0.0067692883516428997 0.010451758302309934
leaf_weight=124 71 174 352 137 31 149 33 211 215 457 394 78 963 26 796 111 91 38 30 43 17330 25 50 132 125 24 3946 572 32 34
leaf_count=124 71 174 352 137 31 149 33 211 215 457 394 78 963 26 796 111 91 38 30 43 17330 25 50 132 125 24 3946 572 32 34
internal_value=-1.04544e-11 -6.9575e-06 -0.000326828 0.000593168 0.00488271 0.00349634 -0.00127336 -0.00289302 0.000944968 -0.00622973 -0.000251944 -0.00311275 0.000279318 4.60357e-05 -0.000886062 -0.00415682 -0.00712745 -0.000452692 0.000409427 0.000908181 0.000101293 0.00277798 -0.00482126 0.000946748 7.41827e-05 -0.00280304 9.43325e-05 0.00027853 0.00162219 0.00768196
internal_weight=26794 26723 3798 1926 317 286 1872 916 426 490 1609 252 1357 22925 1283 364 202 162 919 839 21642 217 80 158 21425 149 21276 956 384 59
internal_count=26794 26723 3798 1926 317 286 1872 916 426 490 1609 252 1357 22925 1283 364 202 162 919 839 21642 217 80 158 21425 149 21276 956 384 59
is_linear=0
shrinkage=0.05


Tree=269
num_leaves=31
num_cat=0
split_feature=5 5 7 4 5 7 7 7 7 5 0 7 4 7 0 5 7 7 4 5 0 5 0 5 7 4 5 7 0 7
split_gain=0.191059 1.59081 3.47938 2.16181 2.02396 3.02719 1.86874 1.85288 2.6364 2.26231 1.66282 3.087 3.05733 1.55741 1.48401 1.46019 1.20456 1.17795 0.985035 0.92551 0.904806 0.8913 4.10331 1.58227 0.832282 0.787213 0.653372 4.58853 2.60346 2.40177
threshold=65.500000000000014 67.500000000000014 1.0349501967430117 5.5000000000000009 66.500000000000014 -1.4278677105903623 1.0934725999832156 1.3015522360801699 1.0000000180025095e-35 80.500000000000014 1.0000000180025095e-35 1.6494354605674746 6.5000000000000009 -0.37609004974365229 1.0000000180025095e-35 69.500000000000014 1.7242140769958498 -0.32407012581825251 2.5000000000000004 66.500000000000014 3.5000000000000004 71.500000000000014 1.0000000180025095e-35 73.500000000000014 -0.72722449898719776 10.500000000000002 58.500000000000007 0.10184292867779733 4.5000000000000009 -0.015201881062239407
decision_type=2 2 2 2 2 2 2 2 2 2 2 2 2 2 2 2 2 2 2 2 2 2 2 2 2 2 2 2 2 2
left_child=26 2 4 15 14 -6 -4 8 25 -10 11 -9 -12 -7 17 16 20 -2 -8 -20 -3 22 -17 -23 -16 -5 -1 29 -29 -28
right_child=1 3 6 7 5 13 18 10 9 -11 12 -13 -14 -15 24 21 -18 -19 19 -21 -22 23 -24 -25 -26 -27 27 28 -30 -31
leaf_value=-5.9670724243200822e-05 0.0039774777633803235 0.0079893522260044841 0.0077648548185825358 0.00015468453621143212 -0.01941407257691026 0.0078953387618821581 0.0032810998388339545 0.020283548742094461 -0.0080000436618547621 0.00014112853532424196 -0.009165170247748532 -0.0026034011487634139 0.006226655198808979 -0.0069356902818272633 -0.0049854676276445391 0.0079872818146036108 -0.0029638379151626453 -0.0091876545722146385 0.00036366792331035767 -0.010021451542653688 0.0027431830879543311 0.0063721816165239684 -0.0044932854248423857 0.00055949949084657365 0.0024888567135697998 -0.0037126768768704944 0.0018725708108156898 -0.0015738779477539489 0.0074463858346765239 0.0082869952762848701
leaf_weight=19225 21 160 100 871 48 20 74 34 256 128 52 26 85 154 50 87 51 89 45 41 169 140 271 715 146 155 1660 1677 84 160
leaf_count=19225 21 160 100 871 48 20 74 34 256 128 52 26 85 154 50 87 51 89 45 41 169 140 271 715 146 155 1660 1677 84 160
internal_value=1.32652e-12 -0.000319288 -0.00233168 0.000176265 -0.00466314 -0.00829759 0.00240297 -0.00111764 -0.00175226 -0.00528632 0.00342451 0.0103659 0.000384502 -0.00523097 -0.00202639 0.00148154 0.00418615 -0.00667431 -0.000948207 -0.00458738 0.00529451 0.000634263 -0.0014603 0.00151128 0.000582141 -0.000429566 5.58327e-05 0.000675926 -0.00114361 0.00243648
internal_weight=26794 3988 788 3200 528 222 260 1607 1410 384 197 60 137 174 306 1593 380 110 160 86 329 1213 358 855 196 1026 22806 3581 1761 1820
internal_count=26794 3988 788 3200 528 222 260 1607 1410 384 197 60 137 174 306 1593 380 110 160 86 329 1213 358 855 196 1026 22806 3581 1761 1820
is_linear=0
shrinkage=0.05


Tree=270
num_leaves=13
num_cat=0
split_feature=5 5 0 6 6 5 6 5 5 0 5 5
split_gain=0.190346 0.583553 0.370471 0.336809 0.278623 0.397275 1.01578 0.719732 0.190151 1.00943 0.476951 0.0913865
threshold=96.500000000000014 94.500000000000014 1.0000000180025095e-35 17.500000000000004 14.500000000000002 89.500000000000014 15.500000000000002 87.500000000000014 29.500000000000004 6.5000000000000009 37.500000000000007 101.50000000000001
decision_type=2 2 2 2 2 2 2 2 2 2 2 2
left_child=1 3 11 4 8 7 -7 -6 9 -1 -10 -2
right_child=2 -3 -4 -5 5 6 -8 -9 10 -11 -12 -13
leaf_value=-0.00078181815621889718 -0.0072699316932509353 0.0079680482978406169 0.0021383553402431841 0.0033688939252012485 -0.0043182722923736424 -0.011584242472365018 0.0013218028905491036 0.0030310207534865997 0.00064840916941834325 0.007941680267343626 -4.1438607414929531e-05 -0.0029913123535852022
leaf_weight=1345 24 23 28 74 62 31 30 72 2824 34 22221 26
leaf_count=1345 24 23 28 74 62 31 30 72 2824 34 22221 26
internal_value=-6.74579e-12 7.20087e-06 -0.00246639 3.41409e-07 -9.02306e-06 -0.00189209 -0.00523701 -0.000369398 4.87329e-06 -0.000566736 3.63466e-05 -0.00504505
internal_weight=26794 26716 78 26693 26619 195 61 134 26424 1379 25045 50
internal_count=26794 26716 78 26693 26619 195 61 134 26424 1379 25045 50
is_linear=0
shrinkage=0.05


Tree=271
num_leaves=31
num_cat=0
split_feature=7 7 5 7 7 4 5 7 7 5 1 5 7 1 4 7 5 7 5 7 7 5 4 4 5 7 5 1 5 7
split_gain=0.183633 2.31543 2.41456 1.4276 2.56958 3.76 3.09931 2.93185 2.29438 1.76464 1.66857 1.56919 1.2631 3.17691 2.12355 1.42598 5.66244 5.17853 2.19451 1.20548 2.30236 2.07404 1.15062 1.9622 1.01272 1.08716 0.886743 0.659494 0.552993 6.26385
threshold=-0.2525427490472793 -0.26554772257804865 43.500000000000007 -0.22653279453516004 -0.23303528130054471 2.5000000000000004 42.500000000000007 -0.24929150938987729 -0.22003030031919477 62.500000000000007 1.0000000180025095e-35 37.500000000000007 -0.27530145645141596 1.0000000180025095e-35 7.5000000000000009 -0.2883064448833465 50.500000000000007 -0.27855271100997919 59.500000000000007 -0.3143163919448852 -0.32407012581825251 66.500000000000014 10.500000000000002 2.5000000000000004 43.500000000000007 -0.22978403419256208 43.500000000000007 1.0000000180025095e-35 40.500000000000007 -0.1875178515911102
decision_type=2 2 2 2 2 2 2 2 2 2 2 2 2 2 2 2 2 2 2 2 2 2 2 2 2 2 2 2 2 2
left_child=1 12 -3 4 6 24 10 -8 -5 -9 11 -2 15 14 26 19 17 -17 -18 20 -1 -21 23 27 -6 -26 -14 -4 29 -10
right_child=3 2 22 8 5 -7 7 9 28 -11 -12 -13 13 -15 -16 16 18 -19 -20 21 -22 -23 -24 -25 25 -27 -28 -29 -30 -31
leaf_value=-1.1479679339279122e-05 -0.0061940249732949518 -0.014521555746814199 0.0052954673131064677 -0.010157675843855197 0.006733486880169272 -0.007211051995400339 0.0084042324143093691 -0.0085405281995501355 -0.016191564572768082 0.0070720530780298378 0.019780541843889901 0.011949867783830717 0.018845396977849305 -0.0083716474463568728 0.002437833710950734 -0.013908191576353458 -8.8015221548001133e-06 0.0027771856114546314 0.012055535885420713 0.0011863276486322198 -0.0038302244396441736 0.013731116297490457 0.0029019773910766928 -0.010249034939333797 0.022497681642158165 0.0098315467243082835 0.0077305415302122904 -0.0045567392419766763 0.00020699894617850329 -0.00019765700384574266
leaf_weight=9402 22 51 41 55 43 30 43 131 63 21 24 26 34 47 142 152 263 67 44 1065 412 34 69 80 36 32 38 29 12135 2163
leaf_count=9402 22 51 41 55 43 30 43 131 63 21 24 26 34 47 142 152 263 67 44 1065 412 34 69 80 36 32 38 29 12135 2163
internal_value=1.31163e-11 -0.000145668 -0.0047234 0.000117623 0.00303427 0.00849457 0.000150738 -0.00312264 3.50763e-05 -0.00638353 0.00901613 0.00363392 -4.00276e-05 0.00339927 0.00598447 -0.000118501 -0.0026613 -0.00880353 0.00172029 4.06052e-06 -0.000171794 0.00157443 -0.00244163 -0.00489969 0.0127393 0.0165371 0.0129792 0.00121384 7.41126e-05 -0.000650315
internal_weight=26794 11970 270 14824 408 141 267 195 14416 152 72 48 11700 261 214 11439 526 219 307 10913 9814 1099 219 150 111 68 72 70 14361 2226
internal_count=26794 11970 270 14824 408 141 267 195 14416 152 72 48 11700 261 214 11439 526 219 307 10913 9814 1099 219 150 111 68 72 70 14361 2226
is_linear=0
shrinkage=0.05


Tree=272
num_leaves=31
num_cat=0
split_feature=7 7 0 3 0 7 7 2 0 2 7 3 0 7 7 7 7 0 7 7 3 7 0 0 7 2 7 7 3 7
split_gain=0.168376 0.71605 1.14526 0.809939 1.35826 3.09954 4.61565 1.90129 1.74023 3.64352 1.19245 0.989687 2.88186 6.51516 2.7772 1.84244 1.43796 0.743825 0.610865 0.520232 0.942247 1.64191 1.05957 0.821406 0.42949 0.305379 2.74319 1.61142 2.69119 0.869456
threshold=-0.41835623979568476 -0.43136121332645411 4.5000000000000009 1.5000000000000002 5.5000000000000009 -0.92555043101310719 -0.63293838500976551 1.0000000180025095e-35 1.0000000180025095e-35 1.0000000180025095e-35 -1.1336300969123838 1.0000000180025095e-35 5.5000000000000009 -0.49313485622406 -0.82151058316230763 -0.43786370754241938 -0.5874209702014922 1.0000000180025095e-35 -0.42485871911048884 -0.39559751749038691 1.0000000180025095e-35 -0.40535125136375422 5.5000000000000009 4.5000000000000009 -0.40210001170635218 1.5000000000000002 -0.42810997366905207 -0.42810997366905207 1.0000000180025095e-35 -0.4216074794530868
decision_type=2 2 2 2 2 2 2 2 2 2 2 2 2 2 2 2 2 2 2 2 2 2 2 2 2 2 2 2 2 2
left_child=1 3 17 11 8 7 -7 -6 10 -10 -5 15 13 -13 -14 16 -1 18 -3 20 23 22 -22 -2 -23 26 -4 28 -27 -29
right_child=19 2 25 4 5 6 -8 -9 9 -11 -12 12 14 -15 -16 -17 -18 -19 -20 -21 21 24 -24 -25 -26 27 -28 29 -30 -31
leaf_value=0.00010509664813947431 0.010714302901178599 -0.0039724188321666916 0.0093561405998965116 -0.0070519667961879782 -0.0074262973573058846 -0.033057265096894377 -0.0010228033622969753 0.0042273116886748802 -0.00064749350158139042 0.013788212573466203 -0.0009608121884892018 0.00024544388872847203 0.00724999154284129 -0.01299859911504418 0.0014084948659533472 0.010785078169364068 -0.0021993489047441288 0.0079333437726862976 0.0032354374591893748 3.8083248968845412e-05 -0.0010393608056790667 0.0072666820944645083 -0.010825685879570389 0.0027085176336558961 0.0012107539216556879 -0.002349183450860437 -0.01124826097062656 0.0069104252721775665 -0.023574978891494021 -0.0043937175439981123
leaf_weight=2246 40 66 30 95 70 22 23 70 161 60 521 1497 259 99 949 36 969 31 53 18902 81 52 42 161 67 32 35 22 28 75
leaf_count=2246 40 66 30 95 70 22 23 70 161 60 521 1497 259 99 949 36 969 31 53 18902 81 52 42 161 67 32 35 22 28 75
internal_value=-2.13425e-12 -0.000201989 -0.00234018 -8.95957e-05 -0.00139157 -0.00526872 -0.0166841 -0.00159949 -0.000534616 0.0032717 -0.00190019 0.00013016 0.000818466 -0.000576085 0.00266093 -0.000463506 -0.000589463 0.00103488 -0.000762197 7.77779e-05 0.00177148 -0.000330079 -0.00438103 0.00430171 0.00385704 -0.00462062 -0.00173854 -0.00581384 -0.0122546 -0.00182989
internal_weight=26794 7449 372 7077 1022 185 45 140 837 221 616 6055 2804 1596 1208 3251 3215 150 119 19345 443 242 123 201 119 222 65 157 60 97
internal_count=26794 7449 372 7077 1022 185 45 140 837 221 616 6055 2804 1596 1208 3251 3215 150 119 19345 443 242 123 201 119 222 65 157 60 97
is_linear=0
shrinkage=0.05


Tree=273
num_leaves=31
num_cat=0
split_feature=4 7 7 2 7 7 2 7 7 7 7 7 7 2 7 7 3 7 4 3 7 7 7 4 2 7 7 7 3 7
split_gain=0.176939 0.994959 8.67492 3.08919 6.18237 5.20169 3.04605 3.29751 3.00576 4.88181 3.09343 2.84581 2.22063 2.43188 1.66451 9.00219 1.74912 1.53334 0.970893 1.16859 2.41089 1.14985 3.73143 3.30888 4.20164 2.88722 2.73492 2.46402 3.38026 2.71762
threshold=1.0000000180025095e-35 -0.0607193075120449 0.040069280192255981 1.0000000180025095e-35 -0.5776672065258025 -1.0523489713668821 1.5000000000000002 -0.044463083148002618 -0.23303528130054471 -0.22978403419256208 -0.99057531356811512 -0.2883064448833465 0.10184292867779733 1.5000000000000002 0.58952966332435619 0.8301217555999757 1.0000000180025095e-35 -0.05096557363867759 1.5000000000000002 1.0000000180025095e-35 -0.26879897713661188 -0.080226775258779512 0.069330483675003066 5.5000000000000009 1.5000000000000002 0.088837951421737685 -0.26229648292064661 0.010808077175170185 1.0000000180025095e-35 -0.063970554620027528
decision_type=2 2 2 2 2 2 2 2 2 2 2 2 2 2 2 2 2 2 2 2 2 2 2 2 2 2 2 2 2 2
left_child=1 3 6 4 5 -1 7 -3 10 -10 -5 -12 13 -4 16 -16 -14 -8 19 -2 -21 26 27 24 -24 -25 -20 29 -29 -23
right_child=18 2 12 8 -6 -7 17 -9 9 -11 11 -13 14 -15 15 -17 -18 -19 21 20 -22 22 23 25 -26 -27 -28 28 -30 -31
leaf_value=-0.016181193740062771 0.0012368072559195997 -0.025760275306594041 0.0094056477924897366 0.017206392291933298 -0.016248725534037309 0.013955679357879692 -0.0096571628509887625 -0.0092423086831757324 0.015300927890826072 0.0015507280435389063 8.8753240368115246e-05 -0.003377706397984822 -0.0045195644888380458 -0.0021645135957644216 0.0092890020550639319 -0.0011207622959642336 -0.00044283602457736396 0.003432985078242998 -3.8045482326832912e-05 0.002302106502107703 0.022729269878473134 0.010262153268930443 0.0024891833246816451 -0.013200478539378805 0.021133165527135137 -0.00034680142320394876 -0.0027226674365485215 -0.0033533574023749679 0.015613487922267891 0.0014989033537471613
leaf_weight=21 603 36 123 25 81 45 35 188 67 1766 3965 696 389 72 254 1139 813 62 6743 52 20 94 543 44 32 6168 1104 34 76 1504
leaf_count=21 603 36 123 25 81 45 35 188 67 1766 3965 696 389 72 254 1139 813 62 6743 52 20 94 543 44 32 6168 1104 34 76 1504
internal_value=9.9918e-12 -0.000169512 -0.000907846 0.000175065 -0.00699283 0.00436667 -0.00869184 -0.011897 0.000336697 0.00205333 -0.000334788 -0.000428873 -1.22682e-05 0.00513359 -0.000398951 0.000777357 -0.00176218 -0.00129026 9.73922e-05 0.00195569 0.00797632 2.0636e-05 0.000423732 -0.00010196 0.00352676 -0.000437845 -0.000415747 0.00251265 0.00975101 0.00201439
internal_weight=26794 9777 3111 6666 147 66 321 224 6519 1833 4686 4661 2790 195 2595 1393 1202 97 17017 675 72 16342 8495 6787 575 6212 7847 1708 110 1598
internal_count=26794 9777 3111 6666 147 66 321 224 6519 1833 4686 4661 2790 195 2595 1393 1202 97 17017 675 72 16342 8495 6787 575 6212 7847 1708 110 1598
is_linear=0
shrinkage=0.05


Tree=274
num_leaves=31
num_cat=0
split_feature=5 5 0 4 4 5 5 2 2 5 4 0 0 5 0 0 0 4 0 5 2 2 0 5 5 4 5 5 4 0
split_gain=0.193968 1.40763 2.23481 2.6637 2.0051 1.95277 1.28372 0.968055 3.41296 1.7764 0.781443 3.67312 1.43122 0.556336 1.66073 3.42129 0.915006 0.843823 1.15422 3.76012 4.70128 3.72797 2.51793 2.14143 1.39883 0.81517 3.19494 5.86563 1.06905 1.00767
threshold=65.500000000000014 67.500000000000014 2.5000000000000004 4.5000000000000009 5.5000000000000009 66.500000000000014 69.500000000000014 1.0000000180025095e-35 1.5000000000000002 70.500000000000014 2.5000000000000004 5.5000000000000009 5.5000000000000009 58.500000000000007 2.5000000000000004 3.5000000000000004 4.5000000000000009 1.0000000180025095e-35 4.5000000000000009 38.500000000000007 1.0000000180025095e-35 1.0000000180025095e-35 1.5000000000000002 38.500000000000007 44.500000000000007 1.5000000000000002 25.500000000000004 38.500000000000007 2.5000000000000004 3.5000000000000004
decision_type=2 2 2 2 2 2 2 2 2 2 2 2 2 2 2 2 2 2 2 2 2 2 2 2 2 2 2 2 2 2
left_child=13 2 -2 -4 6 -5 10 9 -9 -8 12 -12 -3 17 -15 -16 -17 18 19 20 -1 24 -21 -23 -20 26 -19 -28 29 -27
right_child=1 4 3 5 -6 -7 7 8 -10 -11 11 -13 -14 14 15 16 -18 25 21 22 -22 23 -24 -25 -26 28 27 -29 -30 -31
leaf_value=0.010809077062693082 -0.00069297787987471085 0.0042860174513213887 -0.0011936251623556019 -0.0045435861498117442 -0.0011016904571951776 -0.019119396736776387 0.0061540001336213082 0.0086049005810637028 -0.00061694058392153868 -0.0013638044147846434 0.0031031440111058475 0.024282739162445069 -0.0049493763026677903 3.7476060024504862e-05 0.015997528632481894 0.006476838110635679 0.0011940948757971064 -9.6148172773414324e-05 -0.0066394337009461155 5.2888832427756485e-05 -0.0077263095487997277 0.0026547930013805713 -0.0049259592276535442 -0.00027027587795797709 -0.022202878953381022 -0.0070798244270274995 0.013017730983477895 -0.0086723804746459184 0.00018500045752172433 0.00057481635441562458
leaf_weight=38 594 188 100 40 1607 54 89 150 303 671 113 25 54 2752 45 93 691 502 42 2147 343 732 288 4309 22 99 130 41 10456 76
leaf_count=38 594 188 100 40 1607 54 89 150 303 671 113 25 54 2752 45 93 691 502 42 2147 343 732 288 4309 22 99 130 41 10456 76
internal_value=-4.1125e-12 -0.000321709 -0.0022147 -0.00687399 0.00014444 -0.0129169 0.00140152 0.000607086 0.00243665 -0.00048343 0.00393744 0.00694003 0.00222523 5.6256e-05 0.000628453 0.00259029 0.00182075 -5.03258e-05 -0.000446046 -0.0012587 -0.00587764 2.22726e-06 -0.000535985 0.000154471 -0.0119894 0.000226966 0.00191452 0.00781718 0.000120134 -0.00375552
internal_weight=26794 3988 788 194 3200 94 1593 1213 453 760 380 138 242 22806 3581 829 784 19225 7921 2816 381 5105 2435 5041 64 11304 673 171 10631 175
internal_count=26794 3988 788 194 3200 94 1593 1213 453 760 380 138 242 22806 3581 829 784 19225 7921 2816 381 5105 2435 5041 64 11304 673 171 10631 175
is_linear=0
shrinkage=0.05


Tree=275
num_leaves=31
num_cat=0
split_feature=6 0 3 4 4 6 4 4 4 0 0 6 4 6 4 0 6 4 4 6 0 0 4 3 4 0 0 6 6 6
split_gain=0.179299 0.60559 0.57638 1.06606 0.88761 0.732529 0.587384 0.67024 0.549367 0.435941 0.270775 2.94974 1.47684 0.273014 1.19906 0.249441 0.179216 0.731043 1.02577 1.59829 1.57471 0.544709 0.419549 1.11188 0.792567 0.479662 0.901519 0.461297 0.286529 0.118177
threshold=4.5000000000000009 6.5000000000000009 1.0000000180025095e-35 3.5000000000000004 2.5000000000000004 1.5000000000000002 1.0000000180025095e-35 2.5000000000000004 7.5000000000000009 4.5000000000000009 6.5000000000000009 8.5000000000000018 8.5000000000000018 10.500000000000002 5.5000000000000009 3.5000000000000004 9.5000000000000018 5.5000000000000009 2.5000000000000004 11.500000000000002 5.5000000000000009 3.5000000000000004 12.500000000000002 1.5000000000000002 13.500000000000002 1.0000000180025095e-35 3.5000000000000004 7.5000000000000009 10.500000000000002 3.5000000000000004
decision_type=2 2 2 2 2 2 2 2 2 2 2 2 2 2 2 2 2 2 2 2 2 2 2 2 2 2 2 2 2 2
left_child=1 2 3 6 15 -6 -1 -8 -5 -10 16 12 -12 14 -13 29 22 18 20 -20 -18 28 25 24 -24 27 -27 -2 -19 -4
right_child=10 -3 4 8 5 -7 7 -9 9 -11 11 13 -14 -15 -16 -17 17 21 19 -21 -22 -23 23 -25 -26 26 -28 -29 -30 -31
leaf_value=-0.0084749126178212467 -0.00048939369081888481 0.0074254305790299961 0.0048849771672394128 0.0057341392273277357 0.0042724010441452269 -0.0078544565391811452 -0.001637230325635149 -0.0079552118315958705 -0.00092579235937094602 0.0031121570439691742 -0.016783696279634493 0.015648842118680478 8.0195504706352964e-05 0.0010041377752235063 -0.0014575158822394555 0.0011716351026136961 0.00024375333543842889 -0.00023528623094782783 0.0028367683119271737 -0.00016690649351429191 -0.0040678349303324588 0.0049723654597376788 -0.0081434102872770062 0.0067263607680312521 0.0022678879480808978 0.00086689236823425718 -1.9409944307623575e-05 0.00037864283994883455 -0.0011618843929527684 0.009182087952891986
leaf_weight=40 4571 23 48 48 20 33 480 46 278 88 37 20 20 38 21 35 910 1482 781 1023 276 42 68 24 25 4688 7395 2301 1909 24
leaf_count=40 4571 23 48 48 20 33 480 46 278 88 37 20 20 38 21 35 910 1482 781 1023 276 42 68 24 25 4688 7395 2301 1909 24
internal_value=8.73127e-13 -0.000607202 -0.000769264 -0.00122354 0.00201317 -0.00327828 -0.00263393 -0.00218975 0.000704682 4.50807e-05 2.75517e-05 -0.00219755 -0.0108665 0.00405729 0.00688705 0.00463417 3.94212e-05 -0.000189013 0.000382563 0.00113346 -0.000759618 -0.000686831 0.000116352 -0.00286856 -0.00534467 0.000134777 0.00032446 -0.000198743 -0.000756925 0.00631735
internal_weight=26794 1163 1140 980 160 53 566 526 414 366 25631 136 57 79 41 107 25495 6423 2990 1804 1186 3433 19072 117 93 18955 12083 6872 3391 72
internal_count=26794 1163 1140 980 160 53 566 526 414 366 25631 136 57 79 41 107 25495 6423 2990 1804 1186 3433 19072 117 93 18955 12083 6872 3391 72
is_linear=0
shrinkage=0.05


Tree=276
num_leaves=31
num_cat=0
split_feature=7 7 7 0 0 0 7 3 0 2 3 7 2 7 2 0 3 7 0 7 0 2 3 7 0 7 2 3 2 7
split_gain=0.216253 1.04003 1.91431 1.45346 1.00372 1.21934 2.23831 1.28432 1.09334 0.977755 1.17163 0.893856 1.29019 0.86402 3.5332 2.21425 1.66122 0.873653 0.707116 0.684366 0.922428 1.41995 1.43938 0.706589 1.6225 2.48653 0.621685 1.62755 0.852335 0.590345
threshold=-0.78574690222740162 -0.67195332050323475 -0.65569707751274098 4.5000000000000009 1.0000000180025095e-35 3.5000000000000004 -0.72722449898719776 1.0000000180025095e-35 4.5000000000000009 1.5000000000000002 1.0000000180025095e-35 -0.70771703124046315 1.5000000000000002 -0.82151058316230763 1.5000000000000002 5.5000000000000009 1.0000000180025095e-35 -0.79875186085700978 1.0000000180025095e-35 -0.86702802777290333 4.5000000000000009 1.0000000180025095e-35 1.0000000180025095e-35 -0.92555043101310719 1.5000000000000002 -0.89628919959068287 1.0000000180025095e-35 1.5000000000000002 1.5000000000000002 -0.85727426409721363
decision_type=2 2 2 2 2 2 2 2 2 2 2 2 2 2 2 2 2 2 2 2 2 2 2 2 2 2 2 2 2 2
left_child=13 4 3 -3 11 9 7 -7 -8 10 -6 12 -2 19 16 18 17 -15 -16 23 21 -21 -23 26 -25 -26 27 -1 -28 -22
right_child=1 2 -4 -5 5 6 8 -9 -10 -11 -12 -13 -14 14 15 -17 -18 -19 -20 20 29 22 -24 24 25 -27 28 -29 -30 -31
leaf_value=-0.0001119802104212886 0.009416187833994628 -0.0035942518144535525 2.8489302311893798e-05 -0.018618449710563503 0.0094820480575652996 0.00036376645259651139 -0.0054526737406849863 -0.0094326433823689049 0.0056379217281937602 0.014839056667325826 0.00026402787869455111 -0.0065664633257507257 -0.0055073430162987545 0.0041609086329117417 -0.0061471952710346117 -0.015804925316854592 0.01160380704034316 -0.0065607694878340953 0.0053204284328967335 0.0054531851748250565 0.0090424247824683265 -0.013685034646963079 0.00072730288517138951 -0.00024919545134090314 -0.023102248443857484 -0.0014042697801825502 0.0028143661802501555 -0.0041592166007774854 -0.00016023584925316256 0.002264222396641142
leaf_weight=1697 30 60 22288 22 67 81 25 57 200 29 71 58 28 38 41 62 38 38 20 53 58 30 41 123 23 31 350 291 772 72
leaf_count=1697 30 60 22288 22 67 81 25 57 200 29 71 58 28 38 41 62 38 38 20 53 58 30 41 123 23 31 350 291 772 72
internal_value=-2.85075e-13 5.75505e-05 4.33999e-07 -0.00762513 0.00203541 0.00295745 0.00133078 -0.00368258 0.00440563 0.00649327 0.00473944 -0.00217737 0.00221172 -0.000350604 -0.00327334 -0.00915067 0.00306798 -0.00119993 -0.00238732 -0.000154984 0.00234556 -0.000739619 -0.00536242 -0.000348212 -0.0034211 -0.010646 -0.000173324 -0.000704408 0.00076767 0.00528834
internal_weight=26794 23016 22370 82 646 530 363 138 225 167 138 116 58 3778 237 123 114 76 61 3541 254 124 71 3287 177 54 3110 1988 1122 130
internal_count=26794 23016 22370 82 646 530 363 138 225 167 138 116 58 3778 237 123 114 76 61 3541 254 124 71 3287 177 54 3110 1988 1122 130
is_linear=0
shrinkage=0.05


Tree=277
num_leaves=28
num_cat=0
split_feature=6 4 6 2 4 0 0 0 4 0 0 4 6 2 0 0 0 6 2 4 6 6 6 2 4 0 0
split_gain=0.170342 0.168144 0.677046 1.25586 1.00248 0.680248 4.56254 0.860091 0.474395 0.367467 0.307157 0.536938 0.253601 0.459653 1.00866 0.436074 0.42943 3.71032 2.1817 0.612742 0.397746 0.357247 0.232713 0.913194 0.82569 0.198376 0.120417
threshold=18.500000000000004 7.5000000000000009 6.5000000000000009 1.5000000000000002 9.5000000000000018 3.5000000000000004 2.5000000000000004 4.5000000000000009 10.500000000000002 4.5000000000000009 5.5000000000000009 9.5000000000000018 3.5000000000000004 1.0000000180025095e-35 1.0000000180025095e-35 1.0000000180025095e-35 6.5000000000000009 8.5000000000000018 1.0000000180025095e-35 1.5000000000000002 2.5000000000000004 2.5000000000000004 6.5000000000000009 1.5000000000000002 6.5000000000000009 1.0000000180025095e-35 1.5000000000000002
decision_type=2 2 2 2 2 2 2 2 2 2 2 2 2 2 2 2 2 2 2 2 2 2 2 2 2 2 2
left_child=1 12 3 5 -4 6 -3 -7 25 -10 11 -5 13 15 -15 21 22 19 -19 -18 -17 -1 23 -14 -24 -6 -16
right_child=-2 2 4 10 8 7 -8 -9 9 -11 -12 -13 16 14 26 20 17 18 -20 -21 -22 -23 24 -25 -26 -27 -28
leaf_value=0.0042765562866060513 0.0024458249060200976 0.00095860970942709608 0.010818880986577522 0.0040931715898645613 -1.0748018697761227e-05 -0.0044348237420622763 0.018313763048499822 0.00076263720950212001 0.0009424237439314882 -0.00044811903812712572 -0.0038164450656040572 -0.0010535956734546365 -0.00011244234847312064 -0.0048798116144577143 0.0069463268321539682 -0.0054382942914920048 -0.0089606930851005018 0.0096628531010127545 -0.0081338989011083673 -0.02065568313534771 -0.0015068634993776347 -0.0021015588649670068 -9.7040468939044245e-05 0.0015126096872021834 -0.0035533051154177106 -0.0024663873842260971 0.0026166338231772761
leaf_weight=42 71 711 24 52 163 110 40 288 3134 560 96 1989 3767 38 42 109 24 51 26 21 157 46 13744 1122 175 166 26
leaf_count=42 71 711 24 52 163 110 40 288 3134 560 96 1989 3767 38 42 109 24 51 26 21 157 46 13744 1122 175 166 26
internal_value=-6.11352e-12 -6.49829e-06 0.000197448 -0.000335729 0.000630366 0.000997329 0.00188299 -0.000673847 0.000569584 0.000731621 -0.00105247 -0.000922468 -8.36276e-05 -0.00124361 0.00164477 -0.0021085 -5.54399e-05 -0.00301231 0.00365356 -0.0144184 -0.00311786 0.000942542 -3.62598e-05 0.000260499 -0.000140495 -0.00124976 0.00529086
internal_weight=26794 26723 7333 3286 4047 1149 751 398 4023 3694 2137 2041 19390 460 106 354 18930 122 77 45 266 88 18808 4889 13919 329 68
internal_count=26794 26723 7333 3286 4047 1149 751 398 4023 3694 2137 2041 19390 460 106 354 18930 122 77 45 266 88 18808 4889 13919 329 68
is_linear=0
shrinkage=0.05


Tree=278
num_leaves=31
num_cat=0
split_feature=4 4 6 0 6 0 6 0 4 0 0 4 2 6 4 2 6 0 0 6 6 6 0 2 0 2 6 6 2 4
split_gain=0.156999 0.856279 4.09066 1.22905 3.28104 0.929537 1.83289 0.917929 0.89717 1.01039 0.85249 0.819294 1.80325 2.60354 2.42859 0.716782 2.49915 3.85225 4.75867 0.878513 0.530273 1.44403 0.456293 1.34436 2.00661 0.432032 0.426223 0.364102 0.34614 1.13639
threshold=1.0000000180025095e-35 1.5000000000000002 4.5000000000000009 2.5000000000000004 6.5000000000000009 3.5000000000000004 2.5000000000000004 2.5000000000000004 2.5000000000000004 3.5000000000000004 3.5000000000000004 4.5000000000000009 1.0000000180025095e-35 5.5000000000000009 3.5000000000000004 1.0000000180025095e-35 7.5000000000000009 5.5000000000000009 1.0000000180025095e-35 5.5000000000000009 11.500000000000002 7.5000000000000009 4.5000000000000009 1.5000000000000002 3.5000000000000004 1.5000000000000002 6.5000000000000009 11.500000000000002 1.5000000000000002 10.500000000000002
decision_type=2 2 2 2 2 2 2 2 2 2 2 2 2 2 2 2 2 2 2 2 2 2 2 2 2 2 2 2 2 2
left_child=15 2 5 4 -4 7 -7 -2 9 20 -5 12 14 -14 -10 16 17 18 -1 22 21 -3 23 24 -17 -24 -11 -28 -13 -30
right_child=1 8 3 10 -6 6 -8 -9 11 26 -12 28 13 -15 -16 19 -18 -19 -20 -21 -22 -23 25 -25 -26 -27 27 -29 29 -31
leaf_value=-0.0026843682910578375 -1.7156832384271393e-05 -0.0027984767912130337 0.012551945917463551 0.021281142408649128 -0.0087491159487901073 -0.0071812876211158165 0.0073545019575502989 -0.0054809919798077603 -0.0025745305984175046 0.0066360321786740548 0.0099227639925578287 0.00020767348752344334 -0.00069767455628607419 0.017868936961380446 0.0097101163253065139 0.00065949459420016384 -0.0078209340069756422 -0.010985663942604636 0.016045267585626185 6.4296784197211259e-05 -0.0017780603252022583 -0.014908785380939663 -0.0019097103196130797 -0.013278243194023768 -0.0091226379131923805 0.0011078376065012001 -0.0028905652195238807 0.0024663813359473113 -0.0016185948577315161 7.7567423408478659e-05
leaf_weight=78 303 64 48 24 29 29 86 103 167 23 53 9727 35 41 53 186 130 48 60 8668 68 40 313 30 73 191 79 53 1247 4745
leaf_count=78 303 64 48 24 29 29 86 103 167 23 53 9727 35 41 53 186 130 48 60 8668 68 40 313 30 73 191 79 53 1247 4745
internal_value=-1.08553e-11 9.17406e-05 0.00183691 0.00899625 0.00452947 -0.000279291 0.00368896 -0.0014033 1.96572e-05 -0.002573 0.013463 7.25949e-05 0.00267871 0.00931852 0.000384953 -0.000159676 -0.00250221 0.00121518 0.00545895 -8.14345e-05 -0.00521141 -0.00745629 -0.00167437 -0.00325825 -0.00209763 -0.000766155 0.000354789 -0.00073967 2.35199e-05 -0.000275422
internal_weight=26794 17017 675 154 77 521 115 406 16342 327 77 16015 296 76 220 9777 316 186 138 9461 172 104 793 289 259 504 155 132 15719 5992
internal_count=26794 17017 675 154 77 521 115 406 16342 327 77 16015 296 76 220 9777 316 186 138 9461 172 104 793 289 259 504 155 132 15719 5992
is_linear=0
shrinkage=0.05


Tree=279
num_leaves=28
num_cat=0
split_feature=6 4 6 2 4 0 0 0 4 0 0 4 6 0 6 2 4 2 0 0 6 6 6 2 4 0 0
split_gain=0.153068 0.149304 0.604772 1.11304 0.903484 0.613924 4.11769 0.776232 0.418889 0.333227 0.276749 0.499722 0.225108 0.409637 3.43216 1.97265 0.518603 0.407213 0.906006 0.392313 0.320006 0.313956 0.198562 0.832242 0.736544 0.184602 0.112344
threshold=18.500000000000004 7.5000000000000009 6.5000000000000009 1.5000000000000002 9.5000000000000018 3.5000000000000004 2.5000000000000004 4.5000000000000009 10.500000000000002 4.5000000000000009 5.5000000000000009 9.5000000000000018 3.5000000000000004 6.5000000000000009 8.5000000000000018 1.0000000180025095e-35 1.5000000000000002 1.0000000180025095e-35 1.0000000180025095e-35 1.0000000180025095e-35 2.5000000000000004 2.5000000000000004 6.5000000000000009 1.5000000000000002 6.5000000000000009 1.0000000180025095e-35 1.5000000000000002
decision_type=2 2 2 2 2 2 2 2 2 2 2 2 2 2 2 2 2 2 2 2 2 2 2 2 2 2 2
left_child=1 12 3 5 -4 6 -3 -7 25 -10 11 -5 17 22 16 -16 -15 19 -19 20 -1 -21 23 -14 -24 -6 -20
right_child=-2 2 4 10 8 7 -8 -9 9 -11 -12 -13 13 14 15 -17 -18 18 26 21 -22 -23 24 -25 -26 -27 -28
leaf_value=0.0040635861412045508 0.0023184993842118224 0.00090029557996823117 0.010267553338781 0.0039694428211078051 2.3101730507481923e-05 -0.0042234662251377647 0.017387691512703897 0.00071412162924389122 0.00089048179987794766 -0.00043369209843409145 -0.0036162500098726015 -0.0009957549013395765 -0.00011545735452981356 -0.0088894246281900745 0.0091850692205423228 -0.0077375876179967941 -0.019648587703704836 -0.0046367437284635868 0.006601498055949508 -0.0050047393588385537 -0.0019729412904859562 -0.0015118691264977976 -8.8791819930681901e-05 0.0014358957170660495 -0.0033531504098791632 -0.002345750501648669 0.0024194588087714064
leaf_weight=42 71 711 24 52 163 110 40 288 3134 560 96 1989 3767 24 51 26 21 38 42 109 46 157 13744 1122 175 166 26
leaf_count=42 71 711 24 52 163 110 40 288 3134 560 96 1989 3767 24 51 26 21 38 42 109 46 157 13744 1122 175 166 26
internal_value=-6.12056e-12 -6.16e-06 0.000186021 -0.000317895 0.00059518 0.000937079 0.00177845 -0.000650538 0.000537478 0.000689741 -0.000992656 -0.000869253 -7.88399e-05 -5.22828e-05 -0.00294021 0.00347093 -0.0139104 -0.00117172 0.00154691 -0.00198578 0.000908129 -0.00294316 -3.355e-05 0.00024057 -0.000129834 -0.00117212 0.00500248
internal_weight=26794 26723 7333 3286 4047 1149 751 398 4023 3694 2137 2041 19390 18930 122 77 45 460 106 354 88 266 18808 4889 13919 329 68
internal_count=26794 26723 7333 3286 4047 1149 751 398 4023 3694 2137 2041 19390 18930 122 77 45 460 106 354 88 266 18808 4889 13919 329 68
is_linear=0
shrinkage=0.05


Tree=280
num_leaves=31
num_cat=0
split_feature=7 7 4 7 0 1 7 7 4 0 0 4 0 7 4 7 7 7 7 1 7 0 7 1 7 7 7 0 7 1
split_gain=0.18429 1.59144 0.463552 0.789886 0.695695 0.440724 0.550863 1.35725 1.23637 0.375512 1.42605 0.341844 1.43717 2.41891 1.99569 2.06413 0.487299 0.448522 1.9241 2.62317 1.62785 2.73901 1.47503 1.16415 0.402801 0.296307 2.16768 4.03679 1.3592 1.30213
threshold=-0.74022945761680592 -0.71747073531150807 6.5000000000000009 -0.79875186085700978 4.5000000000000009 1.0000000180025095e-35 -1.1336300969123838 -1.0523489713668821 11.500000000000002 3.5000000000000004 5.5000000000000009 11.500000000000002 4.5000000000000009 -0.49313485622406 12.500000000000002 -0.093231756240129457 -0.11599046736955641 -0.51914480328559864 -0.49963735044002527 1.0000000180025095e-35 -0.55815973877906788 5.5000000000000009 -0.48663237690925593 1.0000000180025095e-35 -0.024955614469945427 -0.79875186085700978 -0.82151058316230763 5.5000000000000009 -0.86702802777290333 1.0000000180025095e-35
decision_type=2 2 2 2 2 2 2 2 2 2 2 2 2 2 2 2 2 2 2 2 2 2 2 2 2 2 2 2 2 2
left_child=2 9 25 5 -5 6 8 -8 -4 -2 -11 17 14 -14 15 -13 -16 20 19 -19 23 -22 -20 -3 -15 26 28 -28 -1 -30
right_child=1 11 3 4 -6 -7 7 -9 -10 10 -12 12 13 24 16 -17 -18 18 22 -21 21 -23 -24 -25 -26 -27 27 -29 29 -31
leaf_value=-0.00019183669980915658 0.006517138149295199 0.0013504283392808938 -0.013797124877572059 -0.0015555755041229229 -0.011126485061076647 0.0025693171257882503 0.0032876713846192052 -0.0023425433698484686 -0.0020066796236124763 -0.0068653704089228999 0.0050244906251494846 0.0020237887001234071 0.012490721453319897 -0.0076274187046816051 -0.0033682105636381244 0.01256181204268985 0.0012468280747903603 -0.00038176490867763394 -0.0045764281866805898 0.012937480574199821 0.0023051929546476116 -0.0066998161872135606 3.3674929883872102e-05 -0.0024687138282477373 -0.0021411762584887728 0.0020775788717113343 0.0069263244063283011 -0.015733138870513232 0.0022455052862163914 0.013110208420959467
leaf_weight=2658 95 660 25 39 37 83 168 295 201 32 119 109 22 81 83 81 184 81 175 68 127 252 20351 286 57 158 30 57 146 34
leaf_count=2658 95 660 25 39 37 83 168 295 201 32 119 109 22 81 83 81 184 81 175 68 127 252 20351 286 57 158 30 57 146 34
internal_value=-9.31537e-12 5.43734e-05 -0.00031624 -0.00135152 -0.0062151 -0.000872719 -0.00128736 -0.000299614 -0.00331093 0.00405427 0.00250478 1.08674e-05 0.00117161 -0.0029067 0.00259946 0.00651631 -0.000187809 -2.16861e-05 3.54665e-05 0.00569682 -0.000913482 -0.00368231 -5.62976e-06 0.000195804 -0.00536136 -3.148e-05 -0.000145405 -0.00791953 9.29136e-05 0.00429773
internal_weight=26794 22863 3931 848 76 772 689 463 226 246 151 22617 617 160 457 190 267 22000 20675 149 1325 379 20526 946 138 3083 2925 87 2838 180
internal_count=26794 22863 3931 848 76 772 689 463 226 246 151 22617 617 160 457 190 267 22000 20675 149 1325 379 20526 946 138 3083 2925 87 2838 180
is_linear=0
shrinkage=0.05


Tree=281
num_leaves=31
num_cat=0
split_feature=7 7 4 7 0 1 7 7 4 0 0 4 4 7 4 7 0 0 1 7 4 7 0 0 7 7 7 7 0 7
split_gain=0.166321 1.43628 0.418356 0.712872 0.627865 0.397754 0.497154 1.22492 1.11582 0.3389 1.28701 0.316693 0.853059 1.48943 1.03578 0.788108 2.12054 3.51599 2.24996 0.94089 2.83931 1.878 0.541018 4.07117 1.71418 0.275335 0.267417 1.95633 3.6432 1.22668
threshold=-0.74022945761680592 -0.71747073531150807 6.5000000000000009 -0.79875186085700978 4.5000000000000009 1.0000000180025095e-35 -1.1336300969123838 -1.0523489713668821 11.500000000000002 3.5000000000000004 5.5000000000000009 7.5000000000000009 9.5000000000000018 1.1194825172424319 8.5000000000000018 1.7697314620018008 5.5000000000000009 2.5000000000000004 1.0000000180025095e-35 1.5161343812942507 6.5000000000000009 1.0934725999832156 3.5000000000000004 2.5000000000000004 -0.49313485622406 -1.07510769367218 -0.79875186085700978 -0.82151058316230763 5.5000000000000009 -0.86702802777290333
decision_type=2 2 2 2 2 2 2 2 2 2 2 2 2 2 2 2 2 2 2 2 2 2 2 2 2 2 2 2 2 2
left_child=2 9 26 5 -5 6 8 -8 -4 -2 -11 15 13 14 -13 19 17 -17 -18 21 -21 -3 23 -14 -24 -7 27 29 -29 -1
right_child=1 11 3 4 -6 25 7 -9 -10 10 -12 12 22 -15 -16 16 18 -19 -20 20 -22 -23 24 -25 -26 -27 -28 28 -30 -31
leaf_value=-0.00018224491358885683 0.0061912814179729478 9.0935078228712912e-06 -0.013107268810272216 -0.0014777967458566984 -0.010570160733737254 0.0051520871887491514 0.003123287822581049 -0.0022254161717137322 -0.0019063456572443989 -0.006522101777227363 0.0047732661264956377 0.0054343594173323134 0.00027215143948795774 0.016417951873015792 -0.0041379415811124169 -0.0022330296245779944 -0.0015960705146860722 -0.017869274309132158 0.013509607783112771 0.00090989164574598275 0.014012747531135877 -0.002456889275730218 0.011791104167699814 0.016483299071208025 -0.0015352809488852523 -0.00061797903528293743 0.0019736999044595643 0.0065800080588087444 -0.014946481966405391 0.0040828407036396031
leaf_weight=2658 95 14340 25 39 37 44 168 295 201 32 119 79 5566 21 44 292 67 41 39 509 45 816 25 39 694 39 158 30 57 180
leaf_count=2658 95 14340 25 39 37 44 168 295 201 32 119 79 5566 21 44 292 67 41 39 509 45 816 25 39 694 39 158 30 57 180
internal_value=-5.79162e-12 5.16547e-05 -0.000300428 -0.00128394 -0.00590434 -0.000829083 -0.00122299 -0.000284634 -0.00314539 0.00385156 0.00237955 1.0324e-05 0.000305961 0.00411126 0.00201012 -0.000108085 -0.0021976 -0.00415821 0.00396168 -4.96952e-05 0.0019742 -0.000123675 0.000219313 0.00038495 -0.00107192 0.00244085 -2.9906e-05 -0.000138135 -0.00752355 8.82679e-05
internal_weight=26794 22863 3931 848 76 772 689 463 226 246 151 22617 6468 144 123 16149 439 333 106 15710 554 15156 6324 5605 719 83 3083 2925 87 2838
internal_count=26794 22863 3931 848 76 772 689 463 226 246 151 22617 6468 144 123 16149 439 333 106 15710 554 15156 6324 5605 719 83 3083 2925 87 2838
is_linear=0
shrinkage=0.05


Tree=282
num_leaves=31
num_cat=0
split_feature=5 4 5 4 4 0 5 5 0 2 5 5 2 0 5 5 4 4 4 0 2 5 5 2 4 4 0 4 2 4
split_gain=0.186835 0.786018 0.871147 3.11858 1.16583 1.1931 0.906456 0.95153 0.939846 0.61834 0.448434 0.723364 1.20569 1.20764 1.57247 1.01142 0.97319 0.498549 2.20293 1.52369 1.00868 0.487958 1.04251 0.935549 0.757672 0.52882 0.483367 0.450047 0.519432 2.90695
threshold=30.500000000000004 8.5000000000000018 11.500000000000002 4.5000000000000009 3.5000000000000004 6.5000000000000009 8.5000000000000018 9.5000000000000018 4.5000000000000009 1.5000000000000002 37.500000000000007 33.500000000000007 1.0000000180025095e-35 5.5000000000000009 34.500000000000007 36.500000000000007 1.0000000180025095e-35 1.0000000180025095e-35 1.5000000000000002 5.5000000000000009 1.5000000000000002 40.500000000000007 42.500000000000007 1.5000000000000002 8.5000000000000018 10.500000000000002 3.5000000000000004 11.500000000000002 1.0000000180025095e-35 8.5000000000000018
decision_type=2 2 2 2 2 2 2 2 2 2 2 2 2 2 2 2 2 2 2 2 2 2 2 2 2 2 2 2 2 2
left_child=1 2 6 4 5 -4 8 -8 -1 -10 11 17 15 16 -15 26 -14 19 -19 -2 -21 27 23 24 -23 -25 -13 28 29 -12
right_child=10 -3 3 -5 -6 -7 7 -9 9 -11 21 12 13 14 -16 -17 -18 18 -20 20 -22 22 -24 25 -26 -27 -28 -29 -30 -31
leaf_value=-0.00411439425630593 -0.0084157923668407002 -0.0022178664318807189 -0.0007642170939340452 -0.016882044549233147 0.0072604632548733082 0.011327912662887858 0.015330656360870658 0.0033637485608620492 -0.0013290161799107279 0.008175816708667712 -0.0096656349001109226 0.0042617689966855032 -0.0039495050695069461 0.0096373997751952115 0.0012718731649551576 0.0095862451887712419 0.0006651760543031301 0.015608275454977286 -1.4145338978359546e-06 0.0069346436542797501 -0.0024104926618747414 0.0034301482322687087 -7.4093080307822631e-05 -0.0017178555408776967 -0.00044484804614366579 0.0010108690030825047 -0.00074415996404630794 0.0019424823637646941 -0.00076392047004941125 0.0029471497874593213
leaf_weight=57 69 477 713 28 53 21 26 46 28 44 95 155 178 68 323 70 319 23 1307 44 84 570 19380 267 162 530 70 132 1367 88
leaf_count=57 69 477 713 28 53 21 26 46 28 44 95 155 178 68 323 70 319 23 1307 44 84 570 19380 267 162 530 70 132 1367 88
internal_value=-1.73539e-12 -0.000543525 0.000242558 -0.000484532 9.88614e-05 -0.000418257 0.00319071 0.00768513 0.000682194 0.00447949 3.20732e-05 0.000639835 0.00156793 0.000647903 0.00272675 0.00433736 -0.000987567 -7.91783e-05 0.000268527 -0.00242663 0.000801898 -4.08335e-05 2.50748e-05 0.00128202 0.00257257 9.67292e-05 0.00270437 -0.000860141 -0.00109882 -0.00360047
internal_weight=26794 1493 1016 815 787 734 201 72 129 72 25301 2710 1183 888 391 295 497 1527 1330 197 128 22591 20909 1529 732 797 225 1682 1550 183
internal_count=26794 1493 1016 815 787 734 201 72 129 72 25301 2710 1183 888 391 295 497 1527 1330 197 128 22591 20909 1529 732 797 225 1682 1550 183
is_linear=0
shrinkage=0.05


Tree=283
num_leaves=31
num_cat=0
split_feature=7 7 4 0 7 4 0 7 0 7 7 1 0 1 0 1 7 7 7 7 1 4 7 0 7 4 1 0 0 7
split_gain=0.16897 2.05116 7.4831 12.935 3.9407 2.6698 2.14664 1.70429 4.40924 1.16176 3.56521 5.65727 1.70149 3.11144 2.90461 2.54573 4.3737 4.24076 1.22642 0.791074 0.522435 0.442713 0.376107 3.65828 7.08646 3.99634 2.79436 2.61133 2.02442 0.741562
threshold=-0.3143163919448852 -0.32407012581825251 1.0000000180025095e-35 1.0000000180025095e-35 -0.32081888616085047 7.5000000000000009 5.5000000000000009 -0.30456265807151789 5.5000000000000009 -0.36958755552768702 -0.37609004974365229 1.0000000180025095e-35 5.5000000000000009 1.0000000180025095e-35 3.5000000000000004 1.0000000180025095e-35 -0.35983382165431971 -0.35983382165431971 -0.38259252905845637 -0.30781391263008112 1.0000000180025095e-35 4.5000000000000009 -0.28180395066738123 1.0000000180025095e-35 -0.2883064448833465 10.500000000000002 1.0000000180025095e-35 5.5000000000000009 3.5000000000000004 -0.26554772257804865
decision_type=2 2 2 2 2 2 2 2 2 2 2 2 2 2 2 2 2 2 2 2 2 2 2 2 2 2 2 2 2 2
left_child=1 9 3 -3 -4 -6 -5 8 -2 10 18 -12 13 14 -11 16 -14 -17 20 -10 -1 -15 23 25 27 26 -9 -25 -26 -24
right_child=7 2 4 6 5 -7 -8 22 19 12 11 -13 15 21 -16 17 -18 -19 -20 -21 -22 -23 29 24 28 -27 -28 -29 -30 -31
leaf_value=-0.00037542235628650424 0.0010510542249233513 -0.041010102674816598 0.011314123225255081 0.0081669546663761146 -0.010091302510869656 0.0011427059405832551 -0.0096074494671038527 0.020243250655058106 0.010903092658218858 0.00010360277546252211 -0.029321077769553224 -0.0006027970299560657 0.011976831150809076 0.012745523250297361 0.015874811102237023 -0.019967863569036126 -0.0051737503156747315 -0.00017487078418083695 0.0070638720272108912 0.023237173932676131 0.00045342665978076295 0.022917061327025298 0.0020370630941041255 -0.0072155100499214824 -0.0039927540625241112 -0.00056573336452014195 0.0045897930904449718 0.0031725772019640056 -0.017093923944713815 3.0627894093132698e-05
leaf_weight=5918 247 33 65 26 79 160 49 39 26 176 27 47 82 23 35 36 68 109 60 26 2801 20 475 86 41 531 106 204 105 15094
leaf_count=5918 247 33 65 26 79 160 49 39 26 176 27 47 82 23 35 36 68 109 60 26 2801 20 475 86 41 531 106 204 105 15094
internal_value=-8.2849e-12 -0.000165159 -0.00361825 -0.0149237 0.000398152 -0.00257063 -0.00344566 9.54574e-05 0.00383698 -1.38426e-05 -0.00015225 -0.0110811 0.00221807 0.00521788 0.00271968 -0.00036481 0.0042019 -0.00508899 -6.01286e-05 0.0170701 -0.000109153 0.0174765 2.83922e-05 -0.000859975 -0.00443095 0.0014432 0.00880003 9.1972e-05 -0.0134148 9.18429e-05
internal_weight=26794 9814 412 108 304 239 75 16980 299 9402 8853 74 549 254 211 295 150 145 8779 52 8719 43 16681 1112 436 676 145 290 146 15569
internal_count=26794 9814 412 108 304 239 75 16980 299 9402 8853 74 549 254 211 295 150 145 8779 52 8719 43 16681 1112 436 676 145 290 146 15569
is_linear=0
shrinkage=0.05


Tree=284
num_leaves=31
num_cat=0
split_feature=4 4 0 2 4 0 4 2 4 2 0 0 1 0 2 0 0 2 0 2 2 2 4 2 0 1 2 0 0 0
split_gain=0.142724 0.788497 1.20094 1.19046 0.765709 0.929731 0.716912 1.63479 2.07258 0.637672 2.27215 3.77789 0.530518 0.72264 10.183 0.53178 1.89129 0.7608 0.451284 1.00049 0.435134 0.343541 0.96291 0.686878 0.260541 0.144194 0.141223 3.39556 2.19613 0.471136
threshold=1.0000000180025095e-35 1.5000000000000002 3.5000000000000004 1.0000000180025095e-35 2.5000000000000004 3.5000000000000004 4.5000000000000009 1.0000000180025095e-35 3.5000000000000004 1.0000000180025095e-35 5.5000000000000009 1.0000000180025095e-35 1.0000000180025095e-35 1.0000000180025095e-35 1.5000000000000002 1.5000000000000002 4.5000000000000009 1.5000000000000002 1.5000000000000002 1.5000000000000002 1.5000000000000002 1.5000000000000002 10.500000000000002 1.0000000180025095e-35 1.0000000180025095e-35 1.0000000180025095e-35 1.5000000000000002 1.0000000180025095e-35 4.5000000000000009 1.0000000180025095e-35
decision_type=2 2 2 2 2 2 2 2 2 2 2 2 2 2 2 2 2 2 2 2 2 2 2 2 2 2 2 2 2 2
left_child=9 2 18 -4 5 24 7 8 -6 10 11 25 13 14 -11 17 -17 -15 20 -20 -2 23 -23 -8 -3 -1 29 -28 -29 -14
right_child=1 4 3 -5 6 -7 21 -9 -10 12 -12 -13 26 15 -16 16 -18 -19 19 -21 -22 22 -24 -25 -26 -27 27 28 -30 -31
leaf_value=-0.0068380926660860757 0.0010223222501753342 -0.0022827278890648903 0.0033449559693259226 0.013938892776654525 -0.002412912308417601 0.00043160589021300119 2.2951567838212639e-05 0.0088271257314389874 0.0089356513988261797 0.00010006290052414819 -0.010535205229282824 0.0080235707785727261 -0.0012217720593901871 0.00095061020483928969 -0.022509041716429323 -0.0039168737241262394 -0.00014127154392919774 -0.0025856881712559912 0.00032068507839889769 -0.0095486347840051181 0.0073242773519208038 -0.0015129276501313943 4.841244428425815e-05 0.0011757809903412406 -0.0063503960147500045 -0.0036857777094305719 0.0075082696296698507 -0.0060199740746031535 0.00060788957593426601 0.00059761060134286043
leaf_weight=56 315 61 135 33 167 155 8193 76 53 527 67 90 485 1444 55 367 3447 170 130 32 30 1247 4745 1534 111 103 167 138 1325 1336
leaf_count=56 315 61 135 33 167 155 8193 76 53 527 67 90 485 1444 55 367 3447 170 130 32 30 1247 4745 1534 111 103 167 138 1325 1336
internal_value=5.3092e-12 8.74705e-05 0.00176214 0.00542591 1.82988e-05 -0.00237689 6.72046e-05 0.00250505 0.00032106 -0.000152244 -0.00236173 -0.000162437 -7.84462e-05 -0.000362164 -0.00203654 -0.000182635 -0.000504577 0.000578138 0.000548112 -0.00162881 0.00157032 2.12982e-05 -0.000276519 0.000204759 -0.00490779 -0.00479603 0.000415655 0.000753729 -1.72951e-05 0.000113041
internal_weight=26794 17017 675 168 16342 327 16015 296 220 9777 316 249 9461 6010 582 5428 3814 1614 507 162 345 15719 5992 9727 172 159 3451 1630 1463 1821
internal_count=26794 17017 675 168 16342 327 16015 296 220 9777 316 249 9461 6010 582 5428 3814 1614 507 162 345 15719 5992 9727 172 159 3451 1630 1463 1821
is_linear=0
shrinkage=0.05


Tree=285
num_leaves=31
num_cat=0
split_feature=6 3 4 7 7 6 4 6 4 7 7 6 4 7 4 7 7 3 4 4 7 6 4 6 7 7 3 3 7 7
split_gain=0.163654 0.451631 0.825489 2.13795 2.00718 2.37379 0.803428 0.61034 0.483692 1.02775 1.48941 1.09693 0.312066 1.71458 0.618619 0.155742 2.16202 2.35885 4.4292 4.15176 5.17679 2.94566 2.36432 0.824416 0.861705 3.00277 1.65478 0.741178 0.594923 0.584887
threshold=4.5000000000000009 1.0000000180025095e-35 2.5000000000000004 0.36194251477718359 -0.3858437836170196 3.5000000000000004 1.0000000180025095e-35 1.5000000000000002 3.5000000000000004 -0.94505789875984181 -0.83776679635047901 2.5000000000000004 8.5000000000000018 -0.64269211888313282 9.5000000000000018 0.41071118414402014 0.50174602866172802 1.0000000180025095e-35 11.500000000000002 4.5000000000000009 1.0934725999832156 5.5000000000000009 5.5000000000000009 11.500000000000002 0.48874105513095861 0.47248482704162603 1.0000000180025095e-35 2.5000000000000004 -0.054216818884015076 -0.2525427490472793
decision_type=2 2 2 2 2 2 2 2 2 2 2 2 2 2 2 2 2 2 2 2 2 2 2 2 2 2 2 2 2 2
left_child=1 6 3 4 5 -3 -1 -4 9 11 -11 -8 13 -10 -14 27 23 19 21 20 -18 -19 -21 24 25 -17 -26 29 -29 -2
right_child=15 2 7 -5 -6 -7 8 -9 12 10 -12 -13 14 -15 -16 16 17 18 -20 22 -22 -23 -24 -25 26 -27 -28 28 -30 -31
leaf_value=-0.0079171011876314878 -0.00012969060355192373 -0.0086332590820697632 0.0036761586065404122 -0.0090923221781849858 0.017965356376953425 0.012732533916222075 0.0048568365287868995 -0.0073931839190084824 -0.0033353060852335417 -0.012474951064047803 -0.0022524095039401066 -0.0018441707277071407 -0.0090064992476254699 0.0065198018040973698 0.00017638344273426281 -0.0043715554751395892 0.00052527978353632189 -0.0064160277239722818 0.014254573968296148 -0.010108990908846399 0.010823161237387231 -0.00054282725614416736 0.00056014829931723669 0.004494929289729852 -0.010810249192551018 0.0052125149460348396 -0.0013513342679508933 0.0018831534252447973 0.01091889132383383 0.00046999361589576422
leaf_weight=40 11279 26 20 23 32 26 95 33 79 42 235 171 20 100 221 346 260 226 49 53 230 3856 2563 36 94 107 91 56 27 6358
leaf_count=40 11279 26 20 23 32 26 95 33 79 42 235 171 20 100 221 346 260 226 49 53 230 3856 2563 36 94 107 91 56 27 6358
internal_value=-1.21157e-11 -0.000580106 0.00188686 0.00441448 0.00811277 0.00204964 -0.000973639 -0.00321607 -0.00068523 -0.00167075 -0.0038024 0.000549046 0.000588909 0.00217034 -0.000585682 2.63221e-05 -0.00015814 9.41127e-05 -0.00068862 0.00113515 0.00535898 -0.000867997 0.000343992 -0.00286667 -0.00328206 -0.00210777 -0.00615749 0.000108674 0.00482249 8.64908e-05
internal_weight=26794 1163 160 107 84 52 1003 53 963 543 277 266 420 179 241 25631 7911 7237 4131 3106 490 4082 2616 674 638 453 185 17720 83 17637
internal_count=26794 1163 160 107 84 52 1003 53 963 543 277 266 420 179 241 25631 7911 7237 4131 3106 490 4082 2616 674 638 453 185 17720 83 17637
is_linear=0
shrinkage=0.05


Tree=286
num_leaves=31
num_cat=0
split_feature=6 0 7 7 0 7 7 7 0 6 6 0 7 0 0 6 7 7 7 7 7 7 7 6 4 0 6 0 0 7
split_gain=0.147697 0.501912 0.457202 1.10261 0.802267 2.90346 2.02979 0.616038 0.562529 0.542078 1.55571 1.09239 0.511541 0.355643 0.232192 2.29866 1.46662 2.41713 1.30201 0.174153 1.17726 2.33831 1.90096 1.72469 2.18577 1.74973 0.741046 3.70768 2.41171 1.24915
threshold=4.5000000000000009 6.5000000000000009 -1.1856499910354612 -0.99057531356811512 4.5000000000000009 -0.05096557363867759 -0.05096557363867759 -1.4928926229476926 1.0000000180025095e-35 2.5000000000000004 1.5000000000000002 1.5000000000000002 -1.6261937022209165 1.5000000000000002 6.5000000000000009 8.5000000000000018 -0.35983382165431971 0.65130329132080089 -0.054216818884015076 1.4543607831001284 1.0934725999832156 1.0902213454246523 1.0642113685607912 6.5000000000000009 8.5000000000000018 5.5000000000000009 8.5000000000000018 4.5000000000000009 1.0000000180025095e-35 1.5779080390930178
decision_type=2 2 2 2 2 2 2 2 2 2 2 2 2 2 2 2 2 2 2 2 2 2 2 2 2 2 2 2 2 2
left_child=1 2 7 9 6 -6 -5 8 -1 10 -4 -11 -10 -9 19 18 -17 -18 -16 20 21 22 -2 25 -25 -22 29 28 -28 -21
right_child=14 -3 3 4 5 -7 -8 13 12 11 -12 -13 -14 -15 15 16 17 -19 -20 26 23 -23 -24 24 -26 -27 27 -29 -30 -31
leaf_value=-0.0063687382764848217 4.630890109740766e-05 0.0067616787691013487 -0.00090529749480386585 -0.0043652622936866609 0.0063542872075534737 -0.014480688637722778 0.00098811839267271538 -0.001916236954888231 -0.00040341415010663057 -0.0067442093550673004 0.01791765591048676 0.0078472335758651129 0.0087927450018469248 -0.0080981505600114662 -0.0022627558559179307 -0.008215008974075318 0.017745887526664242 -0.0024976577082027993 -0.017378772968160257 0.0041811872181701073 -0.0085852458633810889 0.0071433005661799987 -0.010477176743971054 -0.0018720371444554381 0.0052792914148169362 0.0016318113478864063 0.0056086821192636712 0.016015900775443678 -0.00094158057820265526 -0.00037268257352280764
leaf_weight=28 21356 23 21 325 102 20 389 38 62 23 23 29 20 60 29 20 29 30 28 162 151 116 43 600 130 58 195 43 503 2138
leaf_count=28 21356 23 21 325 102 20 389 38 62 23 23 29 20 60 29 20 29 30 28 162 151 116 43 600 130 58 195 43 503 2138
internal_value=-3.40721e-12 -0.0005511 -0.000698639 -0.000225602 -0.000808384 0.00293872 -0.00144864 -0.00281821 -0.000249831 0.00484946 0.00893397 0.00139333 0.00183955 -0.00570108 2.5006e-05 -0.00203548 0.00348609 0.00745256 -0.00968817 3.59974e-05 -1.20943e-05 6.35407e-05 2.51626e-05 -0.00174509 -0.000598513 -0.00574989 0.000391095 0.00176621 0.000888364 -5.19317e-05
internal_weight=26794 1163 1140 932 836 122 714 208 110 96 44 52 82 98 25631 136 79 59 57 25495 22454 21515 21399 939 730 209 3041 741 698 2300
internal_count=26794 1163 1140 932 836 122 714 208 110 96 44 52 82 98 25631 136 79 59 57 25495 22454 21515 21399 939 730 209 3041 741 698 2300
is_linear=0
shrinkage=0.05


Tree=287
num_leaves=31
num_cat=0
split_feature=5 3 4 4 4 5 4 5 5 5 5 5 2 3 4 3 5 3 4 5 5 2 2 5 2 4 2 4 2 5
split_gain=0.177889 1.03232 3.21796 0.973842 0.841026 1.2009 1.43283 0.95962 0.430101 0.513258 0.426446 0.696454 1.11135 1.04901 0.656073 0.524165 0.439568 0.931527 0.59411 0.472416 0.553614 0.83331 0.420126 0.416419 0.394805 0.407186 0.357412 0.342155 1.75981 0.875481
threshold=29.500000000000004 1.0000000180025095e-35 1.0000000180025095e-35 2.5000000000000004 8.5000000000000018 24.500000000000004 1.5000000000000002 11.500000000000002 26.500000000000004 20.500000000000004 37.500000000000007 33.500000000000007 1.0000000180025095e-35 1.5000000000000002 1.5000000000000002 1.5000000000000002 39.500000000000007 1.0000000180025095e-35 11.500000000000002 42.500000000000007 40.500000000000007 1.5000000000000002 1.0000000180025095e-35 11.500000000000002 1.5000000000000002 8.5000000000000018 1.5000000000000002 2.5000000000000004 1.0000000180025095e-35 64.500000000000014
decision_type=2 2 2 2 2 2 2 2 2 2 2 2 2 2 2 2 2 2 2 2 2 2 2 2 2 2 2 2 2 2
left_child=1 2 -1 8 5 7 -7 -4 9 -3 11 15 13 14 -13 -2 17 24 -19 20 22 -22 -18 -5 25 -12 -17 28 -21 -29
right_child=10 3 4 23 -6 6 -8 -9 -10 -11 16 12 -14 -15 -16 26 19 18 -20 27 21 -23 -24 -25 -26 -27 -28 29 -30 -31
leaf_value=-0.014327298066663472 -0.00022844205051469332 0.0032735377229196395 0.0025029265360185212 0.0033300210023298861 -0.0024770722664313942 0.0086371365380960765 -0.00075288373018338466 -0.0018427819164159396 0.00028802232107129664 0.011183915262960871 -0.0013559016405107005 0.011168271408249171 0.00065079017153497724 -0.0048371016401155247 0.0041481977680724704 0.0011948113640149437 -0.003517729258308783 -0.0030741569516494088 0.0021675674679887589 -0.0034109078983061338 0.0024459458156959588 0.0001093029332722022 2.2476288269261844e-05 -0.0058132409111060429 0.0031661525736317825 0.0026551478805994597 0.009120587177574635 0.00036978946081896901 -0.00014858746323626924 -0.00057269584590317782
leaf_weight=44 1583 37 177 20 383 86 77 450 26 46 232 39 888 29 227 33 97 475 61 439 732 797 616 33 114 87 25 8364 7084 3493
leaf_count=44 1583 37 177 20 383 86 77 450 26 46 232 39 888 29 227 33 97 475 61 439 732 797 616 33 114 87 25 8364 7084 3493
internal_value=-5.51498e-12 -0.000553081 -0.0010522 0.0031965 -0.000554246 0.000377959 0.00420136 -0.000616003 0.00589972 0.0076576 3.00098e-05 0.000609295 0.00153409 0.00419297 0.00517746 -5.7392e-05 -4.24041e-05 -0.00108424 -0.00247762 4.2865e-06 0.000691424 0.00122796 -0.000459151 -0.00236295 0.000640578 -0.000261979 0.00461109 -7.52059e-05 -0.000338958 9.2139e-05
internal_weight=26794 1379 1217 162 1173 790 163 627 109 83 25415 2824 1183 295 266 1641 22591 969 536 21622 2242 1529 713 53 433 319 58 19380 7523 11857
internal_count=26794 1379 1217 162 1173 790 163 627 109 83 25415 2824 1183 295 266 1641 22591 969 536 21622 2242 1529 713 53 433 319 58 19380 7523 11857
is_linear=0
shrinkage=0.05


Tree=288
num_leaves=26
num_cat=0
split_feature=6 7 7 6 0 4 7 0 0 7 6 7 0 0 7 0 7 4 7 7 6 0 0 6 7
split_gain=0.140531 0.137186 2.02816 2.08553 1.46052 2.14898 1.29013 2.76133 3.61429 2.10777 1.99392 1.08261 1.17102 1.18624 1.12087 5.50608 0.968827 1.87797 0.932664 0.558424 9.23205 0.640165 0.487044 0.373404 0.197177
threshold=18.500000000000004 -0.2525427490472793 -0.26554772257804865 6.5000000000000009 5.5000000000000009 10.500000000000002 -0.22653279453516004 3.5000000000000004 5.5000000000000009 -0.22003030031919477 7.5000000000000009 -0.27530145645141596 1.0000000180025095e-35 3.5000000000000004 -0.2883064448833465 1.0000000180025095e-35 -0.22978403419256208 2.5000000000000004 -0.3143163919448852 -0.21352781355381009 7.5000000000000009 1.0000000180025095e-35 5.5000000000000009 6.5000000000000009 -0.27205021679401392
decision_type=2 2 2 2 2 2 2 2 2 2 2 2 2 2 2 2 2 2 2 2 2 2 2 2 2
left_child=1 2 11 22 5 -5 7 16 -9 23 -10 14 24 -14 18 -16 17 -3 -1 20 -11 -21 -4 -8 -13
right_child=-2 6 3 4 -6 -7 9 8 10 19 -12 12 13 -15 15 -17 -18 -19 -20 21 -22 -23 -24 -25 -26
leaf_value=-0.00015151038863279491 0.002221525208631032 -0.013366569521252154 -0.01882769455667585 -0.0087479494681412528 0.006589791225269437 0.0027964642641189344 -0.015202092956751585 0.021525060213025429 0.0015193810521498623 -0.0090054924390278769 0.013281189015304501 0.0022672259010547819 0.015077932638426623 0.00386129979782378 0.0025835901459418786 -0.0076536519155474608 0.0045352588029345499 0.00042222329367209098 0.0013844834368465573 -0.0004393806441774996 0.011935927223224762 0.00026580232056142147 -0.0093832751432823581 -0.0066377938964537215 -0.0019498325729121763
leaf_weight=9811 71 43 20 99 40 68 20 32 199 95 44 43 30 110 272 254 32 58 1099 4979 118 9101 43 35 78
leaf_count=9811 71 43 20 99 40 68 20 32 199 95 44 43 30 110 272 254 32 58 1099 4979 118 9101 43 35 78
internal_value=-6.72342e-12 -5.90235e-06 -0.0001317 -0.00441604 -0.00199177 -0.00404723 9.61188e-05 0.00286859 0.0057292 1.72807e-05 0.00364909 -3.28056e-05 0.00315128 0.00626486 -0.000105475 -0.00235987 -0.0030462 -0.00544825 3.2153e-06 5.48736e-05 0.00259586 1.6434e-05 -0.0123815 -0.00975208 -0.000451208
internal_weight=26794 26723 11967 270 207 167 14756 408 275 14348 243 11697 261 140 11436 526 133 101 10910 14293 213 14080 63 55 121
internal_count=26794 26723 11967 270 207 167 14756 408 275 14348 243 11697 261 140 11436 526 133 101 10910 14293 213 14080 63 55 121
is_linear=0
shrinkage=0.05


Tree=289
num_leaves=29
num_cat=0
split_feature=6 7 7 7 6 6 4 6 6 2 7 2 4 6 4 2 7 6 7 7 4 4 4 7 6 7 4 6
split_gain=0.12683 0.129104 0.84629 1.73133 1.32752 1.10726 1.02649 1.00353 0.960475 0.792538 0.60259 2.81212 1.83038 1.99661 0.923237 1.5862 0.486551 2.67753 0.668238 0.594042 2.19154 1.05629 0.520314 0.479778 1.2703 0.816506 0.469545 0.351098
threshold=18.500000000000004 -0.78574690222740162 -0.67195332050323475 -0.65569707751274098 3.5000000000000004 7.5000000000000009 1.5000000000000002 6.5000000000000009 11.500000000000002 1.0000000180025095e-35 -0.82151058316230763 1.5000000000000002 2.5000000000000004 7.5000000000000009 6.5000000000000009 1.0000000180025095e-35 -0.86702802777290333 7.5000000000000009 -0.83776679635047901 -0.92555043101310719 1.5000000000000002 1.5000000000000002 4.5000000000000009 -0.63293838500976551 6.5000000000000009 -0.60042592883110035 10.500000000000002 5.5000000000000009
decision_type=2 2 2 2 2 2 2 2 2 2 2 2 2 2 2 2 2 2 2 2 2 2 2 2 2 2 2 2
left_child=1 10 4 5 -3 -4 9 -8 -7 -6 16 14 13 -13 27 -16 19 22 -19 21 -21 -1 -18 24 -5 -25 -14 -12
right_child=-2 2 3 23 6 8 7 -9 -10 -11 11 12 26 -15 15 -17 17 18 -20 20 -22 -23 -24 25 -26 -27 -28 -29
leaf_value=0.0022522425841529285 0.0021104489728598526 -0.0072433406646412457 0.0015085193039849401 -0.0017929730549841733 0.013625199160014746 -0.017269892307619255 0.0064016352883878762 -0.002045544587025818 -0.0042709527744187251 0.0034057712265376135 0.0020437591980832321 -0.022089960353503774 0.0046974271978251639 -0.0045449808878343439 -0.012630108353637516 0.0055483874773407096 0.0013791953711662181 0.0074457896094576557 0.01915727181448823 -0.01096176026404788 0.00084047976341611568 -0.00047446185371690091 -0.0038579235012487821 -0.0032018683826218058 0.0072316035215707524 2.3465682119977018e-05 -0.0047674686021453366 0.0096582932460189952
leaf_weight=409 71 38 25 77 20 30 44 175 27 369 24 34 20 31 21 28 129 29 21 59 118 2699 75 198 79 21865 38 41
leaf_count=409 71 38 25 77 20 30 44 175 27 369 24 34 20 31 21 28 129 29 21 59 118 2699 75 198 79 21865 38 41
internal_value=2.29209e-12 -5.60722e-06 3.89739e-05 -1.27059e-05 0.00182305 -0.00726463 0.0023897 -0.000348394 -0.0111125 0.00393119 -0.00027653 -0.00271732 -0.00796072 -0.0137224 0.00294002 -0.0022424 -0.000113074 0.00199529 0.0123646 -0.000276095 -0.0030936 -0.000115639 -0.000546216 1.40576e-05 0.00277717 -5.47944e-06 -0.00150371 0.00684677
internal_weight=26794 26723 22947 22301 646 82 608 219 57 389 3776 237 123 65 114 49 3539 254 50 3285 177 3108 204 22219 156 22063 58 65
internal_count=26794 26723 22947 22301 646 82 608 219 57 389 3776 237 123 65 114 49 3539 254 50 3285 177 3108 204 22219 156 22063 58 65
is_linear=0
shrinkage=0.05


Tree=290
num_leaves=31
num_cat=0
split_feature=4 7 7 0 1 7 0 7 7 7 7 0 7 7 7 7 0 7 0 7 7 7 0 7 7 7 0 7 7 7
split_gain=0.134503 0.913983 7.84761 9.90984 9.01061 6.15761 4.36725 4.1956 8.18862 23.3084 8.21112 7.25055 3.53702 2.94195 9.53071 2.40692 2.33883 1.89493 1.78754 1.54402 1.49465 1.40846 2.20953 1.40526 1.31652 1.23154 1.19571 0.703761 3.26943 2.17703
threshold=1.0000000180025095e-35 -0.0607193075120449 0.040069280192255981 4.5000000000000009 1.0000000180025095e-35 0.46598234772682195 3.5000000000000004 -0.17451287060976026 -0.33057262003421778 -0.32081888616085047 -0.4216074794530868 1.0000000180025095e-35 -0.099734243005514131 0.10184292867779733 0.30992259085178381 -0.093231756240129457 1.0000000180025095e-35 -0.044463083148002618 5.5000000000000009 -0.89628919959068287 -0.15500540286302564 -0.0086993912700563652 5.5000000000000009 -0.12899544835090634 -0.99057531356811512 -0.054216818884015076 5.5000000000000009 -0.080226775258779512 -0.063970554620027528 -0.26229648292064661
decision_type=2 2 2 2 2 2 2 2 2 2 2 2 2 2 2 2 2 2 2 2 2 2 2 2 2 2 2 2 2 2
left_child=1 6 17 13 26 -6 7 8 10 -10 -1 20 -13 16 -15 19 -4 18 -3 24 -9 22 -19 -21 -8 -20 -5 29 -29 -2
right_child=27 2 3 4 5 -7 15 11 9 -11 -12 12 -14 14 -16 -17 -18 21 25 23 -22 -23 -24 -25 -26 -27 -28 28 -30 -31
leaf_value=0.0022776940767332342 7.7203929011795063e-05 -0.026108750615268947 -0.0048692734052355477 0.0081471826562740136 0.027790431504035953 0.0077682990347966554 5.3252466022968294e-05 -0.019195635550256288 -0.039293786528997308 -0.00014731953134280382 0.017242677736916862 0.013111070409108125 -0.0059889752693750246 -0.012063312838419785 -0.00090647345006926959 0.011166998813330959 0.0096079312013082063 0.013077363185584546 -0.0001143631711602211 -0.00034880910170222222 -0.0023227186660681452 -0.008397477633423276 -0.0064045274738482264 -0.0052131715997615286 -0.016508009497608458 -0.016028491888315448 0.00097154463000328139 0.0096272016846035667 0.00029990860523214504 -0.0022780161130832497
leaf_weight=399 7280 25 39 68 64 96 21 21 41 524 119 237 27 214 1814 44 98 22 20 5017 35 180 43 153 28 31 397 95 8508 1134
leaf_count=399 7280 25 39 68 64 96 21 21 41 524 119 237 27 214 1814 44 98 22 20 5017 35 180 43 153 28 31 397 95 8508 1134
internal_value=-1.54009e-12 -0.000147794 -0.000855445 -3.64166e-06 0.00554249 0.0157772 0.000182464 0.00266119 0.00117492 -0.00298804 0.0057156 0.00769131 0.0111577 -0.00160472 -0.00208377 -0.000478311 0.00548668 -0.00825897 -0.0151564 -0.000576489 -0.00865006 -0.00611934 0.000189343 -0.000492764 -0.00941033 -0.00978766 0.00202089 8.4914e-05 0.000402907 -0.000240222
internal_weight=26794 9777 3111 2790 625 160 6666 1403 1083 565 518 320 264 2165 2028 5263 137 321 76 5219 56 245 65 5170 49 51 465 17017 8603 8414
internal_count=26794 9777 3111 2790 625 160 6666 1403 1083 565 518 320 264 2165 2028 5263 137 321 76 5219 56 245 65 5170 49 51 465 17017 8603 8414
is_linear=0
shrinkage=0.05


Tree=291
num_leaves=31
num_cat=0
split_feature=5 7 7 7 0 4 5 5 7 5 7 7 5 7 4 4 7 0 5 0 5 7 7 7 5 7 7 7 5 5
split_gain=0.161696 0.909307 1.35605 1.91615 1.13426 2.73162 1.91748 1.73721 1.24086 1.01759 1.67084 0.882102 0.739451 0.739219 0.6363 1.1574 0.588672 0.586878 0.454441 0.446983 2.28449 1.63674 1.11248 0.518069 0.462604 2.51301 1.00249 0.834462 0.801424 1.63055
threshold=29.500000000000004 0.56351968646049511 0.8918953835964204 1.0934725999832156 3.5000000000000004 2.5000000000000004 9.5000000000000018 14.500000000000002 -0.05096557363867759 12.500000000000002 -0.89628919959068287 -0.94505789875984181 20.500000000000004 0.16686782985925677 2.5000000000000004 4.5000000000000009 -0.55815973877906788 5.5000000000000009 24.500000000000004 6.5000000000000009 41.500000000000007 -0.41835623979568476 1.0154427289962771 0.16686782985925677 42.500000000000007 -2.0927473306655879 -1.4928926229476926 1.5779080390930178 41.500000000000007 40.500000000000007
decision_type=2 2 2 2 2 2 2 2 2 2 2 2 2 2 2 2 2 2 2 2 2 2 2 2 2 2 2 2 2 2
left_child=1 4 -3 -4 8 7 16 -6 9 10 -1 -9 -11 -10 -5 -16 -7 -8 -15 24 -21 -22 23 -23 25 28 -27 -28 29 -2
right_child=19 2 3 14 5 6 17 11 13 12 -12 -13 -14 18 15 -17 -18 -19 -20 20 21 22 -24 -25 -26 26 27 -29 -30 -31
leaf_value=0.0071255477788924647 -0.015779092588594983 -0.01094557927322707 0.013200320631620431 -0.0090625274373451244 -0.0031296636164188391 -0.00013396832149564512 -0.004598279786296189 0.014421490843425384 0.012471316021401436 -0.0051695031378826851 -0.005684621926629916 0.0063393485449161893 -0.00092801314736048145 0.0069259992236038667 0.0094046656867827899 -0.0024466522621496775 0.0086460061497720241 -0.013960467278957368 -0.0034877513651736082 -0.016472789976745845 -0.010653750807046891 0.0028341370706374829 -0.005646068080594497 0.012635693339897053 -7.6002189249882497e-05 0.0087395995804989673 0.00024170634708165262 0.001944185219723724 -0.017296229906025386 0.0031197854280471805
leaf_weight=70 21 42 21 32 35 42 70 53 24 196 40 93 216 20 22 324 35 22 22 25 25 26 21 28 19283 37 5064 839 21 25
leaf_count=70 21 42 21 32 35 42 70 53 24 196 40 93 216 20 22 324 35 22 22 25 25 26 21 28 19283 37 5064 839 21 25
internal_value=-9.55095e-13 -0.000527307 -0.00239982 -0.00150027 0.000353054 0.00260667 -0.00196465 0.00687492 -0.000988383 -0.00180511 0.0024673 0.00927328 -0.00294581 0.00547123 -0.00231697 -0.0016931 0.00385693 -0.00683706 0.00147118 2.86113e-05 -0.00295395 0.000425758 0.00411893 0.00791643 4.33531e-05 0.000426494 0.000535107 0.000483682 -0.00920279 -0.00550796
internal_weight=26794 1379 441 399 938 350 169 181 588 522 110 146 412 66 378 346 77 92 42 25415 125 100 75 54 25290 6007 5940 5903 67 46
internal_count=26794 1379 441 399 938 350 169 181 588 522 110 146 412 66 378 346 77 92 42 25415 125 100 75 54 25290 6007 5940 5903 67 46
is_linear=0
shrinkage=0.05


Tree=292
num_leaves=31
num_cat=0
split_feature=7 1 7 7 7 2 7 7 7 0 7 2 7 1 0 1 7 7 0 1 7 2 7 7 1 1 7 0 7 7
split_gain=0.117634 1.69068 1.54017 4.40122 3.73302 1.55144 1.63899 1.13405 1.03728 1.16595 0.949613 3.43832 2.43254 2.03297 1.3931 1.93519 1.73848 1.15152 3.27949 3.95272 3.42044 2.55807 5.49806 1.17991 1.00967 0.973301 0.766651 0.697112 2.37924 4.87066
threshold=0.80736306309700023 1.0000000180025095e-35 0.8918953835964204 0.87563917040824901 0.96342280507087719 1.5000000000000002 1.6234254837036135 1.6234254837036135 1.6494354605674746 1.0000000180025095e-35 0.58952966332435619 1.0000000180025095e-35 0.61228835582733165 1.0000000180025095e-35 1.5000000000000002 1.0000000180025095e-35 0.62204208970069896 0.41071118414402014 1.0000000180025095e-35 1.0000000180025095e-35 0.48874105513095861 1.0000000180025095e-35 0.46598234772682195 0.46598234772682195 1.0000000180025095e-35 1.0000000180025095e-35 0.60253462195396434 1.0000000180025095e-35 -0.19076909869909284 -0.19402033835649488
decision_type=2 2 2 2 2 2 2 2 2 2 2 2 2 2 2 2 2 2 2 2 2 2 2 2 2 2 2 2 2 2
left_child=10 8 3 -3 -4 6 -6 -7 -2 -10 17 25 13 -13 16 -16 -14 27 21 23 -21 24 -23 -20 -19 26 -12 -1 29 -29
right_child=1 2 4 -5 5 7 -8 -9 9 -11 11 12 14 -15 15 -17 -18 18 19 20 -22 22 -24 -25 -26 -27 -28 28 -30 -31
leaf_value=-0.00035521518539736476 -0.0015141552067422239 -0.0015231163444076766 -0.017374892177543157 0.022517522075213493 0.0044143385355473437 -0.0048065425017503674 -0.00088874450312524688 0.00090905411787898334 0.0017660332472408985 -0.0006676533643498651 0.006637577248168075 0.006087370269880113 -0.01221119250071102 0.022890863912180065 0.012909052176262016 -0.0044859985909646467 0.0025978773266119373 0.00019031834128610273 0.004179722573155434 -0.00088633604708217805 -0.012876835723943783 -0.0035992664502973257 0.012223334751792153 -0.0020780789783395558 -0.0067235021602254424 -0.0035028954464267959 -0.00013015361666225811 -0.00010196878747197516 0.0013176661835682918 -0.017378225683507217
leaf_weight=6405 1959 47 27 32 492 135 207 243 693 1698 45 45 21 30 67 21 352 225 90 93 165 94 132 462 69 221 597 8242 3844 41
leaf_count=6405 1959 47 27 32 492 135 207 243 693 1698 45 45 21 30 67 21 352 225 90 93 165 94 132 462 69 221 597 8242 3844 41
internal_value=1.51252e-11 -0.000205366 0.00147063 0.00821486 0.000988025 0.00144838 0.0028439 -0.00113223 -0.00066116 3.77188e-05 5.34449e-05 0.00131253 0.00445779 0.0128088 0.00309917 0.00875796 0.00176412 -3.52399e-05 -0.00145636 -0.00344568 -0.00855468 0.0016424 0.00564225 -0.00105779 -0.00143231 -0.000640962 0.00034422 6.67506e-05 0.000289616 -0.000187484
internal_weight=26794 5533 1183 79 1104 1077 699 378 4350 2391 21261 1399 536 75 461 88 373 19862 1330 810 258 520 226 552 294 863 642 18532 12127 8283
internal_count=26794 5533 1183 79 1104 1077 699 378 4350 2391 21261 1399 536 75 461 88 373 19862 1330 810 258 520 226 552 294 863 642 18532 12127 8283
is_linear=0
shrinkage=0.05


Tree=293
num_leaves=31
num_cat=0
split_feature=4 7 7 0 1 7 0 7 7 7 7 0 7 7 0 1 7 7 7 7 7 0 7 0 7 7 4 7 7 0
split_gain=0.130305 0.827856 6.04763 8.75466 8.24976 5.48056 4.63658 5.43187 7.3837 21.0296 7.40661 7.09232 2.60831 8.70132 2.08617 1.8241 1.43837 1.32184 2.1215 1.17706 1.11908 3.35612 1.7111 1.60088 1.2609 1.11158 0.706987 0.956696 1.43527 2.6126
threshold=1.0000000180025095e-35 -0.080226775258779512 0.040069280192255981 4.5000000000000009 1.0000000180025095e-35 0.46598234772682195 3.5000000000000004 -0.17451287060976026 -0.33057262003421778 -0.32081888616085047 -0.4216074794530868 1.0000000180025095e-35 0.10184292867779733 0.30992259085178381 1.0000000180025095e-35 1.0000000180025095e-35 -0.89628919959068287 -0.85727426409721363 -0.79875186085700978 -0.99057531356811512 -0.0607193075120449 4.5000000000000009 -0.044463083148002618 5.5000000000000009 -0.0086993912700563652 0.10184292867779733 1.5000000000000002 1.5779080390930178 -0.49963735044002527 3.5000000000000004
decision_type=2 2 2 2 2 2 2 2 2 2 2 2 2 2 2 2 2 2 2 2 2 2 2 2 2 2 2 2 2 2
left_child=1 6 20 12 25 -6 7 8 10 -10 -1 -9 14 -14 -4 -13 19 -18 -19 -8 21 -3 23 -22 -24 -5 27 28 29 -2
right_child=26 2 3 4 5 -7 16 11 9 -11 -12 15 13 -15 -16 -17 17 18 -20 -21 22 -23 24 -25 -26 -27 -28 -29 -30 -31
leaf_value=0.0021752074135894558 -0.0016163371698835222 -0.011456252398872466 -0.0046087294673690434 -0.0053626960822536303 0.026339043645566565 0.0074496969153794159 -8.3672907203435903e-05 -0.010730442889034748 -0.037309855468026024 -0.00012616368318563116 0.01638817148862266 0.008353931491610081 -0.011491834764177346 -0.00083149692571193076 0.0090641544485578745 0.017006725158605081 0.0060772683181158915 -0.0070100382362242517 -0.00036287950030149617 -0.015743184289229769 -0.024807714395225049 0.011858369236619308 0.00011366245623391409 -0.0093622261913968077 -0.0080108977724901494 0.0026721598429795762 1.8079498719391404e-05 -0.0091030277102254337 0.005728857769328799 0.0070050067425771164
leaf_weight=399 353 33 39 48 64 96 21 40 41 524 119 147 214 1814 98 104 77 123 4981 28 25 29 65 51 180 417 16342 20 185 117
leaf_count=399 353 33 39 48 64 96 21 40 41 524 119 147 214 1814 98 104 77 123 4981 28 25 29 65 51 180 417 16342 20 185 117
internal_value=-3.62128e-12 -0.000145469 -0.000809232 -4.62522e-07 0.0052124 0.0150054 0.000173447 0.00275822 0.00112861 -0.00282445 0.00544035 0.00882306 -0.00150533 -0.0019564 0.00517187 0.0119392 -0.000505613 -0.000424974 -0.000523068 -0.00903197 -0.00670079 -0.000551026 -0.0078886 -0.014443 -0.0058554 0.00184276 8.35783e-05 0.00166933 0.00199826 0.000529827
internal_weight=26794 9777 3173 2790 625 160 6604 1374 1083 565 518 291 2165 2028 137 251 5230 5181 5104 49 383 62 321 76 245 465 17017 675 655 470
internal_count=26794 9777 3173 2790 625 160 6604 1374 1083 565 518 291 2165 2028 137 251 5230 5181 5104 49 383 62 321 76 245 465 17017 675 655 470
is_linear=0
shrinkage=0.05


Tree=294
num_leaves=20
num_cat=0
split_feature=5 5 0 5 0 4 0 5 5 5 5 1 1 5 0 1 0 5 5
split_gain=0.164166 1.7681 1.15613 0.301066 0.486775 0.809854 0.458602 1.36002 0.59674 0.349125 0.326237 0.656005 0.480157 0.257453 0.183419 0.147632 0.138566 0.00985199 9.66824e-06
threshold=8.5000000000000018 9.5000000000000018 4.5000000000000009 20.500000000000004 3.5000000000000004 2.5000000000000004 6.5000000000000009 62.500000000000007 41.500000000000007 19.500000000000004 43.500000000000007 1.0000000180025095e-35 1.0000000180025095e-35 16.500000000000004 1.0000000180025095e-35 1.0000000180025095e-35 1.0000000180025095e-35 6.5000000000000009 7.5000000000000009
decision_type=2 2 2 2 2 2 2 2 2 2 2 2 2 2 2 2 2 2 2
left_child=2 -2 14 4 9 13 10 8 -8 16 11 -5 -12 -6 -1 17 -3 -4 -16
right_child=1 3 15 6 5 -7 7 -9 -10 -11 12 -13 -14 -15 18 -17 -18 -19 -20
leaf_value=-0.0014470567693933845 0.01014130954565697 4.7324593995035311e-05 0.0046320249454029619 0.00051541772653588571 0.0080366910435259349 -0.0043103503455807057 -0.0093530298986782626 0.0073879581910592535 -0.0021755312933037954 -0.0061884450645226501 -0.00026238717410487119 -0.00078704161011567916 0.00027400393740484649 0.0017244841220478216 -0.0056262956813294841 0.00077071153874775137 -0.0022195662298462064 0.006129931763786337 -0.005592851205728948
leaf_weight=38 43 97 21 6240 35 35 48 27 73 46 12224 1144 6334 30 47 28 221 23 40
leaf_count=38 43 97 21 6240 35 35 48 27 73 46 12224 1144 6334 30 47 28 221 23 40
internal_value=7.31171e-12 1.06515e-05 -0.00143806 -5.75352e-06 -0.0012682 0.00182156 1.66986e-05 -0.00275868 -0.0050228 -0.00211704 3.25322e-05 0.000313628 -7.93124e-05 0.00512336 -0.0043451 0.0036089 -0.00152809 0.00541502 -0.00561092
internal_weight=26794 26597 197 26554 464 100 26090 148 121 364 25942 7384 18558 65 125 72 318 44 87
internal_count=26794 26597 197 26554 464 100 26090 148 121 364 25942 7384 18558 65 125 72 318 44 87
is_linear=0
shrinkage=0.05


Tree=295
num_leaves=19
num_cat=0
split_feature=5 5 5 5 5 1 5 4 4 0 5 1 5 5 5 5 1 0
split_gain=0.161786 0.549929 0.345273 0.296334 0.157528 0.656094 1.55027 0.617184 0.862949 0.5961 0.383534 0.983411 1.36362 1.32702 0.425423 0.837516 0.772792 0.350331
threshold=96.500000000000014 94.500000000000014 99.500000000000014 103.50000000000001 30.500000000000004 1.0000000180025095e-35 9.5000000000000018 1.0000000180025095e-35 4.5000000000000009 4.5000000000000009 37.500000000000007 1.0000000180025095e-35 35.500000000000007 35.500000000000007 40.500000000000007 42.500000000000007 1.0000000180025095e-35 1.0000000180025095e-35
decision_type=2 2 2 2 2 2 2 2 2 2 2 2 2 2 2 2 2 2
left_child=1 4 -2 -4 5 7 17 9 -9 -1 11 13 -13 -6 16 -16 -12 -7
right_child=2 -3 3 -5 10 6 -8 8 -10 -11 14 12 -14 -15 15 -17 -18 -19
leaf_value=-0.0076830770075321207 -0.0068458509752181949 0.0077347324897899571 0.0034662474267955485 -0.0042292261898348275 0.00029076250761383792 -0.0062063928862864321 0.012678992914997281 0.00064978153009503025 -0.0019390003994155616 0.00038627910213796676 -0.00027454611588908253 0.00072449215621394952 -0.0065256925492740425 0.0031123263856684827 0.0011500542973136465 -6.5671918332152755e-05 -0.0029764348650591784 0.0019899490238458385
leaf_weight=60 27 23 29 22 1910 22 31 743 568 37 1353 156 111 533 1529 19279 329 32
leaf_count=60 27 23 29 22 1910 22 31 743 568 37 1353 156 111 533 1529 19279 329 32
internal_value=4.86126e-12 6.63871e-06 -0.00227384 0.000146631 -2.01903e-08 -0.000499042 0.0037669 -0.000756574 -0.000471827 -0.00460508 2.95449e-05 0.000591474 -0.00228963 0.000906355 -3.81665e-05 2.36613e-05 -0.000803037 -0.0013493
internal_weight=26794 26716 78 51 26693 1493 85 1408 1311 97 25200 2710 267 2443 22490 20808 1682 54
internal_count=26794 26716 78 51 26693 1493 85 1408 1311 97 25200 2710 267 2443 22490 20808 1682 54
is_linear=0
shrinkage=0.05


Tree=296
num_leaves=31
num_cat=0
split_feature=7 7 0 7 7 0 0 7 2 3 3 2 7 7 3 0 7 3 7 3 2 2 7 7 3 7 0 7 0 7
split_gain=0.110986 3.95974 2.57885 1.78554 1.35198 3.13514 2.84459 2.08478 1.51722 1.2922 1.77522 0.686003 3.30695 1.24021 0.61191 0.562757 3.36783 2.71493 2.13907 3.50589 2.08406 1.85048 1.60362 2.78517 5.61879 1.77385 1.49823 5.94476 1.79087 1.18343
threshold=-0.15825664997100827 -0.16475913673639295 4.5000000000000009 -0.14525166898965833 -0.16801038384437558 1.0000000180025095e-35 5.5000000000000009 -0.17126163095235822 1.5000000000000002 1.5000000000000002 1.0000000180025095e-35 1.0000000180025095e-35 -0.26229648292064661 -0.23303528130054471 1.5000000000000002 4.5000000000000009 0.040069280192255981 1.0000000180025095e-35 -0.12899544835090634 1.5000000000000002 1.5000000000000002 1.5000000000000002 0.10184292867779733 0.30992259085178381 1.5000000000000002 0.36194251477718359 1.0000000180025095e-35 -0.047714328393340104 1.5000000000000002 -0.13874918222427365
decision_type=2 2 2 2 2 2 2 2 2 2 2 2 2 2 2 2 2 2 2 2 2 2 2 2 2 2 2 2 2 2
left_child=1 4 14 9 7 -6 -7 11 -9 10 -2 12 -1 -13 -3 22 18 21 29 -20 -19 -18 26 24 -24 -25 27 -5 -28 -17
right_child=3 2 -4 15 5 6 -8 8 -10 -11 -12 13 -14 -15 -16 16 17 20 19 -21 -22 -23 23 25 -26 -27 28 -29 -30 -31
leaf_value=-0.00019985561165654245 0.0027418020897565167 0.0078745964992170524 -0.010534853361733891 -0.0083640872242407033 -0.010913771859680614 0.0097965848764371404 -0.0059621381573379045 -0.013584468726600921 0.00028456254213145288 -0.0022613363464039807 0.01385311161688829 1.3362374069377197e-05 -0.0063686619906018127 0.0017533061001847824 -0.0023233367071952673 -0.00068266366202479752 0.0034633074797176082 0.0045309929508508644 -0.0054884525401507961 0.0029460903704119309 -0.0009279074220568342 0.011977161065136133 -0.0058045833556004756 0.0051831440180956402 0.0091720908442059438 -0.0002887091650641286 0.0024311699867572622 0.0015924991763793493 -0.006614654033297771 0.006724935046862811
leaf_weight=3920 92 24 147 191 30 140 36 49 33 49 59 8216 230 1170 38 117 145 291 428 173 438 114 481 151 72 7741 1365 697 57 100
leaf_count=3920 92 24 147 191 30 140 36 49 33 49 59 8216 230 1170 38 117 145 291 428 173 438 114 481 151 72 7741 1365 697 57 100
internal_value=-8.13711e-12 -9.70405e-05 -0.00692785 0.000106713 6.23195e-06 0.00402656 0.00657321 -5.45837e-05 -0.00800303 0.00479387 0.00708331 -6.43269e-06 -0.000541741 0.000230253 0.00162425 3.20831e-05 0.000848787 0.00281343 -0.00152416 -0.00306054 0.00125116 0.00721072 -0.000105059 -0.000424376 -0.00385464 -0.000184015 0.00106231 -0.000549064 0.00206857 0.00273098
internal_weight=26794 14033 209 12761 13824 206 176 13618 82 200 151 13536 4150 9386 62 12561 1806 988 818 601 729 259 10755 8445 553 7892 2310 888 1422 217
internal_count=26794 14033 209 12761 13824 206 176 13618 82 200 151 13536 4150 9386 62 12561 1806 988 818 601 729 259 10755 8445 553 7892 2310 888 1422 217
is_linear=0
shrinkage=0.05


Tree=297
num_leaves=31
num_cat=0
split_feature=4 3 3 7 7 7 7 7 3 6 6 7 7 4 6 7 7 6 7 7 6 3 4 7 7 7 4 6 7 7
split_gain=0.130095 0.929587 0.967924 6.6283 4.66155 3.41542 1.72329 4.75374 4.03829 8.2174 3.90679 1.12316 0.915659 0.630876 3.32431 1.13022 1.81112 1.88258 0.837858 3.04385 3.21756 3.94157 2.93071 2.64785 2.38056 2.11524 2.06867 3.22428 1.47972 0.994642
threshold=1.0000000180025095e-35 2.5000000000000004 1.5000000000000002 -0.54515478014945973 -0.40535125136375422 -0.05096557363867759 1.5518980622291567 1.399089574813843 1.0000000180025095e-35 6.5000000000000009 6.5000000000000009 -0.054216818884015076 1.4543607831001284 1.5000000000000002 4.5000000000000009 -0.093231756240129457 -0.47687864303588862 6.5000000000000009 -0.080226775258779512 0.069330483675003066 10.500000000000002 1.0000000180025095e-35 5.5000000000000009 0.088837951421737685 1.7047066092491152 -0.26229648292064661 7.5000000000000009 8.5000000000000018 -0.20377407222986219 -0.34357759356498713
decision_type=2 2 2 2 2 2 2 2 2 2 2 2 2 2 2 2 2 2 2 2 2 2 2 2 2 2 2 2 2 2
left_child=1 2 6 -4 -5 -6 7 11 9 -8 -10 -1 -9 14 -2 16 17 -16 25 20 21 -20 24 -24 -21 29 27 -27 -28 -15
right_child=13 -3 3 4 5 -7 8 12 10 -11 -12 -13 -14 18 15 -17 -18 -19 19 22 -22 -23 23 -25 -26 26 28 -29 -30 -31
leaf_value=0.0001933209440707061 -0.00032622668325262873 0.0094838250353932382 -0.027454935356974602 0.018754695023276979 -0.013453869199601272 -0.0004161147117964681 -0.007056152255785081 -0.023174042800175293 0.01210352123106042 0.025836839627626604 -0.0012296649992374154 -0.0011199054617519347 -0.0098183272406458869 -0.00034657495303217541 0.011511342979075623 -0.0019336932649215062 0.021679158293857026 -0.0029422947755930098 -0.0048838551701094537 0.0045710520700427207 0.00021539492989553855 0.0058680606985419652 -0.012647299426184458 -0.00033798587527480756 -0.0048757286911660976 -0.011501571421491372 0.003262716507152567 -0.0011065223057586584 -0.002122573946627911 0.0011060245990531052
leaf_weight=6585 521 25 25 28 59 338 31 21 65 49 355 2163 33 5221 71 24 26 33 97 498 908 703 44 6168 77 139 159 161 645 1522
leaf_count=6585 521 25 25 28 59 338 31 21 65 49 355 2163 33 5221 71 24 26 33 97 498 908 703 44 6168 77 139 159 161 645 1522
internal_value=-6.29223e-13 -0.000145352 -0.000170037 -0.00243482 -0.000963044 -0.00235372 -6.04746e-05 -0.000222676 0.00279492 0.0130908 0.000833804 -0.000131383 -0.0150122 8.3511e-05 0.00158147 0.00803545 0.00987591 0.00692509 2.16382e-05 0.000365729 0.0022524 0.00456439 -0.000109065 -0.000425174 0.003306 -0.000350867 -0.00237967 -0.0059229 -0.00105757 -1.87006e-05
internal_weight=26794 9777 9752 450 425 397 9302 8802 500 80 420 8748 54 17017 675 154 130 104 16342 8495 1708 800 6787 6212 575 7847 1104 300 804 6743
internal_count=26794 9777 9752 450 425 397 9302 8802 500 80 420 8748 54 17017 675 154 130 104 16342 8495 1708 800 6787 6212 575 7847 1104 300 804 6743
is_linear=0
shrinkage=0.05


Tree=298
num_leaves=29
num_cat=0
split_feature=6 6 4 3 4 3 0 4 6 6 0 6 6 0 3 0 4 3 4 0 6 4 0 4 6 0 3 3
split_gain=0.12818 0.126093 1.27881 0.819248 0.662098 0.738807 0.593565 0.584615 0.798592 0.551424 0.517837 0.469384 0.291973 1.63116 4.7829 3.30759 2.29442 2.06596 1.88273 0.666773 1.4908 1.27238 0.303318 1.23506 0.494177 0.268483 0.253677 0.17765
threshold=18.500000000000004 10.500000000000002 5.5000000000000009 1.0000000180025095e-35 6.5000000000000009 1.0000000180025095e-35 6.5000000000000009 2.5000000000000004 13.500000000000002 12.500000000000002 5.5000000000000009 15.500000000000002 8.5000000000000018 3.5000000000000004 1.0000000180025095e-35 2.5000000000000004 4.5000000000000009 1.0000000180025095e-35 1.5000000000000002 6.5000000000000009 4.5000000000000009 8.5000000000000018 4.5000000000000009 11.500000000000002 7.5000000000000009 1.0000000180025095e-35 1.0000000180025095e-35 1.0000000180025095e-35
decision_type=2 2 2 2 2 2 2 2 2 2 2 2 2 2 2 2 2 2 2 2 2 2 2 2 2 2 2 2
left_child=1 12 3 7 25 -6 9 10 -9 -5 -3 -7 19 15 18 17 -16 -14 -15 22 -21 -22 23 -1 -24 27 -27 -4
right_child=-2 2 4 6 5 11 -8 8 -10 -11 -12 -13 13 14 16 -17 -18 -19 -20 20 21 -23 24 -25 -26 26 -28 -29
leaf_value=-0.00030073201475937217 0.0021216579463700174 0.0010646625122591904 -4.1093275269538996e-05 0.00073267403017229576 -0.0051381814723653304 0.0036855629031326931 -0.0086699890717864044 0.0022285791675103052 0.0083354892319954573 -0.0015435287997049966 -0.0052216126161511063 -0.0039625950815642018 -0.00047206226369337696 0.0053286001640568802 -0.0063520148003075837 0.013842515647411346 -0.00086434632060765132 0.0016795259504801198 -0.001070264118191387 0.0061262371059021227 -0.014446834887604457 0.0012062388245249168 0.00045770575957326245 0.0026304855663345011 -0.00067745684960851559 -0.003967353643930748 -0.0017285544522793765 -0.0016825258779824032
leaf_weight=10578 71 181 372 842 36 157 20 392 62 389 40 23 2145 278 396 48 367 2325 196 23 37 20 4951 372 1189 149 839 296
leaf_count=10578 71 181 372 842 36 157 20 392 62 389 40 23 2145 278 396 48 367 2325 196 23 37 20 4951 372 1189 149 839 296
internal_value=1.29019e-11 -5.63699e-06 -0.000272477 0.000632047 -0.00120309 0.00140055 -0.000125436 0.00203592 0.00306256 1.33865e-05 -7.31248e-05 0.0027083 3.85705e-05 0.000346782 -0.00126195 0.000787243 -0.00371247 0.000647052 0.00268266 -6.47351e-05 -0.00461881 -0.00895453 -4.34171e-05 -0.000201151 0.000237884 -0.0015427 -0.00206619 -0.000768435
internal_weight=26794 26723 3798 1926 1872 216 1251 675 454 1231 221 180 22925 5755 1237 4518 763 4470 474 17170 80 57 17090 10950 6140 1656 988 668
internal_count=26794 26723 3798 1926 1872 216 1251 675 454 1231 221 180 22925 5755 1237 4518 763 4470 474 17170 80 57 17090 10950 6140 1656 988 668
is_linear=0
shrinkage=0.05


Tree=299
num_leaves=31
num_cat=0
split_feature=4 7 7 0 1 7 0 7 7 7 7 0 7 7 0 1 7 7 7 0 7 7 0 7 0 4 7 7 0 7
split_gain=0.124534 0.690811 5.11055 7.27004 7.37194 4.95052 3.97903 4.53094 6.64763 18.9899 6.70644 6.00604 2.29438 7.45442 1.89957 1.68047 1.23194 1.185 1.93968 1.06487 1.0298 1.01163 3.03802 1.49401 1.76005 0.581417 0.85833 1.30269 2.2625 1.41744
threshold=1.0000000180025095e-35 -0.080226775258779512 0.040069280192255981 4.5000000000000009 1.0000000180025095e-35 0.46598234772682195 3.5000000000000004 -0.17451287060976026 -0.33057262003421778 -0.32081888616085047 -0.4216074794530868 1.0000000180025095e-35 0.10184292867779733 0.30992259085178381 1.0000000180025095e-35 1.0000000180025095e-35 -0.89628919959068287 -0.85727426409721363 -0.79875186085700978 5.5000000000000009 -0.99057531356811512 -0.0607193075120449 4.5000000000000009 -0.054216818884015076 3.5000000000000004 1.5000000000000002 1.5779080390930178 -0.49963735044002527 3.5000000000000004 -0.63293838500976551
decision_type=2 2 2 2 2 2 2 2 2 2 2 2 2 2 2 2 2 2 2 2 2 2 2 2 2 2 2 2 2 2
left_child=1 6 21 12 19 -6 7 8 10 -10 -1 -9 14 -14 -4 -13 20 -18 -19 -5 -8 22 -3 -23 -25 26 27 28 29 -2
right_child=25 2 3 4 5 -7 16 11 9 -11 -12 15 13 -15 -16 -17 17 18 -20 -21 -22 23 -24 24 -26 -27 -28 -29 -30 -31
leaf_value=0.0020394612417642707 -0.00070910824950725 -0.010692962950137868 -0.004446856524699774 0.0073413304864730251 0.024774257176613902 0.0068215543986298146 -9.08257927568186e-07 -0.0099111766321584582 -0.035465928421514796 -0.00013150270583502636 0.015563951853365333 0.00750906153575701 -0.010625294889171095 -0.00075828670236496951 0.0086001943340715103 0.015814209712418512 0.0057511469766545996 -0.0067009613290807714 -0.00034503272248394788 0.00056967628384900449 -0.014648174228412764 -0.017204302395967878 0.0114892749918689 -0.0016622038185596468 -0.0095591864397714821 2.230836400963836e-05 -0.0086837878311052923 0.0053854412091046419 0.0064580760689245328 -0.013295648604010543
leaf_weight=399 329 33 39 68 64 96 21 40 41 524 119 147 214 1814 98 104 77 123 4981 397 28 34 29 125 162 16342 20 185 117 24
leaf_count=399 329 33 39 68 64 96 21 40 41 524 119 147 214 1814 98 104 77 123 4981 397 28 34 29 125 162 16342 20 185 117 24
internal_value=-1.99777e-12 -0.000142211 -0.00074855 -5.07523e-06 0.00474527 0.0140026 0.000149114 0.0025436 0.00105526 -0.00269559 0.00514644 0.00808269 -0.00137642 -0.00179948 0.00488607 0.0109502 -0.000479953 -0.000405325 -0.000498203 0.00155994 -0.00837077 -0.00616446 -0.0003174 -0.0072938 -0.00611973 8.17063e-05 0.00151975 0.00183131 0.000432346 -0.00156485
internal_weight=26794 9777 3173 2790 625 160 6604 1374 1083 565 518 291 2165 2028 137 251 5230 5181 5104 465 49 383 62 321 287 17017 675 655 470 353
internal_count=26794 9777 3173 2790 625 160 6604 1374 1083 565 518 291 2165 2028 137 251 5230 5181 5104 465 49 383 62 321 287 17017 675 655 470 353
is_linear=0
shrinkage=0.05


end of trees

feature_importances:
Column_7=2515
Column_4=1704
Column_0=1397
Column_5=997
Column_6=917
Column_2=580
Column_3=340
Column_1=174

parameters:
[boosting: gbdt]
[objective: regression]
[metric: l2]
[tree_learner: serial]
[device_type: cpu]
[data_sample_strategy: bagging]
[data: ]
[valid: ]
[num_iterations: 300]
[learning_rate: 0.05]
[num_leaves: 31]
[num_threads: 2]
[seed: 42]
[deterministic: 0]
[force_col_wise: 0]
[force_row_wise: 0]
[histogram_pool_size: -1]
[max_depth: 6]
[min_data_in_leaf: 20]
[min_sum_hessian_in_leaf: 0.001]
[bagging_fraction: 0.8]
[pos_bagging_fraction: 1]
[neg_bagging_fraction: 1]
[bagging_freq: 0]
[bagging_seed: 400]
[bagging_by_query: 0]
[feature_fraction: 0.5]
[feature_fraction_bynode: 1]
[feature_fraction_seed: 30056]
[extra_trees: 0]
[extra_seed: 12879]
[early_stopping_round: 0]
[early_stopping_min_delta: 0]
[first_metric_only: 0]
[max_delta_step: 0]
[lambda_l1: 0]
[lambda_l2: 0]
[linear_lambda: 0]
[min_gain_to_split: 0]
[drop_rate: 0.1]
[max_drop: 50]
[skip_drop: 0.5]
[xgboost_dart_mode: 0]
[uniform_drop: 0]
[drop_seed: 17869]
[top_rate: 0.2]
[other_rate: 0.1]
[min_data_per_group: 100]
[max_cat_threshold: 32]
[cat_l2: 10]
[cat_smooth: 10]
[max_cat_to_onehot: 4]
[top_k: 20]
[monotone_constraints: ]
[monotone_constraints_method: basic]
[monotone_penalty: 0]
[feature_contri: ]
[forcedsplits_filename: ]
[refit_decay_rate: 0.9]
[cegb_tradeoff: 1]
[cegb_penalty_split: 0]
[cegb_penalty_feature_lazy: ]
[cegb_penalty_feature_coupled: ]
[path_smooth: 0]
[interaction_constraints: ]
[verbosity: -1]
[saved_feature_importance_type: 0]
[use_quantized_grad: 0]
[num_grad_quant_bins: 4]
[quant_train_renew_leaf: 0]
[stochastic_rounding: 1]
[linear_tree: 0]
[max_bin: 255]
[max_bin_by_feature: ]
[min_data_in_bin: 3]
[bin_construct_sample_cnt: 200000]
[data_random_seed: 175]
[is_enable_sparse: 1]
[enable_bundle: 1]
[use_missing: 1]
[zero_as_missing: 0]
[feature_pre_filter: 1]
[pre_partition: 0]
[two_round: 0]
[header: 0]
[label_column: ]
[weight_column: ]
[group_column: ]
[ignore_column: ]
[categorical_feature: ]
[forcedbins_filename: ]
[precise_float_parser: 0]
[parser_config_file: ]
[objective_seed: 16083]
[num_class: 1]
[is_unbalance: 0]
[scale_pos_weight: 1]
[sigmoid: 1]
[boost_from_average: 1]
[reg_sqrt: 0]
[alpha: 0.9]
[fair_c: 1]
[poisson_max_delta_step: 0.7]
[tweedie_variance_power: 1.5]
[lambdarank_truncation_level: 30]
[lambdarank_norm: 1]
[label_gain: ]
[lambdarank_position_bias_regularization: 0]
[eval_at: ]
[multi_error_top_k: 1]
[auc_mu_weights: ]
[num_machines: 1]
[local_listen_port: 12400]
[time_out: 120]
[machine_list_filename: ]
[machines: ]
[gpu_platform_id: -1]
[gpu_device_id: -1]
[gpu_use_dp: 0]
[num_gpu: 1]

end of parameters

pandas_categorical:null
